{"textures":{"0":"gameitems/customblocks/tradingmachine/tradingmachine"},"elements":[{"from":[-0.00099,-0.62402,-0.00012],"to":[15.99901,7.37598,15.99988],"faces":{"north":{"uv":[1.6,1.6,3.2,2.4],"texture":"#0"},"east":{"uv":[0,1.6,1.6,2.4],"texture":"#0"},"south":{"uv":[4.8,1.6,6.4,2.4],"texture":"#0"},"west":{"uv":[3.2,1.6,4.8,2.4],"texture":"#0"},"up":{"uv":[3.2,1.6,1.6,0],"texture":"#0"},"down":{"uv":[4.8,0,3.2,1.6],"texture":"#0"}}},{"from":[-0.00077,5.37535,-7.99957],"to":[15.99923,15.37535,0.00043],"faces":{"north":{"uv":[7.2,0.8,8.8,1.8],"texture":"#0"},"east":{"uv":[6.4,0.8,7.2,1.8],"texture":"#0"},"south":{"uv":[9.6,0.8,11.2,1.8],"texture":"#0"},"west":{"uv":[8.8,0.8,9.6,1.8],"texture":"#0"},"up":{"uv":[8.8,0.8,7.2,0],"texture":"#0"},"down":{"uv":[10.4,0,8.8,0.8],"texture":"#0"}}},{"from":[0.00074,5.37481,15.99943],"to":[16.00074,15.37481,23.99943],"faces":{"north":{"uv":[12,0.8,13.6,1.8],"texture":"#0"},"east":{"uv":[11.2,0.8,12,1.8],"texture":"#0"},"south":{"uv":[14.4,0.8,16,1.8],"texture":"#0"},"west":{"uv":[13.6,0.8,14.4,1.8],"texture":"#0"},"up":{"uv":[13.6,0.8,12,0],"texture":"#0"},"down":{"uv":[15.2,0,13.6,0.8],"texture":"#0"}}},{"from":[3.99923,27.3743,15.99934],"to":[11.99923,31.3743,23.99934],"faces":{"north":{"uv":[0.8,3.2,1.6,3.6],"texture":"#0"},"east":{"uv":[0,3.2,0.8,3.6],"texture":"#0"},"south":{"uv":[2.4,3.2,3.2,3.6],"texture":"#0"},"west":{"uv":[1.6,3.2,2.4,3.6],"texture":"#0"},"up":{"uv":[1.6,3.2,0.8,2.4],"texture":"#0"},"down":{"uv":[2.4,2.4,1.6,3.2],"texture":"#0"}}},{"from":[3.99955,27.37599,-7.99963],"to":[11.99955,31.37599,0.00037],"faces":{"north":{"uv":[4,3.2,4.8,3.6],"texture":"#0"},"east":{"uv":[3.2,3.2,4,3.6],"texture":"#0"},"south":{"uv":[5.6,3.2,6.4,3.6],"texture":"#0"},"west":{"uv":[4.8,3.2,5.6,3.6],"texture":"#0"},"up":{"uv":[4.8,3.2,4,2.4],"texture":"#0"},"down":{"uv":[5.6,2.4,4.8,3.2],"texture":"#0"}}},{"from":[-0.00079,20.37435,2.00004],"to":[15.99921,29.37435,14.00004],"faces":{"north":{"uv":[7.6,3.6,9.2,4.5],"texture":"#0"},"east":{"uv":[6.4,3.6,7.6,4.5],"texture":"#0"},"south":{"uv":[10.4,3.6,12,4.5],"texture":"#0"},"west":{"uv":[9.2,3.6,10.4,4.5],"texture":"#0"},"up":{"uv":[9.2,3.6,7.6,2.4],"texture":"#0"},"down":{"uv":[10.8,2.4,9.2,3.6],"texture":"#0"}}},{"from":[4.00035,15.37422,4.00011],"to":[12.00035,20.37422,12.00011],"faces":{"north":{"uv":[0.8,5.3,1.6,5.8],"texture":"#0"},"east":{"uv":[0,5.3,0.8,5.8],"texture":"#0"},"south":{"uv":[2.4,5.3,3.2,5.8],"texture":"#0"},"west":{"uv":[1.6,5.3,2.4,5.8],"texture":"#0"},"up":{"uv":[1.6,5.3,0.8,4.5],"texture":"#0"},"down":{"uv":[2.4,4.5,1.6,5.3],"texture":"#0"}}},{"from":[2.00046,7.37598,-0.00051],"to":[14.00046,15.37598,15.99949],"faces":{"north":{"uv":[4.8,6.1,6,6.9],"texture":"#0"},"east":{"uv":[3.2,6.1,4.8,6.9],"texture":"#0"},"south":{"uv":[7.6,6.1,8.8,6.9],"texture":"#0"},"west":{"uv":[6,6.1,7.6,6.9],"texture":"#0"},"up":{"uv":[6,6.1,4.8,4.5],"texture":"#0"},"down":{"uv":[7.2,4.5,6,6.1],"texture":"#0"}}},{"from":[0.00086,-0.62528,16.00049],"to":[16.00086,1.37472,24.00049],"faces":{"north":{"uv":[9.6,5.3,11.2,5.5],"texture":"#0"},"east":{"uv":[8.8,5.3,9.6,5.5],"texture":"#0"},"south":{"uv":[12,5.3,13.6,5.5],"texture":"#0"},"west":{"uv":[11.2,5.3,12,5.5],"texture":"#0"},"up":{"uv":[11.2,5.3,9.6,4.5],"texture":"#0"},"down":{"uv":[12.8,4.5,11.2,5.3],"texture":"#0"}}},{"from":[0.00035,-0.62565,-7.99992],"to":[16.00035,1.37435,0.00008],"faces":{"north":{"uv":[0.8,7.7,2.4,7.9],"texture":"#0"},"east":{"uv":[0,7.7,0.8,7.9],"texture":"#0"},"south":{"uv":[3.2,7.7,4.8,7.9],"texture":"#0"},"west":{"uv":[2.4,7.7,3.2,7.9],"texture":"#0"},"up":{"uv":[2.4,7.7,0.8,6.9],"texture":"#0"},"down":{"uv":[4,6.9,2.4,7.7],"texture":"#0"}}},{"from":[3.99938,15.37444,16.00093],"to":[11.99938,17.37444,24.00093],"faces":{"north":{"uv":[5.6,7.7,6.4,7.9],"texture":"#0"},"east":{"uv":[4.8,7.7,5.6,7.9],"texture":"#0"},"south":{"uv":[7.2,7.7,8,7.9],"texture":"#0"},"west":{"uv":[6.4,7.7,7.2,7.9],"texture":"#0"},"up":{"uv":[6.4,7.7,5.6,6.9],"texture":"#0"},"down":{"uv":[7.2,6.9,6.4,7.7],"texture":"#0"}}},{"from":[4.00068,15.37585,-8.00093],"to":[12.00068,17.37585,-0.00093],"faces":{"north":{"uv":[8.8,7.7,9.6,7.9],"texture":"#0"},"east":{"uv":[8,7.7,8.8,7.9],"texture":"#0"},"south":{"uv":[10.4,7.7,11.2,7.9],"texture":"#0"},"west":{"uv":[9.6,7.7,10.4,7.9],"texture":"#0"},"up":{"uv":[9.6,7.7,8.8,6.9],"texture":"#0"},"down":{"uv":[10.4,6.9,9.6,7.7],"texture":"#0"}}},{"from":[5.99967,17.3746,17.99956],"to":[9.99967,18.3746,21.99956],"faces":{"north":{"uv":[0.4,8.3,0.8,8.4],"texture":"#0"},"east":{"uv":[0,8.3,0.4,8.4],"texture":"#0"},"south":{"uv":[1.2,8.3,1.6,8.4],"texture":"#0"},"west":{"uv":[0.8,8.3,1.2,8.4],"texture":"#0"},"up":{"uv":[0.8,8.3,0.4,7.9],"texture":"#0"},"down":{"uv":[1.2,7.9,0.8,8.3],"texture":"#0"}}},{"from":[6.00001,17.37416,-6.00085],"to":[10.00001,18.37416,-2.00085],"faces":{"north":{"uv":[2,8.3,2.4,8.4],"texture":"#0"},"east":{"uv":[1.6,8.3,2,8.4],"texture":"#0"},"south":{"uv":[2.8,8.3,3.2,8.4],"texture":"#0"},"west":{"uv":[2.4,8.3,2.8,8.4],"texture":"#0"},"up":{"uv":[2.4,8.3,2,7.9],"texture":"#0"},"down":{"uv":[2.8,7.9,2.4,8.3],"texture":"#0"}}},{"from":[5.99911,26.37465,-5.99958],"to":[9.99911,27.37465,-1.99958],"faces":{"north":{"uv":[3.6,8.3,4,8.4],"texture":"#0"},"east":{"uv":[3.2,8.3,3.6,8.4],"texture":"#0"},"south":{"uv":[4.4,8.3,4.8,8.4],"texture":"#0"},"west":{"uv":[4,8.3,4.4,8.4],"texture":"#0"},"up":{"uv":[4,8.3,3.6,7.9],"texture":"#0"},"down":{"uv":[4.4,7.9,4,8.3],"texture":"#0"}}},{"from":[6.00059,26.37572,18.00045],"to":[10.00059,27.37572,22.00045],"faces":{"north":{"uv":[0.4,8.8,0.8,8.9],"texture":"#0"},"east":{"uv":[0,8.8,0.4,8.9],"texture":"#0"},"south":{"uv":[1.2,8.8,1.6,8.9],"texture":"#0"},"west":{"uv":[0.8,8.8,1.2,8.9],"texture":"#0"},"up":{"uv":[0.8,8.8,0.4,8.4],"texture":"#0"},"down":{"uv":[1.2,8.4,0.8,8.8],"texture":"#0"}}},{"from":[6.00035,27.37593,-0.00088],"to":[10.00035,31.37593,15.99912],"faces":{"north":{"uv":[3.2,10,3.6,10.4],"texture":"#0"},"east":{"uv":[1.6,10,3.2,10.4],"texture":"#0"},"south":{"uv":[5.2,10,5.6,10.4],"texture":"#0"},"west":{"uv":[3.6,10,5.2,10.4],"texture":"#0"},"up":{"uv":[3.6,10,3.2,8.4],"texture":"#0"},"down":{"uv":[4,8.4,3.6,10],"texture":"#0"}}}],"display":{"thirdperson_righthand":{"rotation":[0,90,0],"scale":[0.2,0.2,0.2]},"thirdperson_lefthand":{"rotation":[0,-90,0],"scale":[0.2,0.2,0.2]},"firstperson_righthand":{"rotation":[0,-136,0],"scale":[0.3,0.3,0.3]},"firstperson_lefthand":{"rotation":[0,36,0],"scale":[0.3,0.3,0.3]},"ground":{"scale":[0.45,0.45,0.45]},"gui":{"rotation":[23,-121,0],"translation":[0,-2.086,0],"scale":[0.3,0.3,0.3]},"head":{"rotation":[0,90,-30],"translation":[0,-25.72,-18.08],"scale":[4,4,4]},"fixed":{"rotation":[0,91,0],"translation":[0,-4.173,0],"scale":[0.5,0.5,0.5]}}}