{"credit":"Made with Blockbench","textures":{"texture":"item/diamond_block","wood":"item/spruce_log"},"elements":[{"name":"Cube1","from":[8,1.875,7.125],"to":[9,7.875,7.875],"faces":{"north":{"uv":[0,0,3.5,16],"texture":"#wood"},"east":{"uv":[5.5,0,9,16],"texture":"#wood"},"south":{"uv":[8,0,11.5,16],"texture":"#wood"},"west":{"uv":[11.5,0,15,16],"texture":"#wood"}}},{"name":"Cube2","from":[5.875,7.75,6],"to":[11.25,8.25,9],"faces":{"north":{"uv":[4.75,7.75,10.125,8.25],"texture":"#texture"},"east":{"uv":[7,7.75,10,8.25],"texture":"#texture"},"south":{"uv":[5.875,7.75,11.25,8.25],"texture":"#texture"},"west":{"uv":[6,7.75,9,8.25],"texture":"#texture"},"up":{"uv":[5.875,6,11.25,9],"texture":"#texture"},"down":{"uv":[3.5,6,14,13],"texture":"#texture"}}},{"name":"Cube2","from":[5.875,8,5.75],"to":[11.25,10.625,9.25],"faces":{"north":{"uv":[1,1,11.5,8],"texture":"#texture"},"south":{"uv":[1,1,11.5,8],"texture":"#texture"}}},{"name":"Cube2","from":[5.875,10.375,6],"to":[11.25,10.875,9],"faces":{"north":{"uv":[4.5,8,10.5,8.5],"texture":"#texture"},"east":{"uv":[7,8,10,8.5],"texture":"#texture"},"south":{"uv":[5.5,8,11.5,8.5],"texture":"#texture"},"west":{"uv":[6,8,9,8.5],"texture":"#texture"},"up":{"uv":[3.5,6,14,13],"texture":"#texture"},"down":{"uv":[5.5,7,11.5,10],"texture":"#texture"}}},{"name":"Cube6","from":[7.75,1.75,6.875],"to":[9.25,2.25,8.125],"faces":{"north":{"uv":[6.75,13.75,8.25,14.25],"texture":"#texture"},"east":{"uv":[7.875,13.75,9.125,14.25],"texture":"#texture"},"south":{"uv":[7.75,13.75,9.25,14.25],"texture":"#texture"},"west":{"uv":[6.875,13.75,8.125,14.25],"texture":"#texture"},"up":{"uv":[7.75,6.875,9.25,8.125],"texture":"#texture"},"down":{"uv":[7.75,7.875,9.25,9.125],"texture":"#texture"}}},{"name":"Cube7","from":[5.875,7.75,6],"to":[11.25,8.125,6.25],"rotation":{"angle":-45,"axis":"x","origin":[5.875,7.75,6]},"faces":{"north":{"uv":[9.625,8.75,10.625,9.125],"texture":"#texture"},"east":{"uv":[10.375,8.75,10.625,9.125],"texture":"#texture"},"south":{"uv":[5.375,8.75,6.375,9.125],"texture":"#texture"},"west":{"uv":[5.375,8.75,5.625,9.125],"texture":"#texture"},"up":{"uv":[5.375,5.375,6.375,5.625],"texture":"#texture"},"down":{"uv":[5.375,10.375,6.375,10.625],"texture":"#texture"}}},{"name":"Cube7","from":[5.875,7.625,9],"to":[11.25,8,9.25],"rotation":{"angle":45,"axis":"x","origin":[5.875,8,9.25]},"faces":{"north":{"uv":[6.375,9.125,5.375,8.75],"texture":"#texture"},"east":{"uv":[10.375,8.75,10.625,9.125],"rotation":180,"texture":"#texture"},"south":{"uv":[10.625,9.125,9.625,8.75],"texture":"#texture"},"west":{"uv":[5.375,8.75,5.625,9.125],"rotation":180,"texture":"#texture"},"up":{"uv":[5.375,10.375,6.375,10.625],"texture":"#texture"},"down":{"uv":[5.375,5.375,6.375,5.625],"texture":"#texture"}}},{"name":"Cube7","from":[5.875,10.625,5.75],"to":[11.25,11,6],"rotation":{"angle":45,"axis":"x","origin":[5.875,10.625,5.75]},"faces":{"north":{"uv":[9.625,8.75,10.625,9.125],"texture":"#texture"},"east":{"uv":[10.375,8.75,10.625,9.125],"texture":"#texture"},"south":{"uv":[5.375,8.75,6.375,9.125],"texture":"#texture"},"west":{"uv":[5.375,8.75,5.625,9.125],"texture":"#texture"},"up":{"uv":[5.375,5.375,6.375,5.625],"texture":"#texture"},"down":{"uv":[5.375,10.375,6.375,10.625],"texture":"#texture"}}},{"name":"Cube7","from":[5.875,10.625,9],"to":[11.25,10.875,9.375],"rotation":{"angle":45,"axis":"x","origin":[5.875,10.875,9]},"faces":{"north":{"uv":[6.375,10.625,5.375,10.375],"texture":"#texture"},"east":{"uv":[10.375,8.75,10.625,9.125],"rotation":270,"texture":"#texture"},"south":{"uv":[5.375,5.375,6.375,5.625],"texture":"#texture"},"west":{"uv":[5.375,8.75,5.625,9.125],"rotation":90,"texture":"#texture"},"up":{"uv":[10.625,9.125,9.625,8.75],"texture":"#texture"},"down":{"uv":[5.375,8.75,6.375,9.125],"texture":"#texture"}}},{"name":"Cube7","from":[5.625,10.625,6],"to":[5.875,11,9],"rotation":{"angle":-45,"axis":"z","origin":[5.625,10.625,6]},"faces":{"north":{"uv":[9.625,8.75,10.625,9.125],"texture":"#texture"},"east":{"uv":[10.375,8.75,10.625,9.125],"texture":"#texture"},"south":{"uv":[5.375,8.75,6.375,9.125],"texture":"#texture"},"west":{"uv":[5.375,8.75,5.625,9.125],"texture":"#texture"},"up":{"uv":[5.375,5.375,6.375,5.625],"texture":"#texture"},"down":{"uv":[5.375,10.375,6.375,10.625],"texture":"#texture"}}},{"name":"Cube7","from":[10.965,10.45,6],"to":[11.34,10.7,9],"rotation":{"angle":-45,"axis":"z","origin":[11.34,10.45,6]},"faces":{"north":{"uv":[9.625,8.75,10.625,9.125],"rotation":90,"texture":"#texture"},"east":{"uv":[6.375,10.625,5.375,10.375],"rotation":90,"texture":"#texture"},"south":{"uv":[5.375,8.75,6.375,9.125],"rotation":270,"texture":"#texture"},"west":{"uv":[5.375,5.375,6.375,5.625],"rotation":270,"texture":"#texture"},"up":{"uv":[10.375,8.75,10.625,9.125],"rotation":270,"texture":"#texture"},"down":{"uv":[5.625,9.125,5.375,8.75],"rotation":90,"texture":"#texture"}}},{"name":"Cube7","from":[11.25,7.625,6],"to":[11.5,8,9],"rotation":{"angle":-45,"axis":"z","origin":[11.5,8,6]},"faces":{"north":{"uv":[10.625,9.125,9.625,8.75],"texture":"#texture"},"east":{"uv":[5.375,8.75,5.625,9.125],"rotation":180,"texture":"#texture"},"south":{"uv":[6.375,9.125,5.375,8.75],"texture":"#texture"},"west":{"uv":[10.375,8.75,10.625,9.125],"rotation":180,"texture":"#texture"},"up":{"uv":[5.375,10.375,6.375,10.625],"rotation":180,"texture":"#texture"},"down":{"uv":[5.375,5.375,6.375,5.625],"rotation":180,"texture":"#texture"}}},{"name":"Cube7","from":[5.875,7.75,6],"to":[6.125,8.125,9],"rotation":{"angle":45,"axis":"z","origin":[5.875,7.75,6]},"faces":{"north":{"uv":[9.625,8.75,10.625,9.125],"texture":"#texture"},"east":{"uv":[10.375,8.75,10.625,9.125],"texture":"#texture"},"south":{"uv":[5.375,8.75,6.375,9.125],"texture":"#texture"},"west":{"uv":[5.375,8.75,5.625,9.125],"texture":"#texture"},"up":{"uv":[5.375,5.375,6.375,5.625],"texture":"#texture"},"down":{"uv":[5.375,10.375,6.375,10.625],"texture":"#texture"}}},{"name":"Cube2","from":[5.625,8,6],"to":[11.5,10.625,9],"faces":{"east":{"uv":[1,1,11.5,8],"texture":"#texture"},"west":{"uv":[1,1,11.5,8],"texture":"#texture"}}},{"name":"Cube1","from":[8,10.75,7.125],"to":[9,11.125,7.875],"faces":{"north":{"uv":[4.5,6.5,8,9],"texture":"#wood"},"east":{"uv":[4.5,3.5,8,6],"texture":"#wood"},"south":{"uv":[4.5,6.5,8,9],"texture":"#wood"},"west":{"uv":[3,10.5,6.5,13],"texture":"#wood"},"up":{"uv":[0,0,4.5,3.5],"texture":"#wood"},"down":{"uv":[8.125,8.125,9.125,8.875],"texture":"#wood"}}},{"name":"Cube6","from":[7.5,7.5,6.875],"to":[9.5,8.25,8.125],"faces":{"north":{"uv":[6.5,13.5,8.5,14.25],"texture":"#texture"},"east":{"uv":[7.875,13.5,9.125,14.25],"texture":"#texture"},"south":{"uv":[7.5,13.5,9.5,14.25],"texture":"#texture"},"west":{"uv":[6.875,13.5,8.125,14.25],"texture":"#texture"},"up":{"uv":[7.5,6.875,9.5,8.125],"texture":"#texture"},"down":{"uv":[7.5,7.875,9.5,9.125],"texture":"#texture"}}},{"name":"Cube19","from":[5.625,8,6],"to":[6,10.625,6.25],"rotation":{"angle":45,"axis":"y","origin":[5.625,8,6]},"faces":{"north":{"uv":[10.125,5.375,10.375,8],"texture":"#texture"},"east":{"uv":[10,5.375,10.25,8],"texture":"#texture"},"south":{"uv":[5.625,5.375,5.875,8],"texture":"#texture"},"west":{"uv":[5.75,5.375,6,8],"texture":"#texture"},"up":{"uv":[5.625,5.75,5.875,6],"texture":"#texture"},"down":{"uv":[5.625,10,5.875,10.25],"texture":"#texture"}}},{"name":"Cube19","from":[11.125,8,8.75],"to":[11.5,10.625,9],"rotation":{"angle":45,"axis":"y","origin":[11.5,8,9]},"faces":{"north":{"uv":[5.625,5.375,5.875,8],"texture":"#texture"},"east":{"uv":[5.75,5.375,6,8],"texture":"#texture"},"south":{"uv":[10.125,5.375,10.375,8],"texture":"#texture"},"west":{"uv":[10,5.375,10.25,8],"texture":"#texture"},"up":{"uv":[5.625,5.75,5.875,6],"rotation":180,"texture":"#texture"},"down":{"uv":[5.625,10,5.875,10.25],"rotation":180,"texture":"#texture"}}},{"name":"Cube19","from":[11.25,8,5.75],"to":[11.625,10.625,6.001],"rotation":{"angle":-45,"axis":"y","origin":[11.25,8,5.75]},"faces":{"north":{"uv":[10.125,5.375,10.375,8],"texture":"#texture"},"east":{"uv":[10,5.375,10.25,8],"texture":"#texture"},"south":{"uv":[5.625,5.375,5.875,8],"texture":"#texture"},"west":{"uv":[5.75,5.375,6,8],"texture":"#texture"},"up":{"uv":[5.625,5.75,5.875,6],"texture":"#texture"},"down":{"uv":[5.625,10,5.875,10.25],"texture":"#texture"}}},{"name":"Cube19","from":[5.875,8,8.875],"to":[6.126,10.625,9.25],"rotation":{"angle":45,"axis":"y","origin":[5.875,8,9.25]},"faces":{"north":{"uv":[10,5.375,10.25,8],"texture":"#texture"},"east":{"uv":[5.625,5.375,5.875,8],"texture":"#texture"},"south":{"uv":[5.75,5.375,6,8],"texture":"#texture"},"west":{"uv":[10.125,5.375,10.375,8],"texture":"#texture"},"up":{"uv":[5.625,5.75,5.875,6],"rotation":270,"texture":"#texture"},"down":{"uv":[5.625,10,5.875,10.25],"rotation":90,"texture":"#texture"}}}],"gui_light":"front","display":{"thirdperson_righthand":{"rotation":[0,90,0],"translation":[0.75,2.5,0.75]},"thirdperson_lefthand":{"rotation":[0,97,-4],"translation":[0,2.7826,0.6956]},"firstperson_righthand":{"rotation":[-18,-89,20],"translation":[-0.695,4.8695,0.0006]},"firstperson_lefthand":{"rotation":[-18,-89,20],"translation":[-0.695,4.8695,0.0006]},"gui":{"rotation":[0,0,-45],"translation":[0.5,1.75,0],"scale":[1.7,1.7,1.7]}}}