{"credit":"Made with Blockbench","texture_size":[64,64],"textures":{"main":"pokemon/aegislash"},"elements":[{"from":[6.05,3.1,7.025],"to":[9.95,15.8,8.325],"rotation":{"angle":0,"axis":"y","origin":[-2.4,3.1,-0.775]},"faces":{"north":{"uv":[9.5,8.5,10.5,11.625],"texture":"#main"},"east":{"uv":[5.75,11.75,6.125,14.875],"texture":"#main"},"south":{"uv":[10.5,8.5,11.5,11.625],"texture":"#main"},"west":{"uv":[1,12.75,1.375,15.875],"texture":"#main"},"up":{"uv":[12.75,13.125,11.75,12.75],"texture":"#main"},"down":{"uv":[13.75,11.75,12.75,12.125],"texture":"#main"}}},{"from":[5.05,-0.9,7.675],"to":[10.95,15.8,7.675],"rotation":{"angle":0,"axis":"y","origin":[-2.4,3.1,-0.775]},"faces":{"north":{"uv":[6.5,8.5,8,12.625],"texture":"#main"},"east":{"uv":[0,0,0,4.125],"texture":"#main"},"south":{"uv":[8,8.5,9.5,12.625],"texture":"#main"},"west":{"uv":[0,0,0,4.125],"texture":"#main"},"up":{"uv":[1.5,0,0,0],"texture":"#main"},"down":{"uv":[1.5,0,0,0],"texture":"#main"}}},{"from":[5.465,1.2475,7.155],"to":[8.2275,4.01,8.195],"rotation":{"angle":-45,"axis":"z","origin":[8,1.475,7.675]},"faces":{"north":{"uv":[12.5,11,13.25,11.75],"texture":"#main"},"east":{"uv":[6.25,11.75,6.5,12.5],"texture":"#main"},"south":{"uv":[5,12.75,5.75,13.5],"texture":"#main"},"west":{"uv":[13.5,4.5,13.75,5.25],"texture":"#main"},"up":{"uv":[14,11.75,13.25,11.5],"texture":"#main"},"down":{"uv":[5.75,13.5,5,13.75],"texture":"#main"}}},{"from":[5.25,15.425,6.4075],"to":[10.75,19.275,8.8625],"rotation":{"angle":0,"axis":"y","origin":[-2.4,6.6,-0.7425]},"faces":{"north":{"uv":[4.25,11.75,5.625,12.75],"texture":"#main"},"east":{"uv":[3.5,12.75,4.125,13.75],"texture":"#main"},"south":{"uv":[12.5,8.5,13.875,9.5],"texture":"#main"},"west":{"uv":[4.25,12.75,4.875,13.75],"texture":"#main"},"up":{"uv":[13.875,10.125,12.5,9.5],"texture":"#main"},"down":{"uv":[13.875,10.25,12.5,10.875],"texture":"#main"}}},{"from":[6.35,18.2,7.025],"to":[9.65,21.55,8.325],"rotation":{"angle":0,"axis":"y","origin":[-2.4,6.6,-0.775]},"faces":{"north":{"uv":[1.5,12.75,2.375,13.625],"texture":"#main"},"east":{"uv":[12.75,12.25,13.125,13.125],"texture":"#main"},"south":{"uv":[2.5,12.75,3.375,13.625],"texture":"#main"},"west":{"uv":[11.75,13.25,12.125,14.125],"texture":"#main"},"up":{"uv":[14.125,11.375,13.25,11],"texture":"#main"},"down":{"uv":[13.125,13.25,12.25,13.625],"texture":"#main"}}},{"from":[7.1,18.2,6.675],"to":[8.9,20.8,8.675],"rotation":{"angle":0,"axis":"y","origin":[-2.4,6.6,-0.775]},"faces":{"north":{"uv":[13.25,12.25,13.75,12.875],"texture":"#main"},"east":{"uv":[13.25,13,13.75,13.625],"texture":"#main"},"south":{"uv":[13.5,0,14,0.625],"texture":"#main"},"west":{"uv":[13.5,0.75,14,1.375],"texture":"#main"},"up":{"uv":[14,2,13.5,1.5],"texture":"#main"},"down":{"uv":[14,2,13.5,2.5],"texture":"#main"}}},{"from":[6.85,21.55,7.175],"to":[9.15,24.15,8.175],"rotation":{"angle":0,"axis":"y","origin":[-2.4,6.6,-0.775]},"faces":{"north":{"uv":[10.25,12.75,10.875,13.375],"texture":"#main"},"east":{"uv":[13.5,5.25,13.75,5.875],"texture":"#main"},"south":{"uv":[11,12.75,11.625,13.375],"texture":"#main"},"west":{"uv":[13.5,6,13.75,6.625],"texture":"#main"},"up":{"uv":[14.125,7,13.5,6.75],"texture":"#main"},"down":{"uv":[14.125,7,13.5,7.25],"texture":"#main"}}},{"from":[11.08031,-3.68764,7.775],"to":[27.72031,22.76736,7.775],"rotation":{"angle":0,"axis":"y","origin":[11.92322,16.96654,7.775]},"faces":{"north":{"uv":[6.625,8.25,0,4.125],"rotation":270,"texture":"#main"},"east":{"uv":[6.625,0,0,0],"rotation":90,"texture":"#main"},"south":{"uv":[6.625,4.125,0,8.25],"rotation":270,"texture":"#main"},"west":{"uv":[6.625,0,0,0],"rotation":90,"texture":"#main"},"up":{"uv":[0,4.125,0,0],"rotation":90,"texture":"#main"},"down":{"uv":[0,4.125,0,0],"rotation":90,"texture":"#main"}}},{"from":[-11.72031,-3.68764,7.775],"to":[4.91969,22.76736,7.775],"rotation":{"angle":0,"axis":"y","origin":[4.07678,16.96654,7.775]},"faces":{"north":{"uv":[6.625,4.125,0,8.25],"rotation":270,"texture":"#main"},"east":{"uv":[6.625,0,0,0],"rotation":90,"texture":"#main"},"south":{"uv":[6.625,8.25,0,4.125],"rotation":270,"texture":"#main"},"west":{"uv":[6.625,0,0,0],"rotation":90,"texture":"#main"},"up":{"uv":[0,0,0,4.125],"rotation":90,"texture":"#main"},"down":{"uv":[0,0,0,4.125],"rotation":90,"texture":"#main"}}},{"from":[-8.82,1.225,6.975],"to":[4.32,14.18,6.975],"rotation":{"angle":0,"axis":"y","origin":[8.5,4.4525,4.675]},"faces":{"north":{"uv":[0,8.5,3.25,11.75],"texture":"#main"},"east":{"uv":[11.5,8.5,12.375,11.75],"texture":"#main"},"south":{"uv":[3.25,8.5,0,11.75],"texture":"#main"},"west":{"uv":[0,11.75,0.875,15],"texture":"#main"},"up":{"uv":[4.25,12.625,1,11.75],"texture":"#main"},"down":{"uv":[12.75,11.75,9.5,12.625],"texture":"#main"}}},{"from":[3.6775,15.3075,6.7],"to":[5.53,19.6625,8.65],"rotation":{"angle":22.5,"axis":"z","origin":[5.4,18.0075,8.325]},"faces":{"north":{"uv":[6.25,12.75,6.75,13.875],"texture":"#main"},"east":{"uv":[6.75,12.75,7.25,13.875],"texture":"#main"},"south":{"uv":[7.25,12.75,7.75,13.875],"texture":"#main"},"west":{"uv":[7.75,12.75,8.25,13.875],"texture":"#main"},"up":{"uv":[14,3,13.5,2.5],"texture":"#main"},"down":{"uv":[14,3,13.5,3.5],"texture":"#main"}}},{"from":[10.47,15.3075,6.7],"to":[12.3225,19.6625,8.65],"rotation":{"angle":-22.5,"axis":"z","origin":[10.6,18.0075,8.325]},"faces":{"north":{"uv":[8.25,12.75,8.75,13.875],"texture":"#main"},"east":{"uv":[8.75,12.75,9.25,13.875],"texture":"#main"},"south":{"uv":[9.25,12.75,9.75,13.875],"texture":"#main"},"west":{"uv":[9.75,12.75,10.25,13.875],"texture":"#main"},"up":{"uv":[14,4,13.5,3.5],"texture":"#main"},"down":{"uv":[14,4,13.5,4.5],"texture":"#main"}}}],"display":{"head":{"translation":[0,-24,0]}},"groups":[{"name":"Aegislash","origin":[0,2,1.25],"color":0,"nbt":"{}","armAnimationEnabled":false,"children":[0,1,2,3,4,5,6,7,8,9,10,11]}]}