{"credit":"Made with Blockbench","parent":"physical_parent","texture_size":[32,32],"textures":{"main":"pokemon/ampharos","particle":"pokemon/ampharos"},"elements":[{"from":[4,5,3],"to":[12,11,11],"rotation":{"angle":0,"axis":"y","origin":[8,13,7]},"faces":{"north":{"uv":[4,0,8,3],"texture":"#main"},"east":{"uv":[4,3,8,6],"texture":"#main"},"south":{"uv":[4,6,8,9],"texture":"#main"},"west":{"uv":[0,8,4,11],"texture":"#main"},"up":{"uv":[4,4,0,0],"texture":"#main"},"down":{"uv":[4,4,0,8],"texture":"#main"}}},{"from":[5.5,11,4.5],"to":[10.5,16,9.5],"rotation":{"angle":0,"axis":"y","origin":[7.5,13,8.5]},"faces":{"north":{"uv":[8,2.5,10.5,5],"texture":"#main"},"east":{"uv":[8,5,10.5,7.5],"texture":"#main"},"south":{"uv":[8,7.5,10.5,10],"texture":"#main"},"west":{"uv":[4,9,6.5,11.5],"texture":"#main"},"up":{"uv":[9,12.5,6.5,10],"texture":"#main"},"down":{"uv":[11.5,10,9,12.5],"texture":"#main"}}},{"from":[2,3,4],"to":[4,8,9],"rotation":{"angle":0,"axis":"y","origin":[8,12,7]},"faces":{"north":{"uv":[12,12.5,13,15],"texture":"#main"},"east":{"uv":[10.5,2.5,13,5],"texture":"#main"},"south":{"uv":[0,13,1,15.5],"texture":"#main"},"west":{"uv":[10.5,5,13,7.5],"texture":"#main"},"up":{"uv":[2,15.5,1,13],"texture":"#main"},"down":{"uv":[14,1.5,13,4],"texture":"#main"}}},{"from":[7,5,11],"to":[9,7,15],"rotation":{"angle":0,"axis":"y","origin":[8,13,7]},"faces":{"north":{"uv":[6.5,9,7.5,10],"texture":"#main"},"east":{"uv":[13,4,15,5],"texture":"#main"},"south":{"uv":[11.5,1.5,12.5,2.5],"texture":"#main"},"west":{"uv":[13,5,15,6],"texture":"#main"},"up":{"uv":[3,15,2,13],"texture":"#main"},"down":{"uv":[14,12.5,13,14.5],"texture":"#main"}}},{"from":[8,1,12],"to":[8,5,18],"rotation":{"angle":-22.5,"axis":"x","origin":[8,9,4]},"faces":{"north":{"uv":[0,0,0,2],"texture":"#main"},"east":{"uv":[10.5,7.5,13.5,9.5],"texture":"#main"},"south":{"uv":[0,0,0,2],"texture":"#main"},"west":{"uv":[0,11,3,13],"texture":"#main"},"up":{"uv":[0,3,0,0],"texture":"#main"},"down":{"uv":[0,0,0,3],"texture":"#main"}}},{"from":[2.5,0,7],"to":[4.5,3,9],"rotation":{"angle":0,"axis":"y","origin":[8,12,7]},"faces":{"north":{"uv":[13,6,14,7.5],"texture":"#main"},"east":{"uv":[13.5,7.5,14.5,9],"texture":"#main"},"south":{"uv":[13.5,9,14.5,10.5],"texture":"#main"},"west":{"uv":[13.5,10.5,14.5,12],"texture":"#main"},"up":{"uv":[6,12.5,5,11.5],"texture":"#main"},"down":{"uv":[15,3,14,4],"texture":"#main"}}},{"from":[2.5,0,5],"to":[4.5,1,7],"rotation":{"angle":0,"axis":"y","origin":[8,12,7]},"faces":{"north":{"uv":[10.5,9.5,11.5,10],"texture":"#main"},"east":{"uv":[3,11,4,11.5],"texture":"#main"},"south":{"uv":[14.5,1,15.5,1.5],"texture":"#main"},"west":{"uv":[14.5,8.5,15.5,9],"texture":"#main"},"up":{"uv":[12,15,11,14],"texture":"#main"},"down":{"uv":[15,12,14,13],"texture":"#main"}}},{"from":[6,19,3],"to":[10,22,9],"rotation":{"angle":0,"axis":"y","origin":[8,12,7]},"faces":{"north":{"uv":[8,12.5,10,14],"texture":"#main"},"east":{"uv":[11.5,0,14.5,1.5],"texture":"#main"},"south":{"uv":[10,12.5,12,14],"texture":"#main"},"west":{"uv":[5,12.5,8,14],"texture":"#main"},"up":{"uv":[5,14.5,3,11.5],"texture":"#main"},"down":{"uv":[13.5,9.5,11.5,12.5],"texture":"#main"}}},{"from":[7,22,4],"to":[9,23,6],"rotation":{"angle":0,"axis":"y","origin":[8,12,7]},"faces":{"north":{"uv":[14.5,9,15.5,9.5],"texture":"#main"},"east":{"uv":[14.5,9.5,15.5,10],"texture":"#main"},"south":{"uv":[14.5,10,15.5,10.5],"texture":"#main"},"west":{"uv":[14.5,10.5,15.5,11],"texture":"#main"},"up":{"uv":[15,14,14,13],"texture":"#main"},"down":{"uv":[15,14,14,15],"texture":"#main"}}},{"from":[4.72007,20.80772,6.5],"to":[6.72007,23.80772,8.5],"rotation":{"angle":45,"axis":"z","origin":[5.72007,22.30772,7.5]},"faces":{"north":{"uv":[14,1.5,15,3],"texture":"#main"},"east":{"uv":[5,14,6,15.5],"texture":"#main"},"south":{"uv":[6,14,7,15.5],"texture":"#main"},"west":{"uv":[14,6,15,7.5],"texture":"#main"},"up":{"uv":[15.5,1,14.5,0],"texture":"#main"},"down":{"uv":[4,14.5,3,15.5],"texture":"#main"}}},{"from":[7,16,6],"to":[9,19,8],"rotation":{"angle":0,"axis":"y","origin":[8,13,7]},"faces":{"north":{"uv":[7,14,8,15.5],"texture":"#main"},"east":{"uv":[8,14,9,15.5],"texture":"#main"},"south":{"uv":[9,14,10,15.5],"texture":"#main"},"west":{"uv":[10,14,11,15.5],"texture":"#main"},"up":{"uv":[5,15.5,4,14.5],"texture":"#main"},"down":{"uv":[15.5,7.5,14.5,8.5],"texture":"#main"}}},{"from":[-1.42388,13.11732,4.5],"to":[5.57612,13.11732,9.5],"rotation":{"angle":22.5,"axis":"z","origin":[4.57612,13.11732,4.5]},"faces":{"north":{"uv":[0,0,3.5,0],"texture":"#main"},"east":{"uv":[0,0,2.5,0],"texture":"#main"},"south":{"uv":[0,0,3.5,0],"texture":"#main"},"west":{"uv":[0,0,2.5,0],"texture":"#main"},"up":{"uv":[11.5,2.5,8,0],"texture":"#main"},"down":{"uv":[11.5,0,8,2.5],"texture":"#main"}}},{"from":[10.42388,13.11732,4.5],"to":[17.42388,13.11732,9.5],"rotation":{"angle":-22.5,"axis":"z","origin":[11.42388,13.11732,4.5]},"faces":{"north":{"uv":[3.5,0,0,0],"texture":"#main"},"east":{"uv":[2.5,0,0,0],"texture":"#main"},"south":{"uv":[3.5,0,0,0],"texture":"#main"},"west":{"uv":[2.5,0,0,0],"texture":"#main"},"up":{"uv":[8,2.5,11.5,0],"texture":"#main"},"down":{"uv":[8,0,11.5,2.5],"texture":"#main"}}},{"from":[9.27993,20.80772,6.5],"to":[11.27993,23.80772,8.5],"rotation":{"angle":-45,"axis":"z","origin":[10.27993,22.30772,7.5]},"faces":{"north":{"uv":[15,1.5,14,3],"texture":"#main"},"east":{"uv":[15,6,14,7.5],"texture":"#main"},"south":{"uv":[7,14,6,15.5],"texture":"#main"},"west":{"uv":[6,14,5,15.5],"texture":"#main"},"up":{"uv":[14.5,1,15.5,0],"texture":"#main"},"down":{"uv":[3,14.5,4,15.5],"texture":"#main"}}},{"from":[11.5,0,5],"to":[13.5,1,7],"rotation":{"angle":0,"axis":"y","origin":[8,12,7]},"faces":{"north":{"uv":[11.5,9.5,10.5,10],"texture":"#main"},"east":{"uv":[15.5,8.5,14.5,9],"texture":"#main"},"south":{"uv":[15.5,1,14.5,1.5],"texture":"#main"},"west":{"uv":[4,11,3,11.5],"texture":"#main"},"up":{"uv":[11,15,12,14],"texture":"#main"},"down":{"uv":[14,12,15,13],"texture":"#main"}}},{"from":[11.5,0,7],"to":[13.5,3,9],"rotation":{"angle":0,"axis":"y","origin":[8,12,7]},"faces":{"north":{"uv":[14,6,13,7.5],"texture":"#main"},"east":{"uv":[14.5,10.5,13.5,12],"texture":"#main"},"south":{"uv":[14.5,9,13.5,10.5],"texture":"#main"},"west":{"uv":[14.5,7.5,13.5,9],"texture":"#main"},"up":{"uv":[5,12.5,6,11.5],"texture":"#main"},"down":{"uv":[14,3,15,4],"texture":"#main"}}},{"from":[12,3,4],"to":[14,8,9],"rotation":{"angle":0,"axis":"y","origin":[8,12,7]},"faces":{"north":{"uv":[13,12.5,12,15],"texture":"#main"},"east":{"uv":[13,5,10.5,7.5],"texture":"#main"},"south":{"uv":[1,13,0,15.5],"texture":"#main"},"west":{"uv":[13,2.5,10.5,5],"texture":"#main"},"up":{"uv":[1,15.5,2,13],"texture":"#main"},"down":{"uv":[13,1.5,14,4],"texture":"#main"}}}],"display":{"head":{"translation":[0,-30,0],"scale":[1.6,1.6,1.6]}}}