{"credit":"Made with Blockbench","texture_size":[64,64],"textures":{"particle":"pokemon/azelf","main":"pokemon/azelf"},"elements":[{"from":[5.8,-0.5,6.8],"to":[8.1,11.5,6.8],"rotation":{"angle":0,"axis":"y","origin":[8.4,5.5,5.3]},"faces":{"north":{"uv":[3,6,3.5,9],"texture":"#main"},"east":{"uv":[3,6,3,9],"texture":"#main"},"south":{"uv":[3.5,6,4,9],"texture":"#main"},"west":{"uv":[3.5,6,3.5,9],"texture":"#main"},"up":{"uv":[3.5,6,3,6],"texture":"#main"},"down":{"uv":[4,6,3.5,6],"texture":"#main"}}},{"from":[8.7,-0.5,6.8],"to":[11,11.5,6.8],"shade":false,"rotation":{"angle":0,"axis":"y","origin":[8.4,5.5,5.3]},"faces":{"north":{"uv":[3.5,6,3,9],"texture":"#main"},"east":{"uv":[3.5,6,3.5,9],"texture":"#main"},"south":{"uv":[4,6,3.5,9],"texture":"#main"},"west":{"uv":[3,6,3,9],"texture":"#main"},"up":{"uv":[3,6,3.5,6],"texture":"#main"},"down":{"uv":[3.5,6,4,6],"texture":"#main"}}},{"from":[6.675,-0.5,14.8],"to":[12.975,-0.5,18.8],"shade":false,"rotation":{"angle":-45,"axis":"x","origin":[9.85,-0.5,6.8]},"faces":{"north":{"uv":[2.5,6,1,6],"texture":"#main"},"east":{"uv":[3.5,6,2.5,6],"texture":"#main"},"south":{"uv":[5,6,3.5,6],"texture":"#main"},"west":{"uv":[1,6,0,6],"texture":"#main"},"up":{"uv":[1,6,2.5,5],"texture":"#main"},"down":{"uv":[2.5,5,4,6],"texture":"#main"}}},{"from":[3.825,-0.5,14.8],"to":[10.125,-0.5,18.8],"rotation":{"angle":-45,"axis":"x","origin":[6.95,-0.5,6.8]},"faces":{"north":{"uv":[1,6,2.5,6],"texture":"#main"},"east":{"uv":[0,6,1,6],"texture":"#main"},"south":{"uv":[3.5,6,5,6],"texture":"#main"},"west":{"uv":[2.5,6,3.5,6],"texture":"#main"},"up":{"uv":[2.5,6,1,5],"texture":"#main"},"down":{"uv":[4,5,2.5,6],"texture":"#main"}}},{"from":[5.8,-0.5,6.8],"to":[9.1,-0.5,14.8],"rotation":{"angle":-45,"axis":"x","origin":[6.95,-0.5,6.8]},"faces":{"north":{"uv":[5.5,4.75,6.25,4.75],"texture":"#main"},"east":{"uv":[3.5,4.75,5.5,4.75],"texture":"#main"},"south":{"uv":[8.25,4.75,9,4.75],"texture":"#main"},"west":{"uv":[6.25,4.75,8.25,4.75],"texture":"#main"},"up":{"uv":[6.25,4.75,5.5,2.75],"texture":"#main"},"down":{"uv":[7,2.75,6.25,4.75],"texture":"#main"}}},{"from":[7.7,-0.5,6.8],"to":[11,-0.5,14.8],"shade":false,"rotation":{"angle":-45,"axis":"x","origin":[9.85,-0.5,6.8]},"faces":{"north":{"uv":[6.25,4.75,5.5,4.75],"texture":"#main"},"east":{"uv":[8.25,4.75,6.25,4.75],"texture":"#main"},"south":{"uv":[9,4.75,8.25,4.75],"texture":"#main"},"west":{"uv":[5.5,4.75,3.5,4.75],"texture":"#main"},"up":{"uv":[5.5,4.75,6.25,2.75],"texture":"#main"},"down":{"uv":[6.25,2.75,7,4.75],"texture":"#main"}}},{"from":[5.4,23.5,3.3],"to":[11.4,28.5,9.3],"rotation":{"angle":0,"axis":"y","origin":[8.4,5.5,5.3]},"faces":{"north":{"uv":[1.5,1.5,3,2.75],"texture":"#main"},"east":{"uv":[0,1.5,1.5,2.75],"texture":"#main"},"south":{"uv":[4.5,1.5,6,2.75],"texture":"#main"},"west":{"uv":[3,1.5,4.5,2.75],"texture":"#main"},"up":{"uv":[3,1.5,1.5,0],"texture":"#main"},"down":{"uv":[4.5,0,3,1.5],"texture":"#main"}}},{"from":[11,25.6,4.1],"to":[13.4,27.6,8.7],"shade":false,"rotation":{"angle":0,"axis":"y","origin":[12.9,27.5,6.35]},"faces":{"north":{"uv":[5.75,8.5,5.25,9],"texture":"#main"},"east":{"uv":[6.75,8.5,5.75,9],"texture":"#main"},"south":{"uv":[7.25,8.5,6.75,9],"texture":"#main"},"west":{"uv":[5.25,8.5,4.25,9],"texture":"#main"},"up":{"uv":[5.25,8.5,5.75,7.5],"texture":"#main"},"down":{"uv":[5.75,7.5,6.25,8.5],"texture":"#main"}}},{"from":[13.4,25.6,4.7],"to":[14.4,27.6,8.1],"shade":false,"rotation":{"angle":0,"axis":"y","origin":[12.9,27.5,6.35]},"faces":{"north":{"uv":[1,9.25,0.75,9.75],"texture":"#main"},"east":{"uv":[1.75,9.25,1,9.75],"texture":"#main"},"south":{"uv":[2,9.25,1.75,9.75],"texture":"#main"},"west":{"uv":[0.75,9.25,0,9.75],"texture":"#main"},"up":{"uv":[0.75,9.25,1,8.5],"texture":"#main"},"down":{"uv":[1,8.5,1.25,9.25],"texture":"#main"}}},{"from":[7.8,27.1,3.1],"to":[9.1,28.8,4.7],"rotation":{"angle":22.5,"axis":"x","origin":[8.45,28.45,3.9]},"faces":{"north":{"uv":[0.25,1.25,0.5,1.5],"texture":"#main"},"east":{"uv":[0,1.25,0.25,1.5],"texture":"#main"},"south":{"uv":[0.75,1.25,1,1.5],"texture":"#main"},"west":{"uv":[0.5,1.25,0.75,1.5],"texture":"#main"},"up":{"uv":[0.5,1.25,0.25,1],"texture":"#main"},"down":{"uv":[0.75,1,0.5,1.25],"texture":"#main"}}},{"from":[5.575,27,4.4],"to":[11.1,30.3,9.15],"rotation":{"angle":22.5,"axis":"x","origin":[8.4,29.5,6.3]},"faces":{"north":{"uv":[7,1.75,8.25,2.5],"texture":"#main"},"east":{"uv":[6,1.75,7,2.5],"texture":"#main"},"south":{"uv":[9.25,1.75,10.5,2.5],"texture":"#main"},"west":{"uv":[8.25,1.75,9.25,2.5],"texture":"#main"},"up":{"uv":[8.25,1.75,7,0.75],"texture":"#main"},"down":{"uv":[9.5,0.75,8.25,1.75],"texture":"#main"}}},{"from":[6.475,28.7,5],"to":[10,32,8.65],"rotation":{"angle":22.5,"axis":"x","origin":[8.4,29.5,6.3]},"faces":{"north":{"uv":[7.25,1.75,8,2.5],"texture":"#main"},"east":{"uv":[6.5,1.75,7.25,2.5],"texture":"#main"},"south":{"uv":[8.75,1.75,9.5,2.5],"texture":"#main"},"west":{"uv":[8,1.75,8.75,2.5],"texture":"#main"},"up":{"uv":[8,1.75,7.25,1],"texture":"#main"},"down":{"uv":[8.75,1,8,1.75],"texture":"#main"}}},{"from":[3.4,25.6,4.1],"to":[5.8,27.6,8.7],"rotation":{"angle":0,"axis":"y","origin":[3.9,27.5,6.35]},"faces":{"north":{"uv":[5.25,8.5,5.75,9],"texture":"#main"},"east":{"uv":[4.25,8.5,5.25,9],"texture":"#main"},"south":{"uv":[6.75,8.5,7.25,9],"texture":"#main"},"west":{"uv":[5.75,8.5,6.75,9],"texture":"#main"},"up":{"uv":[5.75,8.5,5.25,7.5],"texture":"#main"},"down":{"uv":[6.25,7.5,5.75,8.5],"texture":"#main"}}},{"from":[2.4,25.6,4.7],"to":[3.4,27.6,8.1],"rotation":{"angle":0,"axis":"y","origin":[3.9,27.5,6.35]},"faces":{"north":{"uv":[0.75,9.25,1,9.75],"texture":"#main"},"east":{"uv":[0,9.25,0.75,9.75],"texture":"#main"},"south":{"uv":[1.75,9.25,2,9.75],"texture":"#main"},"west":{"uv":[1,9.25,1.75,9.75],"texture":"#main"},"up":{"uv":[1,9.25,0.75,8.5],"texture":"#main"},"down":{"uv":[1.25,8.5,1,9.25],"texture":"#main"}}},{"from":[-5.65,17.55,4.8],"to":[3.35,17.55,8.1],"rotation":{"angle":45,"axis":"z","origin":[1.15,21.95,6.45]},"faces":{"north":{"uv":[4.5,0.75,6.75,0.75],"texture":"#main"},"east":{"uv":[3.75,0.75,4.5,0.75],"texture":"#main"},"south":{"uv":[7.5,0.75,9.75,0.75],"texture":"#main"},"west":{"uv":[6.75,0.75,7.5,0.75],"texture":"#main"},"up":{"uv":[6.75,0.75,4.5,0],"texture":"#main"},"down":{"uv":[9,0,6.75,0.75],"texture":"#main"}}},{"from":[11.15,21.95,4.8],"to":[20.15,21.95,8.1],"shade":false,"rotation":{"angle":-45,"axis":"z","origin":[9.5,21.5,6.45]},"faces":{"north":{"uv":[6.75,0.75,4.5,0.75],"texture":"#main"},"east":{"uv":[7.5,0.75,6.75,0.75],"texture":"#main"},"south":{"uv":[9.75,0.75,7.5,0.75],"texture":"#main"},"west":{"uv":[4.5,0.75,3.75,0.75],"texture":"#main"},"up":{"uv":[4.5,0.75,6.75,0],"texture":"#main"},"down":{"uv":[6.75,0,9,0.75],"texture":"#main"}}},{"from":[5.8,15.5,3.7],"to":[11.1,20.5,8.85],"rotation":{"angle":0,"axis":"y","origin":[8.4,5.5,5.3]},"faces":{"north":{"uv":[5.5,6,6.75,7.25],"texture":"#main"},"east":{"uv":[4.25,6,5.5,7.25],"texture":"#main"},"south":{"uv":[8,6,9.25,7.25],"texture":"#main"},"west":{"uv":[6.75,6,8,7.25],"texture":"#main"},"up":{"uv":[6.75,6,5.5,4.75],"texture":"#main"},"down":{"uv":[8,4.75,6.75,6],"texture":"#main"}}},{"from":[5.4,11.5,3.5],"to":[11.4,16.2,9.1],"rotation":{"angle":0,"axis":"y","origin":[8.4,5.5,5.3]},"faces":{"north":{"uv":[1.25,4,2.75,5],"texture":"#main"},"east":{"uv":[0,4,1.25,5],"texture":"#main"},"south":{"uv":[4,4,5.5,5],"texture":"#main"},"west":{"uv":[2.75,4,4,5],"texture":"#main"},"up":{"uv":[2.75,4,1.25,2.75],"texture":"#main"},"down":{"uv":[4.25,2.75,2.75,4],"texture":"#main"}}},{"from":[6.8,19.5,4.8],"to":[10.1,23.5,8.1],"rotation":{"angle":0,"axis":"y","origin":[8.4,5.5,5.3]},"faces":{"north":{"uv":[0.75,6.75,1.5,7.75],"texture":"#main"},"east":{"uv":[0,6.75,0.75,7.75],"texture":"#main"},"south":{"uv":[2.25,6.75,3,7.75],"texture":"#main"},"west":{"uv":[1.5,6.75,2.25,7.75],"texture":"#main"},"up":{"uv":[1.5,6.75,0.75,6],"texture":"#main"},"down":{"uv":[2.25,6,1.5,6.75],"texture":"#main"}}},{"from":[9.3,11.9,2.9],"to":[12.3,15.9,2.9],"shade":false,"rotation":{"angle":-22.5,"axis":"x","origin":[10.8,13.9,2.85]},"faces":{"north":{"uv":[0.75,0,0,1],"texture":"#main"},"east":{"uv":[0.75,0,0.75,1],"texture":"#main"},"south":{"uv":[1.5,0,0.75,1],"texture":"#main"},"west":{"uv":[0,0,0,1],"texture":"#main"},"up":{"uv":[0,0,0.75,0],"texture":"#main"},"down":{"uv":[0.75,0,1.5,0],"texture":"#main"}}},{"from":[4.5,11.9,2.9],"to":[7.5,15.9,2.9],"rotation":{"angle":-22.5,"axis":"x","origin":[6,13.9,2.85]},"faces":{"north":{"uv":[0,0,0.75,1],"texture":"#main"},"east":{"uv":[0,0,0,1],"texture":"#main"},"south":{"uv":[0.75,0,1.5,1],"texture":"#main"},"west":{"uv":[0.75,0,0.75,1],"texture":"#main"},"up":{"uv":[0.75,0,0,0],"texture":"#main"},"down":{"uv":[1.5,0,0.75,0],"texture":"#main"}}}],"display":{"head":{"translation":[0,-28,0],"scale":[0.6,0.6,0.6]}},"groups":[{"name":"azelf","origin":[0,0,0],"color":0,"children":[{"name":"tails","origin":[1.45,2,1.5],"color":0,"children":[0,1,2,3,4,5]},{"name":"head","origin":[-4.5,30,1.05],"color":0,"children":[6,7,8,9,10,11,12,13]},{"name":"arms","origin":[1.1,24,1.15],"color":0,"children":[14,15]},{"name":"body","origin":[0,8,0],"color":0,"children":[16,17,18]},{"name":"legs","origin":[-2.4,16.4,-2.45],"color":0,"children":[19,20]}]}]}