{"parent":"physical_parent","textures":{"main":"pokemon/bagon"},"texture_size":[32,32],"elements":[{"from":[6.5,1,6.5],"to":[9.5,5,9.5],"faces":{"east":{"uv":[2,2,3.5,4],"texture":"#main"},"south":{"uv":[3.5,0,5,2],"texture":"#main"},"north":{"uv":[2,0,3.5,2],"texture":"#main"},"west":{"uv":[3.5,2,5,4],"texture":"#main"},"up":{"uv":[1.5,5.5,0,4],"texture":"#main"},"down":{"uv":[3,4,1.5,5.5],"texture":"#main"}}},{"rotation":{"origin":[5.43934,4.5,6.14645],"angle":-45,"axis":"y"},"from":[5.43934,3,5.64645],"to":[8.43934,4,6.64645],"faces":{"east":{"uv":[8,0.5,8.5,1],"texture":"#main"},"south":{"uv":[7,3.5,8.5,4],"texture":"#main"},"north":{"uv":[7,3,8.5,3.5],"texture":"#main"},"west":{"uv":[1,8,1.5,8.5],"texture":"#main"},"up":{"uv":[7.5,7.5,6,7],"texture":"#main"},"down":{"uv":[1.5,7.5,0,8],"texture":"#main"}}},{"rotation":{"origin":[10.56066,4.5,6.14645],"angle":45,"axis":"y"},"from":[7.56066,3,5.64645],"to":[10.56066,4,6.64645],"faces":{"east":{"uv":[1.5,8,1,8.5],"texture":"#main"},"south":{"uv":[8.5,3.5,7,4],"texture":"#main"},"north":{"uv":[8.5,3,7,3.5],"texture":"#main"},"west":{"uv":[8.5,0.5,8,1],"texture":"#main"},"up":{"uv":[6,7.5,7.5,7],"texture":"#main"},"down":{"uv":[0,7.5,1.5,8],"texture":"#main"}}},{"from":[5.25,0,7],"to":[6.25,1,9],"faces":{"east":{"uv":[7.5,5,8.5,5.5],"texture":"#main"},"south":{"uv":[0.5,8,1,8.5],"texture":"#main"},"north":{"uv":[8,0,8.5,0.5],"texture":"#main"},"west":{"uv":[5.5,7.5,6.5,8],"texture":"#main"},"up":{"uv":[8,6.5,7.5,5.5],"texture":"#main"},"down":{"uv":[7,7.5,6.5,8.5],"texture":"#main"}}},{"rotation":{"origin":[16,0,0],"angle":0,"axis":"y"},"from":[9.75,0,7],"to":[10.75,1,9],"faces":{"east":{"uv":[6.5,7.5,5.5,8],"texture":"#main"},"south":{"uv":[1,8,0.5,8.5],"texture":"#main"},"north":{"uv":[8.5,0,8,0.5],"texture":"#main"},"west":{"uv":[8.5,5,7.5,5.5],"texture":"#main"},"up":{"uv":[7.5,6.5,8,5.5],"texture":"#main"},"down":{"uv":[6.5,7.5,7,8.5],"texture":"#main"}}},{"rotation":{"origin":[5.75,1.75,8.75],"angle":45,"axis":"x"},"from":[5.5,0.75,7.75],"to":[6.5,2.75,9.75],"faces":{"east":{"uv":[5,6.5,6,7.5],"texture":"#main"},"south":{"uv":[7,7.5,7.5,8.5],"texture":"#main"},"north":{"uv":[7.5,6.5,8,7.5],"texture":"#main"},"west":{"uv":[7,0,8,1],"texture":"#main"},"up":{"uv":[8,8.5,7.5,7.5],"texture":"#main"},"down":{"uv":[0.5,8,0,9],"texture":"#main"}}},{"rotation":{"origin":[10.25,1.75,8.75],"angle":45,"axis":"x"},"from":[9.5,0.75,7.75],"to":[10.5,2.75,9.75],"faces":{"east":{"uv":[8,0,7,1],"texture":"#main"},"south":{"uv":[7.5,7.5,7,8.5],"texture":"#main"},"north":{"uv":[8,6.5,7.5,7.5],"texture":"#main"},"west":{"uv":[6,6.5,5,7.5],"texture":"#main"},"up":{"uv":[7.5,8.5,8,7.5],"texture":"#main"},"down":{"uv":[0,8,0.5,9],"texture":"#main"}}},{"from":[7,5,7],"to":[9,6,9],"faces":{"east":{"uv":[2.5,7.5,3.5,8],"texture":"#main"},"south":{"uv":[3.5,7.5,4.5,8],"texture":"#main"},"north":{"uv":[1.5,7.5,2.5,8],"texture":"#main"},"west":{"uv":[4.5,7.5,5.5,8],"texture":"#main"},"up":{"uv":[4,7.5,3,6.5],"texture":"#main"},"down":{"uv":[5,6.5,4,7.5],"texture":"#main"}}},{"rotation":{"origin":[0,1,-0.5],"angle":0,"axis":"y"},"from":[6.5,6,5.5],"to":[9.5,8,8.5],"faces":{"east":{"uv":[6,6,7.5,7],"texture":"#main"},"south":{"uv":[0,6.5,1.5,7.5],"texture":"#main"},"north":{"uv":[6,5,7.5,6],"texture":"#main"},"west":{"uv":[1.5,6.5,3,7.5],"texture":"#main"},"up":{"uv":[4.5,5.5,3,4],"texture":"#main"},"down":{"uv":[6,4,4.5,5.5],"texture":"#main"}}},{"rotation":{"origin":[0,1,-0.5],"angle":0,"axis":"y"},"from":[6,7.5,6.5],"to":[10,9.5,10.5],"faces":{"east":{"uv":[5,1,7,2],"texture":"#main"},"south":{"uv":[5,2,7,3],"texture":"#main"},"north":{"uv":[5,0,7,1],"texture":"#main"},"west":{"uv":[5,3,7,4],"texture":"#main"},"up":{"uv":[2,2,0,0],"texture":"#main"},"down":{"uv":[2,2,0,4],"texture":"#main"}}},{"rotation":{"origin":[0,-1,-0.5],"angle":0,"axis":"y"},"from":[6,5.5,8.5],"to":[10,7.5,10.5],"faces":{"east":{"uv":[7,1,8,2],"texture":"#main"},"south":{"uv":[2,5.5,4,6.5],"texture":"#main"},"north":{"uv":[0,5.5,2,6.5],"texture":"#main"},"west":{"uv":[7,2,8,3],"texture":"#main"},"up":{"uv":[6,6.5,4,5.5],"texture":"#main"},"down":{"uv":[8,4,6,5],"texture":"#main"}}}],"display":{"head":{"translation":[0,-27,0],"scale":[2,2,2]}}}