{"parent":"physical_parent","textures":{"main":"pokemon/baltoy"},"texture_size":[32,32],"elements":[{"rotation":{"origin":[14.5,14,13.5],"angle":0,"axis":"y"},"from":[5.5,6,5.5],"to":[10.5,10,10.5],"faces":{"east":{"uv":[2.5,0,5,2],"texture":"#main"},"south":{"uv":[2.5,4.5,5,6.5],"texture":"#main"},"north":{"uv":[2.5,2.5,5,4.5],"texture":"#main"},"west":{"uv":[0,5,2.5,7],"texture":"#main"},"up":{"uv":[2.5,2.5,0,0],"texture":"#main"},"down":{"uv":[2.5,2.5,0,5],"texture":"#main"}}},{"rotation":{"origin":[13.5,16,14],"angle":0,"axis":"y"},"from":[6.5,10,8],"to":[9.5,13,8],"faces":{"east":{"uv":[0,0,0,1.5],"texture":"#main"},"south":{"uv":[4.5,8,6,9.5],"texture":"#main"},"north":{"uv":[3,8,4.5,9.5],"texture":"#main"},"west":{"uv":[0,0,0,1.5],"texture":"#main"},"up":{"uv":[1.5,0,0,0],"texture":"#main"},"down":{"uv":[1.5,0,0,0],"texture":"#main"}}},{"rotation":{"origin":[14.5,11,14.5],"angle":0,"axis":"y"},"from":[6.5,3,6.5],"to":[9.5,6,9.5],"faces":{"east":{"uv":[4,6.5,5.5,8],"texture":"#main"},"south":{"uv":[5.5,6.5,7,8],"texture":"#main"},"north":{"uv":[2.5,6.5,4,8],"texture":"#main"},"west":{"uv":[0,7,1.5,8.5],"texture":"#main"},"up":{"uv":[8.5,8.5,7,7],"texture":"#main"},"down":{"uv":[3,8,1.5,9.5],"texture":"#main"}}},{"rotation":{"origin":[14.5,9,14],"angle":0,"axis":"y"},"from":[6.5,0,8],"to":[9.5,3,8],"faces":{"east":{"uv":[0,0,0,1.5],"texture":"#main"},"south":{"uv":[8,1.5,9.5,3],"texture":"#main"},"north":{"uv":[8,0,9.5,1.5],"texture":"#main"},"west":{"uv":[0,0,0,1.5],"texture":"#main"},"up":{"uv":[1.5,0,0,0],"texture":"#main"},"down":{"uv":[1.5,0,0,0],"texture":"#main"}}},{"rotation":{"origin":[4.30239,3.46613,8],"angle":22.5,"axis":"z"},"from":[1.30239,1.96613,8],"to":[7.30239,4.96613,8],"faces":{"east":{"uv":[0,0,0,1.5],"texture":"#main"},"south":{"uv":[5,0,8,1.5],"texture":"#main"},"north":{"uv":[5,5,8,6.5],"texture":"#main"},"west":{"uv":[0,0,0,1.5],"texture":"#main"},"up":{"uv":[3,0,0,0],"texture":"#main"},"down":{"uv":[3,0,0,0],"texture":"#main"}}},{"rotation":{"origin":[11.69761,3.46613,8],"angle":-22.5,"axis":"z"},"from":[8.69761,1.96613,8],"to":[14.69761,4.96613,8],"faces":{"east":{"uv":[0,0,0,1.5],"texture":"#main"},"south":{"uv":[5,3,8,4.5],"texture":"#main"},"north":{"uv":[5,1.5,8,3],"texture":"#main"},"west":{"uv":[0,0,0,1.5],"texture":"#main"},"up":{"uv":[3,0,0,0],"texture":"#main"},"down":{"uv":[3,0,0,0],"texture":"#main"}}}],"display":{"head":{"translation":[0,-29.3,0],"scale":[1.6,1.6,1.6]}}}