{"parent":"physical_parent","textures":{"main":"pokemon/bayleef"},"elements":[{"from":[4,-9,0],"to":[7,-2,3],"rotation":{"angle":0,"axis":"y","origin":[18,-6,8]},"faces":{"north":{"uv":[6.375,0.375,6.75,1.25],"texture":"#main"},"east":{"uv":[6,0.375,6.375,1.25],"texture":"#main"},"south":{"uv":[7.125,0.375,7.5,1.25],"texture":"#main"},"west":{"uv":[6.75,0.375,7.125,1.25],"texture":"#main"},"up":{"uv":[6.75,0.375,6.375,0],"texture":"#main"},"down":{"uv":[7.125,0,6.75,0.375],"texture":"#main"}}},{"from":[4,-9,13],"to":[7,-2,16],"rotation":{"angle":0,"axis":"y","origin":[18,-6,21]},"faces":{"north":{"uv":[0.375,5.5,0.75,6.375],"texture":"#main"},"east":{"uv":[0,5.5,0.375,6.375],"texture":"#main"},"south":{"uv":[1.125,5.5,1.5,6.375],"texture":"#main"},"west":{"uv":[0.75,5.5,1.125,6.375],"texture":"#main"},"up":{"uv":[0.75,5.5,0.375,5.125],"texture":"#main"},"down":{"uv":[1.125,5.125,0.75,5.5],"texture":"#main"}}},{"from":[6.5,3,17],"to":[9.5,6,21],"rotation":{"angle":-22.5,"axis":"x","origin":[20,-2,17]},"faces":{"north":{"uv":[3.5,5.625,3.875,6],"texture":"#main"},"east":{"uv":[3,5.625,3.5,6],"texture":"#main"},"south":{"uv":[4.375,5.625,4.75,6],"texture":"#main"},"west":{"uv":[3.875,5.625,4.375,6],"texture":"#main"},"up":{"uv":[3.875,5.625,3.5,5.125],"texture":"#main"},"down":{"uv":[4.25,5.125,3.875,5.625],"texture":"#main"}}},{"from":[7,5,20.69552],"to":[9,7,24.69552],"rotation":{"angle":-22.5,"axis":"x","origin":[20,-1.46927,20.69552]},"faces":{"north":{"uv":[0.5,3.875,0.75,4.125],"texture":"#main"},"east":{"uv":[0,3.875,0.5,4.125],"texture":"#main"},"south":{"uv":[1.25,3.875,1.5,4.125],"texture":"#main"},"west":{"uv":[0.75,3.875,1.25,4.125],"texture":"#main"},"up":{"uv":[0.75,3.875,0.5,3.375],"texture":"#main"},"down":{"uv":[1,3.375,0.75,3.875],"texture":"#main"}}},{"from":[5,-9,12],"to":[6,-8,13],"rotation":{"angle":0,"axis":"y","origin":[18,-9,18]},"faces":{"north":{"uv":[0.625,1.625,0.75,1.75],"texture":"#main"},"east":{"uv":[0.5,1.625,0.625,1.75],"texture":"#main"},"south":{"uv":[0.875,1.625,1,1.75],"texture":"#main"},"west":{"uv":[0.75,1.625,0.875,1.75],"texture":"#main"},"up":{"uv":[0.75,1.625,0.625,1.5],"texture":"#main"},"down":{"uv":[0.875,1.5,0.75,1.625],"texture":"#main"}}},{"from":[5,-9,-1],"to":[6,-8,0],"rotation":{"angle":0,"axis":"y","origin":[18,-9,5]},"faces":{"north":{"uv":[0.125,0.125,0.25,0.25],"texture":"#main"},"east":{"uv":[0,0.125,0.125,0.25],"texture":"#main"},"south":{"uv":[0.375,0.125,0.5,0.25],"texture":"#main"},"west":{"uv":[0.25,0.125,0.375,0.25],"texture":"#main"},"up":{"uv":[0.25,0.125,0.125,0],"texture":"#main"},"down":{"uv":[0.375,0,0.25,0.125],"texture":"#main"}}},{"from":[10,-9,12],"to":[11,-8,13],"rotation":{"angle":0,"axis":"y","origin":[23,-9,18]},"faces":{"north":{"uv":[0.125,1.625,0.25,1.75],"texture":"#main"},"east":{"uv":[0,1.625,0.125,1.75],"texture":"#main"},"south":{"uv":[0.375,1.625,0.5,1.75],"texture":"#main"},"west":{"uv":[0.25,1.625,0.375,1.75],"texture":"#main"},"up":{"uv":[0.25,1.625,0.125,1.5],"texture":"#main"},"down":{"uv":[0.375,1.5,0.25,1.625],"texture":"#main"}}},{"from":[10,-9,-1],"to":[11,-8,0],"rotation":{"angle":0,"axis":"y","origin":[23,-9,5]},"faces":{"north":{"uv":[0.125,0.375,0.25,0.5],"texture":"#main"},"east":{"uv":[0,0.375,0.125,0.5],"texture":"#main"},"south":{"uv":[0.375,0.375,0.5,0.5],"texture":"#main"},"west":{"uv":[0.25,0.375,0.375,0.5],"texture":"#main"},"up":{"uv":[0.25,0.375,0.125,0.25],"texture":"#main"},"down":{"uv":[0.375,0.25,0.25,0.375],"texture":"#main"}}},{"from":[9,-9,0],"to":[12,-2,3],"rotation":{"angle":0,"axis":"y","origin":[23,-6,8]},"faces":{"north":{"uv":[1.875,5.5,2.25,6.375],"texture":"#main"},"east":{"uv":[1.5,5.5,1.875,6.375],"texture":"#main"},"south":{"uv":[2.625,5.5,3,6.375],"texture":"#main"},"west":{"uv":[2.25,5.5,2.625,6.375],"texture":"#main"},"up":{"uv":[2.25,5.5,1.875,5.125],"texture":"#main"},"down":{"uv":[2.625,5.125,2.25,5.5],"texture":"#main"}}},{"from":[9,-9,13],"to":[12,-2,16],"rotation":{"angle":0,"axis":"y","origin":[23,-6,21]},"faces":{"north":{"uv":[0.375,2.5,0.75,3.375],"texture":"#main"},"east":{"uv":[0,2.5,0.375,3.375],"texture":"#main"},"south":{"uv":[1.125,2.5,1.5,3.375],"texture":"#main"},"west":{"uv":[0.75,2.5,1.125,3.375],"texture":"#main"},"up":{"uv":[0.75,2.5,0.375,2.125],"texture":"#main"},"down":{"uv":[1.125,2.125,0.75,2.5],"texture":"#main"}}},{"from":[4,-2,0],"to":[12,6,16],"rotation":{"angle":0,"axis":"y","origin":[18,2,8]},"faces":{"north":{"uv":[2,4.125,3,5.125],"texture":"#main"},"east":{"uv":[0,4.125,2,5.125],"texture":"#main"},"south":{"uv":[5,4.125,6,5.125],"texture":"#main"},"west":{"uv":[3,4.125,5,5.125],"texture":"#main"},"up":{"uv":[3,4.125,2,2.125],"texture":"#main"},"down":{"uv":[4,2.125,3,4.125],"texture":"#main"}}},{"from":[5,14,-3],"to":[11,19,5],"rotation":{"angle":0,"axis":"y","origin":[18,18,8]},"faces":{"north":{"uv":[5,3.125,5.75,3.75],"texture":"#main"},"east":{"uv":[4,3.125,5,3.75],"texture":"#main"},"south":{"uv":[6.75,3.125,7.5,3.75],"texture":"#main"},"west":{"uv":[5.75,3.125,6.75,3.75],"texture":"#main"},"up":{"uv":[5.75,3.125,5,2.125],"texture":"#main"},"down":{"uv":[6.5,2.125,5.75,3.125],"texture":"#main"}}},{"from":[6,6,0],"to":[10,14,4],"rotation":{"angle":0,"axis":"y","origin":[18,10,8]},"faces":{"north":{"uv":[0.5,0.5,1,1.5],"texture":"#main"},"east":{"uv":[0,0.5,0.5,1.5],"texture":"#main"},"south":{"uv":[1.5,0.5,2,1.5],"texture":"#main"},"west":{"uv":[1,0.5,1.5,1.5],"texture":"#main"},"up":{"uv":[1,0.5,0.5,0],"texture":"#main"},"down":{"uv":[1.5,0,1,0.5],"texture":"#main"}}},{"from":[8,16,-9],"to":[8,32,9],"rotation":{"angle":0,"axis":"y","origin":[18,22,-6]},"faces":{"north":{"uv":[14.125,5.375,14.25,7.375],"texture":"#main"},"east":{"uv":[3.75,6,6,8],"texture":"#main"},"south":{"uv":[15.875,5,16,7],"texture":"#main"},"west":{"uv":[6.125,6,8.375,8],"texture":"#main"},"up":{"uv":[14.125,4.5,14,2.25],"texture":"#main"},"down":{"uv":[16,3.125,15.875,5.375],"texture":"#main"}}},{"from":[0,9,-8],"to":[16,9,8],"rotation":{"angle":-22.5,"axis":"x","origin":[20,13,7]},"faces":{"north":{"uv":[13.375,3.875,15.375,4],"texture":"#main"},"east":{"uv":[13.25,2.375,15.25,2.5],"texture":"#main"},"south":{"uv":[14,2.75,16,2.875],"texture":"#main"},"west":{"uv":[10.625,2.125,12.625,2.25],"texture":"#main"},"up":{"uv":[4,2,2,0],"texture":"#main"},"down":{"uv":[4,2,2,0],"texture":"#main"}}}],"display":{"head":{"translation":[0,-24,0],"scale":[1.12891,1.12891,1.12891]}}}