{"parent":"physical_parent","textures":{"main":"pokemon/beedrill_animated"},"elements":[{"from":[5,-4,7],"to":[13,6,15],"faces":{"east":{"uv":[0.5625,0,1.0625,0.625],"texture":"#main"},"south":{"uv":[0.5625,0,1.0625,0.625],"texture":"#main"},"north":{"uv":[0,0,0.5,0.625],"texture":"#main"},"west":{"uv":[0.5625,0,1.0625,0.625],"texture":"#main"},"up":{"uv":[0,0.6875,0.5,1.1875],"texture":"#main"},"down":{"uv":[0,0.6875,0.5,1.1875],"texture":"#main"}}},{"from":[6,-3,6],"to":[12,5,7],"faces":{"east":{"uv":[0.125,0.0625,0.1875,0.5625],"texture":"#main"},"north":{"uv":[0.0625,0.0625,0.4375,0.5625],"texture":"#main"},"west":{"uv":[0.3125,0.0625,0.375,0.5625],"texture":"#main"},"up":{"uv":[0.0625,0.5,0.4375,0.5625],"texture":"#main"},"down":{"uv":[0.0625,0.5,0.4375,0.5625],"texture":"#main"}}},{"from":[6,-3,15],"to":[12,5,16],"faces":{"east":{"uv":[0.3125,0.0625,0.375,0.5625],"texture":"#main"},"south":{"uv":[0.625,0.0625,1,0.5625],"texture":"#main"},"west":{"uv":[0.3125,0.0625,0.375,0.5625],"texture":"#main"},"up":{"uv":[0.0625,0.5,0.4375,0.5625],"texture":"#main"},"down":{"uv":[0.0625,0.5,0.4375,0.5625],"texture":"#main"}}},{"from":[13,-3,8],"to":[14,5,14],"faces":{"east":{"uv":[0.625,0.0625,1,0.5625],"texture":"#main"},"south":{"uv":[0.3125,0.0625,0.375,0.5625],"texture":"#main"},"north":{"uv":[0.3125,0.0625,0.375,0.5625],"texture":"#main"},"up":{"uv":[0.0625,0.5,0.4375,0.5625],"texture":"#main"},"down":{"uv":[0.0625,0.5,0.4375,0.5625],"texture":"#main","rotation":90}}},{"from":[4,-3,8],"to":[5,5,14],"faces":{"south":{"uv":[0.3125,0.0625,0.375,0.5625],"texture":"#main"},"north":{"uv":[0.3125,0.0625,0.375,0.5625],"texture":"#main"},"west":{"uv":[0.625,0.0625,1,0.5625],"texture":"#main"},"up":{"uv":[0.0625,0.5,0.4375,0.5625],"texture":"#main"},"down":{"uv":[0.0625,0.5,0.4375,0.5625],"texture":"#main","rotation":90}}},{"rotation":{"origin":[8,-3,8],"angle":22.5,"axis":"x"},"from":[8,-7,9],"to":[10,-1,11],"faces":{"east":{"uv":[0.75,0.6875,0.875,1.0625],"texture":"#main"},"south":{"uv":[0.75,0.6875,0.875,1.0625],"texture":"#main"},"north":{"uv":[0.5625,0.6875,0.6875,1.0625],"texture":"#main"},"west":{"uv":[0.5625,0.6875,0.6875,1.0625],"texture":"#main","rotation":180},"down":{"uv":[0.9375,0.6875,1.0625,0.8125],"texture":"#main"}}},{"rotation":{"origin":[7.5,-6.160594,5.5],"angle":45,"axis":"x"},"from":[8.5,-8.1606,7.5],"to":[9.5,-4.1606,8.5],"faces":{"east":{"uv":[0.625,1.125,0.6875,1.375],"texture":"#main"},"south":{"uv":[0.625,1.125,0.6875,1.375],"texture":"#main"},"north":{"uv":[0.625,1.125,0.6875,1.375],"texture":"#main"},"west":{"uv":[0.625,1.125,0.6875,1.375],"texture":"#main"},"down":{"uv":[0.625,1.125,0.6875,1.375],"texture":"#main"}}},{"from":[6,6,8],"to":[12,12,14],"faces":{"east":{"uv":[0.4375,1.4375,0.8125,1.8125],"texture":"#main"},"south":{"uv":[0.875,1.4375,1.25,1.8125],"texture":"#main"},"north":{"uv":[0,1.4375,0.375,1.8125],"texture":"#main"},"west":{"uv":[0.4375,1.4375,0.8125,1.8125],"texture":"#main"},"up":{"uv":[0.875,1.4375,1.0625,1.5625],"texture":"#main","rotation":90}}},{"from":[6,12,5],"to":[12,18,12],"faces":{"east":{"uv":[1.8125,1.875,2.25,2.25],"texture":"#main"},"south":{"uv":[1.75,1.4375,2.125,1.8125],"texture":"#main"},"north":{"uv":[1.3125,1.4375,1.625,1.8125],"texture":"#main"},"west":{"uv":[1.3125,1.875,1.75,2.25],"texture":"#main"},"up":{"uv":[0.875,1.4375,1.25,1.875],"texture":"#main"},"down":{"uv":[0.875,1.4375,1.25,1.875],"texture":"#main","rotation":90}}},{"rotation":{"origin":[13,8,8],"angle":22.5,"axis":"z"},"from":[7,18,9],"to":[13,24,9.1],"faces":{"south":{"uv":[3.0625,0.75,3.5,1.25],"texture":"#main"},"north":{"uv":[2.5,0.75,2.9375,1.25],"texture":"#main"}}},{"rotation":{"origin":[3,9,8],"angle":-22.5,"axis":"z"},"from":[5,19,9],"to":[11,25,9.1],"faces":{"south":{"uv":[2.5,0.75,2.9375,1.25],"texture":"#main"},"north":{"uv":[3.0625,0.75,3.5,1.25],"texture":"#main"}}},{"rotation":{"origin":[13,8,6],"angle":-22.5,"axis":"y"},"from":[14,5,13],"to":[24,25,13.1],"faces":{"south":{"uv":[3.1875,2.6875,3.875,4],"texture":"#main"},"north":{"uv":[2.5,2.6875,3.1875,4],"texture":"#main"}}},{"rotation":{"origin":[-6,8,10.5],"angle":22.5,"axis":"y"},"from":[-5,5,17.5],"to":[5,25,17.6],"faces":{"south":{"uv":[2.5,2.6875,3.1875,4],"texture":"#main"},"north":{"uv":[3.1875,2.6875,3.875,4],"texture":"#main"}}},{"from":[0,8,9],"to":[18,10,11],"faces":{"south":{"uv":[1.1875,0.0625,2.25,0.1875],"texture":"#main"},"north":{"uv":[1.125,0.0625,2.25,0.1875],"texture":"#main"},"up":{"uv":[1.1875,0.0625,2.25,0.1875],"texture":"#main"},"down":{"uv":[1.1875,0.0625,2.25,0.1875],"texture":"#main"}}},{"rotation":{"origin":[11.63604,8,13.12132],"angle":45,"axis":"y"},"from":[17.636,7.9,14.1213],"to":[22.636,9.91,16.1213],"faces":{"south":{"uv":[1.1875,0.0625,2.25,0.1875],"texture":"#main"},"north":{"uv":[1.125,0.0625,2.25,0.1875],"texture":"#main"},"up":{"uv":[1.1875,0.0625,2.25,0.1875],"texture":"#main"},"down":{"uv":[1.1875,0.0625,2.25,0.1875],"texture":"#main"}}},{"rotation":{"origin":[14.5,6.6,9.32233],"angle":45,"axis":"y"},"from":[25.5,7.5,10.3223],"to":[29.5,10.5,13.3223],"faces":{"east":{"uv":[0,2.875,0.3125,3.1875],"texture":"#main"},"south":{"uv":[0.5,2.1875,0.8125,2.3375],"texture":"#main"},"north":{"uv":[0.5,2.1875,0.8125,2.3375],"texture":"#main"},"up":{"uv":[0.5,2.1875,0.8125,2.3375],"texture":"#main"},"down":{"uv":[0.5,2.1875,0.8125,2.3375],"texture":"#main"}}},{"rotation":{"origin":[15.91421,6.1,8.5],"angle":45,"axis":"y"},"from":[28.9142,8,9.5],"to":[31.9142,10,11.5],"faces":{"east":{"uv":[0,2.875,0.3125,3.1875],"texture":"#main"},"south":{"uv":[0.5625,2.1875,0.8125,2.3125],"texture":"#main"},"north":{"uv":[0.5625,2.1875,0.8125,2.3125],"texture":"#main"},"up":{"uv":[0.5625,2.1875,0.8125,2.3125],"texture":"#main"},"down":{"uv":[0.5625,2.1875,0.8125,2.3125],"texture":"#main"}}},{"rotation":{"origin":[14.5,6.6,9.32233],"angle":45,"axis":"y"},"from":[19.5,6.5,9.3223],"to":[25.5,11.5,14.3223],"faces":{"east":{"uv":[0,2.875,0.3125,3.1875],"texture":"#main"},"south":{"uv":[0,2.0625,0.4375,2.375],"texture":"#main"},"north":{"uv":[0,2.0625,0.4375,2.375],"texture":"#main","rotation":180},"west":{"uv":[0,2.875,0.3125,3.1875],"texture":"#main"},"up":{"uv":[0,2.0625,0.4375,2.375],"texture":"#main"},"down":{"uv":[0,2.4375,0.4375,2.75],"texture":"#main"}}},{"rotation":{"origin":[3.535534,8.09,15.94975],"angle":45,"axis":"y"},"from":[4.5355,7.99,4.9497],"to":[6.5355,10.01,9.949699],"faces":{"east":{"uv":[1.1875,0.0625,2.25,0.1875],"texture":"#main"},"west":{"uv":[1.1875,0.0625,2.25,0.1875],"texture":"#main"},"up":{"uv":[1.1875,0.0625,2.25,0.1875],"texture":"#main","rotation":90},"down":{"uv":[1.1875,0.0625,2.25,0.1875],"texture":"#main","rotation":90}}},{"rotation":{"origin":[-0.263456,6.69,13.08579],"angle":45,"axis":"y"},"from":[-0.2635,6.59,2.0858],"to":[4.7365,11.59,8.0858],"faces":{"east":{"uv":[0,2.4375,0.4375,2.75],"texture":"#main"},"south":{"uv":[0,2.875,0.3125,3.1875],"texture":"#main"},"north":{"uv":[0,2.875,0.3125,3.1875],"texture":"#main"},"west":{"uv":[0,2.0625,0.4375,2.375],"texture":"#main","rotation":180},"up":{"uv":[0,2.0625,0.4375,2.375],"texture":"#main","rotation":270},"down":{"uv":[0,2.0625,0.4375,2.375],"texture":"#main","rotation":90}}},{"rotation":{"origin":[-0.263456,6.69,13.08579],"angle":45,"axis":"y"},"from":[0.7365,7.59,-1.9142],"to":[3.7365,10.59,3.0858],"faces":{"east":{"uv":[0.5,2.1875,0.8125,2.3375],"texture":"#main","rotation":270},"north":{"uv":[0,2.875,0.3125,3.1875],"texture":"#main"},"west":{"uv":[0.5,2.1875,0.8125,2.3375],"texture":"#main"},"up":{"uv":[0.5,2.1875,0.8125,2.3375],"texture":"#main","rotation":180},"down":{"uv":[0.5,2.1875,0.8125,2.3375],"texture":"#main"}}},{"rotation":{"origin":[-1.085786,6.19,11.67157],"angle":45,"axis":"y"},"from":[-0.0858,8.09,-4.3284],"to":[1.9142,10.09,-1.328399],"faces":{"east":{"uv":[0.5625,2.1875,0.8125,2.3125],"texture":"#main"},"north":{"uv":[0,2.875,0.3125,3.1875],"texture":"#main"},"west":{"uv":[0.5625,2.1875,0.8125,2.3125],"texture":"#main"},"up":{"uv":[0.5625,2.1875,0.8125,2.3125],"texture":"#main","rotation":270},"down":{"uv":[0.5625,2.1875,0.8125,2.3125],"texture":"#main"}}},{"rotation":{"origin":[8.060711,11.81235,12],"angle":-22.5,"axis":"z"},"from":[6.1507,-1,9],"to":[8.1607,5.812352,11],"faces":{"east":{"uv":[1.1875,0.0625,2.25,0.1875],"texture":"#main","rotation":90},"south":{"uv":[1.1875,0.0625,2.25,0.1875],"texture":"#main","rotation":270},"north":{"uv":[1.1875,0.0625,2.25,0.1875],"texture":"#main","rotation":90},"west":{"uv":[1.1875,0.0625,2.25,0.1875],"texture":"#main","rotation":90},"up":{"uv":[1.1875,0.0625,2.25,0.1875],"texture":"#main","rotation":270},"down":{"uv":[1.1875,0.0625,2.25,0.1875],"texture":"#main","rotation":270}}},{"rotation":{"origin":[12.61151,12.50501,12],"angle":22.5,"axis":"z"},"from":[10.7015,-1.3073,9],"to":[12.7115,6.505052,11],"faces":{"east":{"uv":[1.1875,0.0625,2.25,0.1875],"texture":"#main","rotation":90},"south":{"uv":[1.1875,0.0625,2.25,0.1875],"texture":"#main","rotation":90},"north":{"uv":[1.1875,0.0625,2.25,0.1875],"texture":"#main","rotation":90},"west":{"uv":[1.1875,0.0625,2.25,0.1875],"texture":"#main","rotation":90},"up":{"uv":[1.1875,0.0625,2.25,0.1875],"texture":"#main","rotation":270},"down":{"uv":[1.1875,0.0625,2.25,0.1875],"texture":"#main","rotation":90}}},{"from":[1.393,-13.1061,8.99],"to":[3.403,0.7062511,11.09],"faces":{"east":{"uv":[1.1875,0.0625,2.25,0.1875],"texture":"#main","rotation":90},"south":{"uv":[1.1875,0.0625,2.25,0.1875],"texture":"#main","rotation":270},"north":{"uv":[1.1875,0.0625,2.25,0.1875],"texture":"#main","rotation":90},"west":{"uv":[1.1875,0.0625,2.25,0.1875],"texture":"#main","rotation":90},"up":{"uv":[1.1875,0.0625,2.25,0.1875],"texture":"#main","rotation":270},"down":{"uv":[1.1875,0.0625,2.25,0.1875],"texture":"#main","rotation":270}}},{"from":[15.9797,-13.03,8.99],"to":[17.9897,-0.2176485,11.09],"faces":{"east":{"uv":[1.1875,0.0625,2.25,0.1875],"texture":"#main","rotation":90},"south":{"uv":[1.1875,0.0625,2.25,0.1875],"texture":"#main","rotation":270},"north":{"uv":[1.1875,0.0625,2.25,0.1875],"texture":"#main","rotation":90},"west":{"uv":[1.1875,0.0625,2.25,0.1875],"texture":"#main","rotation":90},"up":{"uv":[1.1875,0.0625,2.25,0.1875],"texture":"#main","rotation":270},"down":{"uv":[1.1875,0.0625,2.25,0.1875],"texture":"#main","rotation":270}}},{"from":[5,-4,7],"to":[13,6,15],"faces":{"east":{"uv":[4.5625,0,5.0625,0.625],"texture":"#main"},"south":{"uv":[4.5625,0,5.0625,0.625],"texture":"#main"},"north":{"uv":[4,0,4.5,0.625],"texture":"#main"},"west":{"uv":[4.5625,0,5.0625,0.625],"texture":"#main"},"up":{"uv":[4,0.6875,4.5,1.1875],"texture":"#main"},"down":{"uv":[4,0.6875,4.5,1.1875],"texture":"#main"}}},{"from":[6,-3,6],"to":[12,5,7],"faces":{"east":{"uv":[4.125,0.0625,4.1875,0.5625],"texture":"#main"},"north":{"uv":[4.0625,0.0625,4.4375,0.5625],"texture":"#main"},"west":{"uv":[4.3125,0.0625,4.375,0.5625],"texture":"#main"},"up":{"uv":[4.0625,0.5,4.4375,0.5625],"texture":"#main"},"down":{"uv":[4.0625,0.5,4.4375,0.5625],"texture":"#main"}}},{"from":[6,-3,15],"to":[12,5,16],"faces":{"east":{"uv":[4.3125,0.0625,4.375,0.5625],"texture":"#main"},"south":{"uv":[4.625,0.0625,5,0.5625],"texture":"#main"},"west":{"uv":[4.3125,0.0625,4.375,0.5625],"texture":"#main"},"up":{"uv":[4.0625,0.5,4.4375,0.5625],"texture":"#main"},"down":{"uv":[4.0625,0.5,4.4375,0.5625],"texture":"#main"}}},{"from":[13,-3,8],"to":[14,5,14],"faces":{"east":{"uv":[4.625,0.0625,5,0.5625],"texture":"#main"},"south":{"uv":[4.3125,0.0625,4.375,0.5625],"texture":"#main"},"north":{"uv":[4.3125,0.0625,4.375,0.5625],"texture":"#main"},"up":{"uv":[4.0625,0.5,4.4375,0.5625],"texture":"#main"},"down":{"uv":[4.0625,0.5,4.4375,0.5625],"texture":"#main","rotation":90}}},{"from":[4,-3,8],"to":[5,5,14],"faces":{"south":{"uv":[4.3125,0.0625,4.375,0.5625],"texture":"#main"},"north":{"uv":[4.3125,0.0625,4.375,0.5625],"texture":"#main"},"west":{"uv":[4.625,0.0625,5,0.5625],"texture":"#main"},"up":{"uv":[4.0625,0.5,4.4375,0.5625],"texture":"#main"},"down":{"uv":[4.0625,0.5,4.4375,0.5625],"texture":"#main","rotation":90}}},{"rotation":{"origin":[8,-3,8],"angle":22.5,"axis":"x"},"from":[8,-7,9],"to":[10,-1,11],"faces":{"east":{"uv":[4.75,0.6875,4.875,1.0625],"texture":"#main"},"south":{"uv":[4.75,0.6875,4.875,1.0625],"texture":"#main"},"north":{"uv":[4.5625,0.6875,4.6875,1.0625],"texture":"#main"},"west":{"uv":[4.5625,0.6875,4.6875,1.0625],"texture":"#main","rotation":180},"down":{"uv":[4.9375,0.6875,5.0625,0.8125],"texture":"#main"}}},{"rotation":{"origin":[7.5,-6.160594,5.5],"angle":45,"axis":"x"},"from":[8.5,-8.1606,7.5],"to":[9.5,-4.1606,8.5],"faces":{"east":{"uv":[4.625,1.125,4.6875,1.375],"texture":"#main"},"south":{"uv":[4.625,1.125,4.6875,1.375],"texture":"#main"},"north":{"uv":[4.625,1.125,4.6875,1.375],"texture":"#main"},"west":{"uv":[4.625,1.125,4.6875,1.375],"texture":"#main"},"down":{"uv":[4.625,1.125,4.6875,1.375],"texture":"#main"}}},{"from":[6,6,8],"to":[12,12,14],"faces":{"east":{"uv":[4.4375,1.4375,4.8125,1.8125],"texture":"#main"},"south":{"uv":[4.875,1.4375,5.25,1.8125],"texture":"#main"},"north":{"uv":[4,1.4375,4.375,1.8125],"texture":"#main"},"west":{"uv":[4.4375,1.4375,4.8125,1.8125],"texture":"#main"},"up":{"uv":[4.875,1.4375,5.0625,1.5625],"texture":"#main","rotation":90}}},{"from":[6,12,5],"to":[12,18,12],"faces":{"east":{"uv":[5.8125,1.875,6.25,2.25],"texture":"#main"},"south":{"uv":[5.75,1.4375,6.125,1.8125],"texture":"#main"},"north":{"uv":[5.3125,1.4375,5.625,1.8125],"texture":"#main"},"west":{"uv":[5.3125,1.875,5.75,2.25],"texture":"#main"},"up":{"uv":[4.875,1.4375,5.25,1.875],"texture":"#main"},"down":{"uv":[4.875,1.4375,5.25,1.875],"texture":"#main","rotation":90}}},{"rotation":{"origin":[13,8,8],"angle":22.5,"axis":"z"},"from":[7,18,9],"to":[13,24,9.1],"faces":{"south":{"uv":[7.0625,0.75,7.5,1.25],"texture":"#main"},"north":{"uv":[6.5,0.75,6.9375,1.25],"texture":"#main"}}},{"rotation":{"origin":[3,9,8],"angle":-22.5,"axis":"z"},"from":[5,19,9],"to":[11,25,9.1],"faces":{"south":{"uv":[6.5,0.75,6.9375,1.25],"texture":"#main"},"north":{"uv":[7.0625,0.75,7.5,1.25],"texture":"#main"}}},{"rotation":{"origin":[14.5,8,7.125],"angle":-45,"axis":"y"},"from":[15.5,5,14.125],"to":[25.5,25,14.225],"faces":{"south":{"uv":[7.1875,2.6875,7.875,4],"texture":"#main"},"north":{"uv":[6.5,2.6875,7.1875,4],"texture":"#main"}}},{"rotation":{"origin":[-5,8,15.625],"angle":45,"axis":"y"},"from":[-4,5,22.625],"to":[6,25,22.725],"faces":{"south":{"uv":[6.5,2.6875,7.1875,4],"texture":"#main"},"north":{"uv":[7.1875,2.6875,7.875,4],"texture":"#main"}}},{"from":[0,8,9],"to":[18,10,11],"faces":{"south":{"uv":[5.1875,0.0625,6.25,0.1875],"texture":"#main"},"north":{"uv":[5.125,0.0625,6.25,0.1875],"texture":"#main"},"up":{"uv":[5.1875,0.0625,6.25,0.1875],"texture":"#main"},"down":{"uv":[5.1875,0.0625,6.25,0.1875],"texture":"#main"}}},{"rotation":{"origin":[11.63604,8,13.12132],"angle":45,"axis":"y"},"from":[17.636,7.9,14.1213],"to":[22.636,9.91,16.1213],"faces":{"south":{"uv":[5.1875,0.0625,6.25,0.1875],"texture":"#main"},"north":{"uv":[5.125,0.0625,6.25,0.1875],"texture":"#main"},"up":{"uv":[5.1875,0.0625,6.25,0.1875],"texture":"#main"},"down":{"uv":[5.1875,0.0625,6.25,0.1875],"texture":"#main"}}},{"rotation":{"origin":[14.5,6.6,9.32233],"angle":45,"axis":"y"},"from":[25.5,7.5,10.3223],"to":[29.5,10.5,13.3223],"faces":{"east":{"uv":[4,2.875,4.3125,3.1875],"texture":"#main"},"south":{"uv":[4.5,2.1875,4.8125,2.3375],"texture":"#main"},"north":{"uv":[4.5,2.1875,4.8125,2.3375],"texture":"#main"},"up":{"uv":[4.5,2.1875,4.8125,2.3375],"texture":"#main"},"down":{"uv":[4.5,2.1875,4.8125,2.3375],"texture":"#main"}}},{"rotation":{"origin":[15.91421,6.1,8.5],"angle":45,"axis":"y"},"from":[28.9142,8,9.5],"to":[31.9142,10,11.5],"faces":{"east":{"uv":[4,2.875,4.3125,3.1875],"texture":"#main"},"south":{"uv":[4.5625,2.1875,4.8125,2.3125],"texture":"#main"},"north":{"uv":[4.5625,2.1875,4.8125,2.3125],"texture":"#main"},"up":{"uv":[4.5625,2.1875,4.8125,2.3125],"texture":"#main"},"down":{"uv":[4.5625,2.1875,4.8125,2.3125],"texture":"#main"}}},{"rotation":{"origin":[14.5,6.6,9.32233],"angle":45,"axis":"y"},"from":[19.5,6.5,9.3223],"to":[25.5,11.5,14.3223],"faces":{"east":{"uv":[4,2.875,4.3125,3.1875],"texture":"#main"},"south":{"uv":[4,2.0625,4.4375,2.375],"texture":"#main"},"north":{"uv":[4,2.0625,4.4375,2.375],"texture":"#main","rotation":180},"west":{"uv":[4,2.875,4.3125,3.1875],"texture":"#main"},"up":{"uv":[4,2.0625,4.4375,2.375],"texture":"#main"},"down":{"uv":[4,2.4375,4.4375,2.75],"texture":"#main"}}},{"rotation":{"origin":[3.535534,8.09,15.94975],"angle":45,"axis":"y"},"from":[4.5355,7.99,4.9497],"to":[6.5355,10.01,9.949699],"faces":{"east":{"uv":[5.1875,0.0625,6.25,0.1875],"texture":"#main"},"west":{"uv":[5.1875,0.0625,6.25,0.1875],"texture":"#main"},"up":{"uv":[5.1875,0.0625,6.25,0.1875],"texture":"#main","rotation":90},"down":{"uv":[5.1875,0.0625,6.25,0.1875],"texture":"#main","rotation":90}}},{"rotation":{"origin":[-0.263456,6.69,13.08579],"angle":45,"axis":"y"},"from":[-0.2635,6.59,2.0858],"to":[4.7365,11.59,8.0858],"faces":{"east":{"uv":[4,2.4375,4.4375,2.75],"texture":"#main"},"south":{"uv":[4,2.875,4.3125,3.1875],"texture":"#main"},"north":{"uv":[4,2.875,4.3125,3.1875],"texture":"#main"},"west":{"uv":[4,2.0625,4.4375,2.375],"texture":"#main","rotation":180},"up":{"uv":[4,2.0625,4.4375,2.375],"texture":"#main","rotation":270},"down":{"uv":[4,2.0625,4.4375,2.375],"texture":"#main","rotation":90}}},{"rotation":{"origin":[-0.263456,6.69,13.08579],"angle":45,"axis":"y"},"from":[0.7365,7.59,-1.9142],"to":[3.7365,10.59,3.0858],"faces":{"east":{"uv":[4.5,2.1875,4.8125,2.3375],"texture":"#main","rotation":270},"north":{"uv":[4,2.875,4.3125,3.1875],"texture":"#main"},"west":{"uv":[4.5,2.1875,4.8125,2.3375],"texture":"#main"},"up":{"uv":[4.5,2.1875,4.8125,2.3375],"texture":"#main","rotation":180},"down":{"uv":[4.5,2.1875,4.8125,2.3375],"texture":"#main"}}},{"rotation":{"origin":[-1.085786,6.19,11.67157],"angle":45,"axis":"y"},"from":[-0.0858,8.09,-4.3284],"to":[1.9142,10.09,-1.328399],"faces":{"east":{"uv":[4.5625,2.1875,4.8125,2.3125],"texture":"#main"},"north":{"uv":[4,2.875,4.3125,3.1875],"texture":"#main"},"west":{"uv":[4.5625,2.1875,4.8125,2.3125],"texture":"#main"},"up":{"uv":[4.5625,2.1875,4.8125,2.3125],"texture":"#main","rotation":270},"down":{"uv":[4.5625,2.1875,4.8125,2.3125],"texture":"#main"}}},{"rotation":{"origin":[8.060711,11.81235,12],"angle":-22.5,"axis":"z"},"from":[6.1507,-1,9],"to":[8.1607,5.812352,11],"faces":{"east":{"uv":[5.1875,0.0625,6.25,0.1875],"texture":"#main","rotation":90},"south":{"uv":[5.1875,0.0625,6.25,0.1875],"texture":"#main","rotation":270},"north":{"uv":[5.1875,0.0625,6.25,0.1875],"texture":"#main","rotation":90},"west":{"uv":[5.1875,0.0625,6.25,0.1875],"texture":"#main","rotation":90},"up":{"uv":[5.1875,0.0625,6.25,0.1875],"texture":"#main","rotation":270},"down":{"uv":[5.1875,0.0625,6.25,0.1875],"texture":"#main","rotation":270}}},{"rotation":{"origin":[12.61151,12.50501,12],"angle":22.5,"axis":"z"},"from":[10.7015,-1.3073,9],"to":[12.7115,6.505052,11],"faces":{"east":{"uv":[5.1875,0.0625,6.25,0.1875],"texture":"#main","rotation":90},"south":{"uv":[5.1875,0.0625,6.25,0.1875],"texture":"#main","rotation":90},"north":{"uv":[5.1875,0.0625,6.25,0.1875],"texture":"#main","rotation":90},"west":{"uv":[5.1875,0.0625,6.25,0.1875],"texture":"#main","rotation":90},"up":{"uv":[5.1875,0.0625,6.25,0.1875],"texture":"#main","rotation":270},"down":{"uv":[5.1875,0.0625,6.25,0.1875],"texture":"#main","rotation":90}}},{"from":[1.393,-13.1061,8.99],"to":[3.403,0.7062511,11.09],"faces":{"east":{"uv":[5.1875,0.0625,6.25,0.1875],"texture":"#main","rotation":90},"south":{"uv":[5.1875,0.0625,6.25,0.1875],"texture":"#main","rotation":270},"north":{"uv":[5.1875,0.0625,6.25,0.1875],"texture":"#main","rotation":90},"west":{"uv":[5.1875,0.0625,6.25,0.1875],"texture":"#main","rotation":90},"up":{"uv":[5.1875,0.0625,6.25,0.1875],"texture":"#main","rotation":270},"down":{"uv":[5.1875,0.0625,6.25,0.1875],"texture":"#main","rotation":270}}},{"from":[15.9797,-13.03,8.99],"to":[17.9897,-0.2176485,11.09],"faces":{"east":{"uv":[5.1875,0.0625,6.25,0.1875],"texture":"#main","rotation":90},"south":{"uv":[5.1875,0.0625,6.25,0.1875],"texture":"#main","rotation":270},"north":{"uv":[5.1875,0.0625,6.25,0.1875],"texture":"#main","rotation":90},"west":{"uv":[5.1875,0.0625,6.25,0.1875],"texture":"#main","rotation":90},"up":{"uv":[5.1875,0.0625,6.25,0.1875],"texture":"#main","rotation":270},"down":{"uv":[5.1875,0.0625,6.25,0.1875],"texture":"#main","rotation":270}}},{"from":[5,-4,7],"to":[13,6,15],"faces":{"east":{"uv":[8.5625,0,9.0625,0.625],"texture":"#main"},"south":{"uv":[8.5625,0,9.0625,0.625],"texture":"#main"},"north":{"uv":[8,0,8.5,0.625],"texture":"#main"},"west":{"uv":[8.5625,0,9.0625,0.625],"texture":"#main"},"up":{"uv":[8,0.6875,8.5,1.1875],"texture":"#main"},"down":{"uv":[8,0.6875,8.5,1.1875],"texture":"#main"}}},{"from":[6,-3,6],"to":[12,5,7],"faces":{"east":{"uv":[8.125,0.0625,8.1875,0.5625],"texture":"#main"},"north":{"uv":[8.0625,0.0625,8.4375,0.5625],"texture":"#main"},"west":{"uv":[8.3125,0.0625,8.375,0.5625],"texture":"#main"},"up":{"uv":[8.0625,0.5,8.4375,0.5625],"texture":"#main"},"down":{"uv":[8.0625,0.5,8.4375,0.5625],"texture":"#main"}}},{"from":[6,-3,15],"to":[12,5,16],"faces":{"east":{"uv":[8.3125,0.0625,8.375,0.5625],"texture":"#main"},"south":{"uv":[8.625,0.0625,9,0.5625],"texture":"#main"},"west":{"uv":[8.3125,0.0625,8.375,0.5625],"texture":"#main"},"up":{"uv":[8.0625,0.5,8.4375,0.5625],"texture":"#main"},"down":{"uv":[8.0625,0.5,8.4375,0.5625],"texture":"#main"}}},{"from":[13,-3,8],"to":[14,5,14],"faces":{"east":{"uv":[8.625,0.0625,9,0.5625],"texture":"#main"},"south":{"uv":[8.3125,0.0625,8.375,0.5625],"texture":"#main"},"north":{"uv":[8.3125,0.0625,8.375,0.5625],"texture":"#main"},"up":{"uv":[8.0625,0.5,8.4375,0.5625],"texture":"#main"},"down":{"uv":[8.0625,0.5,8.4375,0.5625],"texture":"#main","rotation":90}}},{"from":[4,-3,8],"to":[5,5,14],"faces":{"south":{"uv":[8.3125,0.0625,8.375,0.5625],"texture":"#main"},"north":{"uv":[8.3125,0.0625,8.375,0.5625],"texture":"#main"},"west":{"uv":[8.625,0.0625,9,0.5625],"texture":"#main"},"up":{"uv":[8.0625,0.5,8.4375,0.5625],"texture":"#main"},"down":{"uv":[8.0625,0.5,8.4375,0.5625],"texture":"#main","rotation":90}}},{"rotation":{"origin":[8,-3,8],"angle":22.5,"axis":"x"},"from":[8,-7,9],"to":[10,-1,11],"faces":{"east":{"uv":[8.75,0.6875,8.875,1.0625],"texture":"#main"},"south":{"uv":[8.75,0.6875,8.875,1.0625],"texture":"#main"},"north":{"uv":[8.5625,0.6875,8.6875,1.0625],"texture":"#main"},"west":{"uv":[8.5625,0.6875,8.6875,1.0625],"texture":"#main","rotation":180},"down":{"uv":[8.9375,0.6875,9.0625,0.8125],"texture":"#main"}}},{"rotation":{"origin":[7.5,-6.160594,5.5],"angle":45,"axis":"x"},"from":[8.5,-8.1606,7.5],"to":[9.5,-4.1606,8.5],"faces":{"east":{"uv":[8.625,1.125,8.6875,1.375],"texture":"#main"},"south":{"uv":[8.625,1.125,8.6875,1.375],"texture":"#main"},"north":{"uv":[8.625,1.125,8.6875,1.375],"texture":"#main"},"west":{"uv":[8.625,1.125,8.6875,1.375],"texture":"#main"},"down":{"uv":[8.625,1.125,8.6875,1.375],"texture":"#main"}}},{"from":[6,6,8],"to":[12,12,14],"faces":{"east":{"uv":[8.4375,1.4375,8.8125,1.8125],"texture":"#main"},"south":{"uv":[8.875,1.4375,9.25,1.8125],"texture":"#main"},"north":{"uv":[8,1.4375,8.375,1.8125],"texture":"#main"},"west":{"uv":[8.4375,1.4375,8.8125,1.8125],"texture":"#main"},"up":{"uv":[8.875,1.4375,9.0625,1.5625],"texture":"#main","rotation":90}}},{"from":[6,12,5],"to":[12,18,12],"faces":{"east":{"uv":[9.8125,1.875,10.25,2.25],"texture":"#main"},"south":{"uv":[9.75,1.4375,10.125,1.8125],"texture":"#main"},"north":{"uv":[9.3125,1.4375,9.625,1.8125],"texture":"#main"},"west":{"uv":[9.3125,1.875,9.75,2.25],"texture":"#main"},"up":{"uv":[8.875,1.4375,9.25,1.875],"texture":"#main"},"down":{"uv":[8.875,1.4375,9.25,1.875],"texture":"#main","rotation":90}}},{"rotation":{"origin":[13,8,8],"angle":22.5,"axis":"z"},"from":[7,18,9],"to":[13,24,9.1],"faces":{"south":{"uv":[11.0625,0.75,11.5,1.25],"texture":"#main"},"north":{"uv":[10.5,0.75,10.9375,1.25],"texture":"#main"}}},{"rotation":{"origin":[3,9,8],"angle":-22.5,"axis":"z"},"from":[5,19,9],"to":[11,25,9.1],"faces":{"south":{"uv":[10.5,0.75,10.9375,1.25],"texture":"#main"},"north":{"uv":[11.0625,0.75,11.5,1.25],"texture":"#main"}}},{"rotation":{"origin":[-4.875,8,9.625],"angle":22.5,"axis":"y"},"from":[7.8239,5,18.4031],"to":[7.9239,25,28.4031],"faces":{"east":{"uv":[10.5,2.6875,11.1875,4],"texture":"#main"},"west":{"uv":[11.1875,2.6875,11.875,4],"texture":"#main"}}},{"rotation":{"origin":[-3,7.875,20.25],"angle":-22.5,"axis":"y"},"from":[4,4.875,9.25],"to":[4.1,24.875,19.25],"faces":{"east":{"uv":[10.5,2.6875,11.1875,4],"texture":"#main"},"west":{"uv":[11.1875,2.6875,11.875,4],"texture":"#main"}}},{"from":[0,8,9],"to":[18,10,11],"faces":{"south":{"uv":[9.1875,0.0625,10.25,0.1875],"texture":"#main"},"north":{"uv":[9.125,0.0625,10.25,0.1875],"texture":"#main"},"up":{"uv":[9.1875,0.0625,10.25,0.1875],"texture":"#main"},"down":{"uv":[9.1875,0.0625,10.25,0.1875],"texture":"#main"}}},{"rotation":{"origin":[11.63604,8,13.12132],"angle":45,"axis":"y"},"from":[17.636,7.9,14.1213],"to":[22.636,9.91,16.1213],"faces":{"south":{"uv":[9.1875,0.0625,10.25,0.1875],"texture":"#main"},"north":{"uv":[9.125,0.0625,10.25,0.1875],"texture":"#main"},"up":{"uv":[9.1875,0.0625,10.25,0.1875],"texture":"#main"},"down":{"uv":[9.1875,0.0625,10.25,0.1875],"texture":"#main"}}},{"rotation":{"origin":[14.5,6.6,9.32233],"angle":45,"axis":"y"},"from":[25.5,7.5,10.3223],"to":[29.5,10.5,13.3223],"faces":{"east":{"uv":[8,2.875,8.3125,3.1875],"texture":"#main"},"south":{"uv":[8.5,2.1875,8.8125,2.3375],"texture":"#main"},"north":{"uv":[8.5,2.1875,8.8125,2.3375],"texture":"#main"},"up":{"uv":[8.5,2.1875,8.8125,2.3375],"texture":"#main"},"down":{"uv":[8.5,2.1875,8.8125,2.3375],"texture":"#main"}}},{"rotation":{"origin":[15.91421,6.1,8.5],"angle":45,"axis":"y"},"from":[28.9142,8,9.5],"to":[31.9142,10,11.5],"faces":{"east":{"uv":[8,2.875,8.3125,3.1875],"texture":"#main"},"south":{"uv":[8.5625,2.1875,8.8125,2.3125],"texture":"#main"},"north":{"uv":[8.5625,2.1875,8.8125,2.3125],"texture":"#main"},"up":{"uv":[8.5625,2.1875,8.8125,2.3125],"texture":"#main"},"down":{"uv":[8.5625,2.1875,8.8125,2.3125],"texture":"#main"}}},{"rotation":{"origin":[14.5,6.6,9.32233],"angle":45,"axis":"y"},"from":[19.5,6.5,9.3223],"to":[25.5,11.5,14.3223],"faces":{"east":{"uv":[8,2.875,8.3125,3.1875],"texture":"#main"},"south":{"uv":[8,2.0625,8.4375,2.375],"texture":"#main"},"north":{"uv":[8,2.0625,8.4375,2.375],"texture":"#main","rotation":180},"west":{"uv":[8,2.875,8.3125,3.1875],"texture":"#main"},"up":{"uv":[8,2.0625,8.4375,2.375],"texture":"#main"},"down":{"uv":[8,2.4375,8.4375,2.75],"texture":"#main"}}},{"rotation":{"origin":[3.535534,8.09,15.94975],"angle":45,"axis":"y"},"from":[4.5355,7.99,4.9497],"to":[6.5355,10.01,9.949699],"faces":{"east":{"uv":[9.1875,0.0625,10.25,0.1875],"texture":"#main"},"west":{"uv":[9.1875,0.0625,10.25,0.1875],"texture":"#main"},"up":{"uv":[9.1875,0.0625,10.25,0.1875],"texture":"#main","rotation":90},"down":{"uv":[9.1875,0.0625,10.25,0.1875],"texture":"#main","rotation":90}}},{"rotation":{"origin":[-0.263456,6.69,13.08579],"angle":45,"axis":"y"},"from":[-0.2635,6.59,2.0858],"to":[4.7365,11.59,8.0858],"faces":{"east":{"uv":[8,2.4375,8.4375,2.75],"texture":"#main"},"south":{"uv":[8,2.875,8.3125,3.1875],"texture":"#main"},"north":{"uv":[8,2.875,8.3125,3.1875],"texture":"#main"},"west":{"uv":[8,2.0625,8.4375,2.375],"texture":"#main","rotation":180},"up":{"uv":[8,2.0625,8.4375,2.375],"texture":"#main","rotation":270},"down":{"uv":[8,2.0625,8.4375,2.375],"texture":"#main","rotation":90}}},{"rotation":{"origin":[-0.263456,6.69,13.08579],"angle":45,"axis":"y"},"from":[0.7365,7.59,-1.9142],"to":[3.7365,10.59,3.0858],"faces":{"east":{"uv":[8.5,2.1875,8.8125,2.3375],"texture":"#main","rotation":270},"north":{"uv":[8,2.875,8.3125,3.1875],"texture":"#main"},"west":{"uv":[8.5,2.1875,8.8125,2.3375],"texture":"#main"},"up":{"uv":[8.5,2.1875,8.8125,2.3375],"texture":"#main","rotation":180},"down":{"uv":[8.5,2.1875,8.8125,2.3375],"texture":"#main"}}},{"rotation":{"origin":[-1.085786,6.19,11.67157],"angle":45,"axis":"y"},"from":[-0.0858,8.09,-4.3284],"to":[1.9142,10.09,-1.328399],"faces":{"east":{"uv":[8.5625,2.1875,8.8125,2.3125],"texture":"#main"},"north":{"uv":[8,2.875,8.3125,3.1875],"texture":"#main"},"west":{"uv":[8.5625,2.1875,8.8125,2.3125],"texture":"#main"},"up":{"uv":[8.5625,2.1875,8.8125,2.3125],"texture":"#main","rotation":270},"down":{"uv":[8.5625,2.1875,8.8125,2.3125],"texture":"#main"}}},{"rotation":{"origin":[8.060711,11.81235,12],"angle":-22.5,"axis":"z"},"from":[6.1507,-1,9],"to":[8.1607,5.812352,11],"faces":{"east":{"uv":[9.1875,0.0625,10.25,0.1875],"texture":"#main","rotation":90},"south":{"uv":[9.1875,0.0625,10.25,0.1875],"texture":"#main","rotation":270},"north":{"uv":[9.1875,0.0625,10.25,0.1875],"texture":"#main","rotation":90},"west":{"uv":[9.1875,0.0625,10.25,0.1875],"texture":"#main","rotation":90},"up":{"uv":[9.1875,0.0625,10.25,0.1875],"texture":"#main","rotation":270},"down":{"uv":[9.1875,0.0625,10.25,0.1875],"texture":"#main","rotation":270}}},{"rotation":{"origin":[12.61151,12.50501,12],"angle":22.5,"axis":"z"},"from":[10.7015,-1.3073,9],"to":[12.7115,6.505052,11],"faces":{"east":{"uv":[9.1875,0.0625,10.25,0.1875],"texture":"#main","rotation":90},"south":{"uv":[9.1875,0.0625,10.25,0.1875],"texture":"#main","rotation":90},"north":{"uv":[9.1875,0.0625,10.25,0.1875],"texture":"#main","rotation":90},"west":{"uv":[9.1875,0.0625,10.25,0.1875],"texture":"#main","rotation":90},"up":{"uv":[9.1875,0.0625,10.25,0.1875],"texture":"#main","rotation":270},"down":{"uv":[9.1875,0.0625,10.25,0.1875],"texture":"#main","rotation":90}}},{"from":[1.393,-13.1061,8.99],"to":[3.403,0.7062511,11.09],"faces":{"east":{"uv":[9.1875,0.0625,10.25,0.1875],"texture":"#main","rotation":90},"south":{"uv":[9.1875,0.0625,10.25,0.1875],"texture":"#main","rotation":270},"north":{"uv":[9.1875,0.0625,10.25,0.1875],"texture":"#main","rotation":90},"west":{"uv":[9.1875,0.0625,10.25,0.1875],"texture":"#main","rotation":90},"up":{"uv":[9.1875,0.0625,10.25,0.1875],"texture":"#main","rotation":270},"down":{"uv":[9.1875,0.0625,10.25,0.1875],"texture":"#main","rotation":270}}},{"from":[15.9797,-13.03,8.99],"to":[17.9897,-0.2176485,11.09],"faces":{"east":{"uv":[9.1875,0.0625,10.25,0.1875],"texture":"#main","rotation":90},"south":{"uv":[9.1875,0.0625,10.25,0.1875],"texture":"#main","rotation":270},"north":{"uv":[9.1875,0.0625,10.25,0.1875],"texture":"#main","rotation":90},"west":{"uv":[9.1875,0.0625,10.25,0.1875],"texture":"#main","rotation":90},"up":{"uv":[9.1875,0.0625,10.25,0.1875],"texture":"#main","rotation":270},"down":{"uv":[9.1875,0.0625,10.25,0.1875],"texture":"#main","rotation":270}}},{"from":[5,-4,7],"to":[13,6,15],"faces":{"east":{"uv":[12.5625,0,13.0625,0.625],"texture":"#main"},"south":{"uv":[12.5625,0,13.0625,0.625],"texture":"#main"},"north":{"uv":[12,0,12.5,0.625],"texture":"#main"},"west":{"uv":[12.5625,0,13.0625,0.625],"texture":"#main"},"up":{"uv":[12,0.6875,12.5,1.1875],"texture":"#main"},"down":{"uv":[12,0.6875,12.5,1.1875],"texture":"#main"}}},{"from":[6,-3,6],"to":[12,5,7],"faces":{"east":{"uv":[12.125,0.0625,12.1875,0.5625],"texture":"#main"},"north":{"uv":[12.0625,0.0625,12.4375,0.5625],"texture":"#main"},"west":{"uv":[12.3125,0.0625,12.375,0.5625],"texture":"#main"},"up":{"uv":[12.0625,0.5,12.4375,0.5625],"texture":"#main"},"down":{"uv":[12.0625,0.5,12.4375,0.5625],"texture":"#main"}}},{"from":[6,-3,15],"to":[12,5,16],"faces":{"east":{"uv":[12.3125,0.0625,12.375,0.5625],"texture":"#main"},"south":{"uv":[12.625,0.0625,13,0.5625],"texture":"#main"},"west":{"uv":[12.3125,0.0625,12.375,0.5625],"texture":"#main"},"up":{"uv":[12.0625,0.5,12.4375,0.5625],"texture":"#main"},"down":{"uv":[12.0625,0.5,12.4375,0.5625],"texture":"#main"}}},{"from":[13,-3,8],"to":[14,5,14],"faces":{"east":{"uv":[12.625,0.0625,13,0.5625],"texture":"#main"},"south":{"uv":[12.3125,0.0625,12.375,0.5625],"texture":"#main"},"north":{"uv":[12.3125,0.0625,12.375,0.5625],"texture":"#main"},"up":{"uv":[12.0625,0.5,12.4375,0.5625],"texture":"#main"},"down":{"uv":[12.0625,0.5,12.4375,0.5625],"texture":"#main","rotation":90}}},{"from":[4,-3,8],"to":[5,5,14],"faces":{"south":{"uv":[12.3125,0.0625,12.375,0.5625],"texture":"#main"},"north":{"uv":[12.3125,0.0625,12.375,0.5625],"texture":"#main"},"west":{"uv":[12.625,0.0625,13,0.5625],"texture":"#main"},"up":{"uv":[12.0625,0.5,12.4375,0.5625],"texture":"#main"},"down":{"uv":[12.0625,0.5,12.4375,0.5625],"texture":"#main","rotation":90}}},{"rotation":{"origin":[8,-3,8],"angle":22.5,"axis":"x"},"from":[8,-7,9],"to":[10,-1,11],"faces":{"east":{"uv":[12.75,0.6875,12.875,1.0625],"texture":"#main"},"south":{"uv":[12.75,0.6875,12.875,1.0625],"texture":"#main"},"north":{"uv":[12.5625,0.6875,12.6875,1.0625],"texture":"#main"},"west":{"uv":[12.5625,0.6875,12.6875,1.0625],"texture":"#main","rotation":180},"down":{"uv":[12.9375,0.6875,13.0625,0.8125],"texture":"#main"}}},{"rotation":{"origin":[7.5,-6.160594,5.5],"angle":45,"axis":"x"},"from":[8.5,-8.1606,7.5],"to":[9.5,-4.1606,8.5],"faces":{"east":{"uv":[12.625,1.125,12.6875,1.375],"texture":"#main"},"south":{"uv":[12.625,1.125,12.6875,1.375],"texture":"#main"},"north":{"uv":[12.625,1.125,12.6875,1.375],"texture":"#main"},"west":{"uv":[12.625,1.125,12.6875,1.375],"texture":"#main"},"down":{"uv":[12.625,1.125,12.6875,1.375],"texture":"#main"}}},{"from":[6,6,8],"to":[12,12,14],"faces":{"east":{"uv":[12.4375,1.4375,12.8125,1.8125],"texture":"#main"},"south":{"uv":[12.875,1.4375,13.25,1.8125],"texture":"#main"},"north":{"uv":[12,1.4375,12.375,1.8125],"texture":"#main"},"west":{"uv":[12.4375,1.4375,12.8125,1.8125],"texture":"#main"},"up":{"uv":[12.875,1.4375,13.0625,1.5625],"texture":"#main","rotation":90}}},{"from":[6,12,5],"to":[12,18,12],"faces":{"east":{"uv":[13.8125,1.875,14.25,2.25],"texture":"#main"},"south":{"uv":[13.75,1.4375,14.125,1.8125],"texture":"#main"},"north":{"uv":[13.3125,1.4375,13.625,1.8125],"texture":"#main"},"west":{"uv":[13.3125,1.875,13.75,2.25],"texture":"#main"},"up":{"uv":[12.875,1.4375,13.25,1.875],"texture":"#main"},"down":{"uv":[12.875,1.4375,13.25,1.875],"texture":"#main","rotation":90}}},{"rotation":{"origin":[13,8,8],"angle":22.5,"axis":"z"},"from":[7,18,9],"to":[13,24,9.1],"faces":{"south":{"uv":[15.0625,0.75,15.5,1.25],"texture":"#main"},"north":{"uv":[14.5,0.75,14.9375,1.25],"texture":"#main"}}},{"rotation":{"origin":[3,9,8],"angle":-22.5,"axis":"z"},"from":[5,19,9],"to":[11,25,9.1],"faces":{"south":{"uv":[14.5,0.75,14.9375,1.25],"texture":"#main"},"north":{"uv":[15.0625,0.75,15.5,1.25],"texture":"#main"}}},{"from":[11.625,5,12.625],"to":[21.625,25,12.725],"faces":{"south":{"uv":[15.1875,2.6875,15.875,4],"texture":"#main"},"north":{"uv":[14.5,2.6875,15.1875,4],"texture":"#main"}}},{"rotation":{"origin":[-4.625,8,5.5],"angle":0,"axis":"y"},"from":[-3.625,5,12.5],"to":[6.375,25,12.6],"faces":{"south":{"uv":[14.5,2.6875,15.1875,4],"texture":"#main"},"north":{"uv":[15.1875,2.6875,15.875,4],"texture":"#main"}}},{"from":[0,8,9],"to":[18,10,11],"faces":{"south":{"uv":[13.1875,0.0625,14.25,0.1875],"texture":"#main"},"north":{"uv":[13.125,0.0625,14.25,0.1875],"texture":"#main"},"up":{"uv":[13.1875,0.0625,14.25,0.1875],"texture":"#main"},"down":{"uv":[13.1875,0.0625,14.25,0.1875],"texture":"#main"}}},{"rotation":{"origin":[11.63604,8,13.12132],"angle":45,"axis":"y"},"from":[17.636,7.9,14.1213],"to":[22.636,9.91,16.1213],"faces":{"south":{"uv":[13.1875,0.0625,14.25,0.1875],"texture":"#main"},"north":{"uv":[13.125,0.0625,14.25,0.1875],"texture":"#main"},"up":{"uv":[13.1875,0.0625,14.25,0.1875],"texture":"#main"},"down":{"uv":[13.1875,0.0625,14.25,0.1875],"texture":"#main"}}},{"rotation":{"origin":[14.5,6.6,9.32233],"angle":45,"axis":"y"},"from":[25.5,7.5,10.3223],"to":[29.5,10.5,13.3223],"faces":{"east":{"uv":[12,2.875,12.3125,3.1875],"texture":"#main"},"south":{"uv":[12.5,2.1875,12.8125,2.3375],"texture":"#main"},"north":{"uv":[12.5,2.1875,12.8125,2.3375],"texture":"#main"},"up":{"uv":[12.5,2.1875,12.8125,2.3375],"texture":"#main"},"down":{"uv":[12.5,2.1875,12.8125,2.3375],"texture":"#main"}}},{"rotation":{"origin":[15.91421,6.1,8.5],"angle":45,"axis":"y"},"from":[28.9142,8,9.5],"to":[31.9142,10,11.5],"faces":{"east":{"uv":[12,2.875,12.3125,3.1875],"texture":"#main"},"south":{"uv":[12.5625,2.1875,12.8125,2.3125],"texture":"#main"},"north":{"uv":[12.5625,2.1875,12.8125,2.3125],"texture":"#main"},"up":{"uv":[12.5625,2.1875,12.8125,2.3125],"texture":"#main"},"down":{"uv":[12.5625,2.1875,12.8125,2.3125],"texture":"#main"}}},{"rotation":{"origin":[14.5,6.6,9.32233],"angle":45,"axis":"y"},"from":[19.5,6.5,9.3223],"to":[25.5,11.5,14.3223],"faces":{"east":{"uv":[12,2.875,12.3125,3.1875],"texture":"#main"},"south":{"uv":[12,2.0625,12.4375,2.375],"texture":"#main"},"north":{"uv":[12,2.0625,12.4375,2.375],"texture":"#main","rotation":180},"west":{"uv":[12,2.875,12.3125,3.1875],"texture":"#main"},"up":{"uv":[12,2.0625,12.4375,2.375],"texture":"#main"},"down":{"uv":[12,2.4375,12.4375,2.75],"texture":"#main"}}},{"rotation":{"origin":[3.535534,8.09,15.94975],"angle":45,"axis":"y"},"from":[4.5355,7.99,4.9497],"to":[6.5355,10.01,9.949699],"faces":{"east":{"uv":[13.1875,0.0625,14.25,0.1875],"texture":"#main"},"west":{"uv":[13.1875,0.0625,14.25,0.1875],"texture":"#main"},"up":{"uv":[13.1875,0.0625,14.25,0.1875],"texture":"#main","rotation":90},"down":{"uv":[13.1875,0.0625,14.25,0.1875],"texture":"#main","rotation":90}}},{"rotation":{"origin":[-0.263456,6.69,13.08579],"angle":45,"axis":"y"},"from":[-0.2635,6.59,2.0858],"to":[4.7365,11.59,8.0858],"faces":{"east":{"uv":[12,2.4375,12.4375,2.75],"texture":"#main"},"south":{"uv":[12,2.875,12.3125,3.1875],"texture":"#main"},"north":{"uv":[12,2.875,12.3125,3.1875],"texture":"#main"},"west":{"uv":[12,2.0625,12.4375,2.375],"texture":"#main","rotation":180},"up":{"uv":[12,2.0625,12.4375,2.375],"texture":"#main","rotation":270},"down":{"uv":[12,2.0625,12.4375,2.375],"texture":"#main","rotation":90}}},{"rotation":{"origin":[-0.263456,6.69,13.08579],"angle":45,"axis":"y"},"from":[0.7365,7.59,-1.9142],"to":[3.7365,10.59,3.0858],"faces":{"east":{"uv":[12.5,2.1875,12.8125,2.3375],"texture":"#main","rotation":270},"north":{"uv":[12,2.875,12.3125,3.1875],"texture":"#main"},"west":{"uv":[12.5,2.1875,12.8125,2.3375],"texture":"#main"},"up":{"uv":[12.5,2.1875,12.8125,2.3375],"texture":"#main","rotation":180},"down":{"uv":[12.5,2.1875,12.8125,2.3375],"texture":"#main"}}},{"rotation":{"origin":[-1.085786,6.19,11.67157],"angle":45,"axis":"y"},"from":[-0.0858,8.09,-4.3284],"to":[1.9142,10.09,-1.328398],"faces":{"east":{"uv":[12.5625,2.1875,12.8125,2.3125],"texture":"#main"},"north":{"uv":[12,2.875,12.3125,3.1875],"texture":"#main"},"west":{"uv":[12.5625,2.1875,12.8125,2.3125],"texture":"#main"},"up":{"uv":[12.5625,2.1875,12.8125,2.3125],"texture":"#main","rotation":270},"down":{"uv":[12.5625,2.1875,12.8125,2.3125],"texture":"#main"}}},{"rotation":{"origin":[8.060711,11.81235,12],"angle":-22.5,"axis":"z"},"from":[6.1507,-1,9],"to":[8.1607,5.812352,11],"faces":{"east":{"uv":[13.1875,0.0625,14.25,0.1875],"texture":"#main","rotation":90},"south":{"uv":[13.1875,0.0625,14.25,0.1875],"texture":"#main","rotation":270},"north":{"uv":[13.1875,0.0625,14.25,0.1875],"texture":"#main","rotation":90},"west":{"uv":[13.1875,0.0625,14.25,0.1875],"texture":"#main","rotation":90},"up":{"uv":[13.1875,0.0625,14.25,0.1875],"texture":"#main","rotation":270},"down":{"uv":[13.1875,0.0625,14.25,0.1875],"texture":"#main","rotation":270}}},{"rotation":{"origin":[12.61151,12.50501,12],"angle":22.5,"axis":"z"},"from":[10.7015,-1.3073,9],"to":[12.7115,6.505052,11],"faces":{"east":{"uv":[13.1875,0.0625,14.25,0.1875],"texture":"#main","rotation":90},"south":{"uv":[13.1875,0.0625,14.25,0.1875],"texture":"#main","rotation":90},"north":{"uv":[13.1875,0.0625,14.25,0.1875],"texture":"#main","rotation":90},"west":{"uv":[13.1875,0.0625,14.25,0.1875],"texture":"#main","rotation":90},"up":{"uv":[13.1875,0.0625,14.25,0.1875],"texture":"#main","rotation":270},"down":{"uv":[13.1875,0.0625,14.25,0.1875],"texture":"#main","rotation":90}}},{"from":[1.393,-13.1061,8.99],"to":[3.403,0.7062511,11.09],"faces":{"east":{"uv":[13.1875,0.0625,14.25,0.1875],"texture":"#main","rotation":90},"south":{"uv":[13.1875,0.0625,14.25,0.1875],"texture":"#main","rotation":270},"north":{"uv":[13.1875,0.0625,14.25,0.1875],"texture":"#main","rotation":90},"west":{"uv":[13.1875,0.0625,14.25,0.1875],"texture":"#main","rotation":90},"up":{"uv":[13.1875,0.0625,14.25,0.1875],"texture":"#main","rotation":270},"down":{"uv":[13.1875,0.0625,14.25,0.1875],"texture":"#main","rotation":270}}},{"from":[15.9797,-13.03,8.99],"to":[17.9897,-0.2176485,11.09],"faces":{"east":{"uv":[13.1875,0.0625,14.25,0.1875],"texture":"#main","rotation":90},"south":{"uv":[13.1875,0.0625,14.25,0.1875],"texture":"#main","rotation":270},"north":{"uv":[13.1875,0.0625,14.25,0.1875],"texture":"#main","rotation":90},"west":{"uv":[13.1875,0.0625,14.25,0.1875],"texture":"#main","rotation":90},"up":{"uv":[13.1875,0.0625,14.25,0.1875],"texture":"#main","rotation":270},"down":{"uv":[13.1875,0.0625,14.25,0.1875],"texture":"#main","rotation":270}}},{"from":[5,-4,7],"to":[13,6,15],"faces":{"east":{"uv":[0.5625,4,1.0625,4.625],"texture":"#main"},"south":{"uv":[0.5625,4,1.0625,4.625],"texture":"#main"},"north":{"uv":[0,4,0.5,4.625],"texture":"#main"},"west":{"uv":[0.5625,4,1.0625,4.625],"texture":"#main"},"up":{"uv":[0,4.6875,0.5,5.1875],"texture":"#main"},"down":{"uv":[0,4.6875,0.5,5.1875],"texture":"#main"}}},{"from":[6,-3,6],"to":[12,5,7],"faces":{"east":{"uv":[0.125,4.0625,0.1875,4.5625],"texture":"#main"},"north":{"uv":[0.0625,4.0625,0.4375,4.5625],"texture":"#main"},"west":{"uv":[0.3125,4.0625,0.375,4.5625],"texture":"#main"},"up":{"uv":[0.0625,4.5,0.4375,4.5625],"texture":"#main"},"down":{"uv":[0.0625,4.5,0.4375,4.5625],"texture":"#main"}}},{"from":[6,-3,15],"to":[12,5,16],"faces":{"east":{"uv":[0.3125,4.0625,0.375,4.5625],"texture":"#main"},"south":{"uv":[0.625,4.0625,1,4.5625],"texture":"#main"},"west":{"uv":[0.3125,4.0625,0.375,4.5625],"texture":"#main"},"up":{"uv":[0.0625,4.5,0.4375,4.5625],"texture":"#main"},"down":{"uv":[0.0625,4.5,0.4375,4.5625],"texture":"#main"}}},{"from":[13,-3,8],"to":[14,5,14],"faces":{"east":{"uv":[0.625,4.0625,1,4.5625],"texture":"#main"},"south":{"uv":[0.3125,4.0625,0.375,4.5625],"texture":"#main"},"north":{"uv":[0.3125,4.0625,0.375,4.5625],"texture":"#main"},"up":{"uv":[0.0625,4.5,0.4375,4.5625],"texture":"#main"},"down":{"uv":[0.0625,4.5,0.4375,4.5625],"texture":"#main","rotation":90}}},{"from":[4,-3,8],"to":[5,5,14],"faces":{"south":{"uv":[0.3125,4.0625,0.375,4.5625],"texture":"#main"},"north":{"uv":[0.3125,4.0625,0.375,4.5625],"texture":"#main"},"west":{"uv":[0.625,4.0625,1,4.5625],"texture":"#main"},"up":{"uv":[0.0625,4.5,0.4375,4.5625],"texture":"#main"},"down":{"uv":[0.0625,4.5,0.4375,4.5625],"texture":"#main","rotation":90}}},{"rotation":{"origin":[8,-3,8],"angle":22.5,"axis":"x"},"from":[8,-7,9],"to":[10,-1,11],"faces":{"east":{"uv":[0.75,4.6875,0.875,5.0625],"texture":"#main"},"south":{"uv":[0.75,4.6875,0.875,5.0625],"texture":"#main"},"north":{"uv":[0.5625,4.6875,0.6875,5.0625],"texture":"#main"},"west":{"uv":[0.5625,4.6875,0.6875,5.0625],"texture":"#main","rotation":180},"down":{"uv":[0.9375,4.6875,1.0625,4.8125],"texture":"#main"}}},{"rotation":{"origin":[7.5,-6.160594,5.5],"angle":45,"axis":"x"},"from":[8.5,-8.1606,7.5],"to":[9.5,-4.1606,8.5],"faces":{"east":{"uv":[0.625,5.125,0.6875,5.375],"texture":"#main"},"south":{"uv":[0.625,5.125,0.6875,5.375],"texture":"#main"},"north":{"uv":[0.625,5.125,0.6875,5.375],"texture":"#main"},"west":{"uv":[0.625,5.125,0.6875,5.375],"texture":"#main"},"down":{"uv":[0.625,5.125,0.6875,5.375],"texture":"#main"}}},{"from":[6,6,8],"to":[12,12,14],"faces":{"east":{"uv":[0.4375,5.4375,0.8125,5.8125],"texture":"#main"},"south":{"uv":[0.875,5.4375,1.25,5.8125],"texture":"#main"},"north":{"uv":[0,5.4375,0.375,5.8125],"texture":"#main"},"west":{"uv":[0.4375,5.4375,0.8125,5.8125],"texture":"#main"},"up":{"uv":[0.875,5.4375,1.0625,5.5625],"texture":"#main","rotation":90}}},{"from":[6,12,5],"to":[12,18,12],"faces":{"east":{"uv":[1.8125,5.875,2.25,6.25],"texture":"#main"},"south":{"uv":[1.75,5.4375,2.125,5.8125],"texture":"#main"},"north":{"uv":[1.3125,5.4375,1.625,5.8125],"texture":"#main"},"west":{"uv":[1.3125,5.875,1.75,6.25],"texture":"#main"},"up":{"uv":[0.875,5.4375,1.25,5.875],"texture":"#main"},"down":{"uv":[0.875,5.4375,1.25,5.875],"texture":"#main","rotation":90}}},{"rotation":{"origin":[13,8,8],"angle":22.5,"axis":"z"},"from":[7,18,9],"to":[13,24,9.1],"faces":{"south":{"uv":[3.0625,4.75,3.5,5.25],"texture":"#main"},"north":{"uv":[2.5,4.75,2.9375,5.25],"texture":"#main"}}},{"rotation":{"origin":[3,9,8],"angle":-22.5,"axis":"z"},"from":[5,19,9],"to":[11,25,9.1],"faces":{"south":{"uv":[2.5,4.75,2.9375,5.25],"texture":"#main"},"north":{"uv":[3.0625,4.75,3.5,5.25],"texture":"#main"}}},{"rotation":{"origin":[7.875,8,6.625],"angle":22.5,"axis":"y"},"from":[8.875,5,13.625],"to":[18.875,25,13.725],"faces":{"south":{"uv":[3.1875,6.6875,3.875,8],"texture":"#main"},"north":{"uv":[2.5,6.6875,3.1875,8],"texture":"#main"}}},{"rotation":{"origin":[-1,8,2],"angle":-22.5,"axis":"y"},"from":[0,5,9],"to":[10,25,9.1],"faces":{"south":{"uv":[2.5,6.6875,3.1875,8],"texture":"#main"},"north":{"uv":[3.1875,6.6875,3.875,8],"texture":"#main"}}},{"from":[0,8,9],"to":[18,10,11],"faces":{"south":{"uv":[1.1875,4.0625,2.25,4.1875],"texture":"#main"},"north":{"uv":[1.125,4.0625,2.25,4.1875],"texture":"#main"},"up":{"uv":[1.1875,4.0625,2.25,4.1875],"texture":"#main"},"down":{"uv":[1.1875,4.0625,2.25,4.1875],"texture":"#main"}}},{"rotation":{"origin":[11.63604,8,13.12132],"angle":45,"axis":"y"},"from":[17.636,7.9,14.1213],"to":[22.636,9.91,16.1213],"faces":{"south":{"uv":[1.1875,4.0625,2.25,4.1875],"texture":"#main"},"north":{"uv":[1.125,4.0625,2.25,4.1875],"texture":"#main"},"up":{"uv":[1.1875,4.0625,2.25,4.1875],"texture":"#main"},"down":{"uv":[1.1875,4.0625,2.25,4.1875],"texture":"#main"}}},{"rotation":{"origin":[14.5,6.6,9.32233],"angle":45,"axis":"y"},"from":[25.5,7.5,10.3223],"to":[29.5,10.5,13.3223],"faces":{"east":{"uv":[0,6.875,0.3125,7.1875],"texture":"#main"},"south":{"uv":[0.5,6.1875,0.8125,6.3375],"texture":"#main"},"north":{"uv":[0.5,6.1875,0.8125,6.3375],"texture":"#main"},"up":{"uv":[0.5,6.1875,0.8125,6.3375],"texture":"#main"},"down":{"uv":[0.5,6.1875,0.8125,6.3375],"texture":"#main"}}},{"rotation":{"origin":[15.91421,6.1,8.5],"angle":45,"axis":"y"},"from":[28.9142,8,9.5],"to":[31.9142,10,11.5],"faces":{"east":{"uv":[0,6.875,0.3125,7.1875],"texture":"#main"},"south":{"uv":[0.5625,6.1875,0.8125,6.3125],"texture":"#main"},"north":{"uv":[0.5625,6.1875,0.8125,6.3125],"texture":"#main"},"up":{"uv":[0.5625,6.1875,0.8125,6.3125],"texture":"#main"},"down":{"uv":[0.5625,6.1875,0.8125,6.3125],"texture":"#main"}}},{"rotation":{"origin":[14.5,6.6,9.32233],"angle":45,"axis":"y"},"from":[19.5,6.5,9.3223],"to":[25.5,11.5,14.3223],"faces":{"east":{"uv":[0,6.875,0.3125,7.1875],"texture":"#main"},"south":{"uv":[0,6.0625,0.4375,6.375],"texture":"#main"},"north":{"uv":[0,6.0625,0.4375,6.375],"texture":"#main","rotation":180},"west":{"uv":[0,6.875,0.3125,7.1875],"texture":"#main"},"up":{"uv":[0,6.0625,0.4375,6.375],"texture":"#main"},"down":{"uv":[0,6.4375,0.4375,6.75],"texture":"#main"}}},{"rotation":{"origin":[3.535534,8.09,15.94975],"angle":45,"axis":"y"},"from":[4.5355,7.99,4.9497],"to":[6.5355,10.01,9.949699],"faces":{"east":{"uv":[1.1875,4.0625,2.25,4.1875],"texture":"#main"},"west":{"uv":[1.1875,4.0625,2.25,4.1875],"texture":"#main"},"up":{"uv":[1.1875,4.0625,2.25,4.1875],"texture":"#main","rotation":90},"down":{"uv":[1.1875,4.0625,2.25,4.1875],"texture":"#main","rotation":90}}},{"rotation":{"origin":[-0.263456,6.69,13.08579],"angle":45,"axis":"y"},"from":[-0.2635,6.59,2.0858],"to":[4.7365,11.59,8.0858],"faces":{"east":{"uv":[0,6.4375,0.4375,6.75],"texture":"#main"},"south":{"uv":[0,6.875,0.3125,7.1875],"texture":"#main"},"north":{"uv":[0,6.875,0.3125,7.1875],"texture":"#main"},"west":{"uv":[0,6.0625,0.4375,6.375],"texture":"#main","rotation":180},"up":{"uv":[0,6.0625,0.4375,6.375],"texture":"#main","rotation":270},"down":{"uv":[0,6.0625,0.4375,6.375],"texture":"#main","rotation":90}}},{"rotation":{"origin":[-0.263456,6.69,13.08579],"angle":45,"axis":"y"},"from":[0.7365,7.59,-1.9142],"to":[3.7365,10.59,3.0858],"faces":{"east":{"uv":[0.5,6.1875,0.8125,6.3375],"texture":"#main","rotation":270},"north":{"uv":[0,6.875,0.3125,7.1875],"texture":"#main"},"west":{"uv":[0.5,6.1875,0.8125,6.3375],"texture":"#main"},"up":{"uv":[0.5,6.1875,0.8125,6.3375],"texture":"#main","rotation":180},"down":{"uv":[0.5,6.1875,0.8125,6.3375],"texture":"#main"}}},{"rotation":{"origin":[-1.085786,6.19,11.67157],"angle":45,"axis":"y"},"from":[-0.0858,8.09,-4.3284],"to":[1.9142,10.09,-1.328398],"faces":{"east":{"uv":[0.5625,6.1875,0.8125,6.3125],"texture":"#main"},"north":{"uv":[0,6.875,0.3125,7.1875],"texture":"#main"},"west":{"uv":[0.5625,6.1875,0.8125,6.3125],"texture":"#main"},"up":{"uv":[0.5625,6.1875,0.8125,6.3125],"texture":"#main","rotation":270},"down":{"uv":[0.5625,6.1875,0.8125,6.3125],"texture":"#main"}}},{"rotation":{"origin":[8.060711,11.81235,12],"angle":-22.5,"axis":"z"},"from":[6.1507,-1,9],"to":[8.1607,5.812352,11],"faces":{"east":{"uv":[1.1875,4.0625,2.25,4.1875],"texture":"#main","rotation":90},"south":{"uv":[1.1875,4.0625,2.25,4.1875],"texture":"#main","rotation":270},"north":{"uv":[1.1875,4.0625,2.25,4.1875],"texture":"#main","rotation":90},"west":{"uv":[1.1875,4.0625,2.25,4.1875],"texture":"#main","rotation":90},"up":{"uv":[1.1875,4.0625,2.25,4.1875],"texture":"#main","rotation":270},"down":{"uv":[1.1875,4.0625,2.25,4.1875],"texture":"#main","rotation":270}}},{"rotation":{"origin":[12.61151,12.50501,12],"angle":22.5,"axis":"z"},"from":[10.7015,-1.3073,9],"to":[12.7115,6.505052,11],"faces":{"east":{"uv":[1.1875,4.0625,2.25,4.1875],"texture":"#main","rotation":90},"south":{"uv":[1.1875,4.0625,2.25,4.1875],"texture":"#main","rotation":90},"north":{"uv":[1.1875,4.0625,2.25,4.1875],"texture":"#main","rotation":90},"west":{"uv":[1.1875,4.0625,2.25,4.1875],"texture":"#main","rotation":90},"up":{"uv":[1.1875,4.0625,2.25,4.1875],"texture":"#main","rotation":270},"down":{"uv":[1.1875,4.0625,2.25,4.1875],"texture":"#main","rotation":90}}},{"from":[1.393,-13.1061,8.99],"to":[3.403,0.7062511,11.09],"faces":{"east":{"uv":[1.1875,4.0625,2.25,4.1875],"texture":"#main","rotation":90},"south":{"uv":[1.1875,4.0625,2.25,4.1875],"texture":"#main","rotation":270},"north":{"uv":[1.1875,4.0625,2.25,4.1875],"texture":"#main","rotation":90},"west":{"uv":[1.1875,4.0625,2.25,4.1875],"texture":"#main","rotation":90},"up":{"uv":[1.1875,4.0625,2.25,4.1875],"texture":"#main","rotation":270},"down":{"uv":[1.1875,4.0625,2.25,4.1875],"texture":"#main","rotation":270}}},{"from":[15.9797,-13.03,8.99],"to":[17.9897,-0.2176485,11.09],"faces":{"east":{"uv":[1.1875,4.0625,2.25,4.1875],"texture":"#main","rotation":90},"south":{"uv":[1.1875,4.0625,2.25,4.1875],"texture":"#main","rotation":270},"north":{"uv":[1.1875,4.0625,2.25,4.1875],"texture":"#main","rotation":90},"west":{"uv":[1.1875,4.0625,2.25,4.1875],"texture":"#main","rotation":90},"up":{"uv":[1.1875,4.0625,2.25,4.1875],"texture":"#main","rotation":270},"down":{"uv":[1.1875,4.0625,2.25,4.1875],"texture":"#main","rotation":270}}}],"display":{"head":{"translation":[-1.4,-11.82,-4.861]},"firstperson_righthand":{"scale":[0.0001,0.0001,0.0001]},"thirdperson_lefthand":{"scale":[0.0001,0.0001,0.0001]},"firstperson_lefthand":{"scale":[0.0001,0.0001,0.0001]}}}