{"credit":"Made with Blockbench","texture_size":[32,32],"textures":{"main":"pokemon/carbink"},"elements":[{"from":[5.5,11,5.5],"to":[10.5,12,10.5],"rotation":{"angle":0,"axis":"y","origin":[8.5,11,5.5]},"faces":{"north":{"uv":[11.5,9.5,14,10],"texture":"#main"},"east":{"uv":[12,4.5,14.5,5],"texture":"#main"},"south":{"uv":[12,6,14.5,6.5],"texture":"#main"},"west":{"uv":[12,6.5,14.5,7],"texture":"#main"},"up":{"uv":[6,8.5,3.5,6],"texture":"#main"},"down":{"uv":[8.5,6,6,8.5],"texture":"#main"}}},{"from":[6,12,6],"to":[10,14,10],"rotation":{"angle":0,"axis":"y","origin":[8,12,5]},"faces":{"north":{"uv":[6,11,8,12],"texture":"#main"},"east":{"uv":[8,11,10,12],"texture":"#main"},"south":{"uv":[1.5,11.5,3.5,12.5],"texture":"#main"},"west":{"uv":[11.5,1.5,13.5,2.5],"texture":"#main"},"up":{"uv":[2,11,0,9],"texture":"#main"},"down":{"uv":[11.5,1.5,9.5,3.5],"texture":"#main"}}},{"from":[1,12.5,8],"to":[7,16.5,8],"rotation":{"angle":0,"axis":"y","origin":[5,12.5,3]},"faces":{"north":{"uv":[6.5,0,9.5,2],"texture":"#main"},"east":{"uv":[0,0,0,2],"texture":"#main"},"south":{"uv":[6.5,2,9.5,4],"texture":"#main"},"west":{"uv":[0,0,0,2],"texture":"#main"},"up":{"uv":[3,0,0,0],"texture":"#main"},"down":{"uv":[3,0,0,0],"texture":"#main"}}},{"from":[9,12.5,8],"to":[15,16.5,8],"rotation":{"angle":0,"axis":"y","origin":[11,12.5,3]},"faces":{"north":{"uv":[6.5,4,9.5,6],"texture":"#main"},"east":{"uv":[0,0,0,2],"texture":"#main"},"south":{"uv":[0,7,3,9],"texture":"#main"},"west":{"uv":[0,0,0,2],"texture":"#main"},"up":{"uv":[3,0,0,0],"texture":"#main"},"down":{"uv":[3,0,0,0],"texture":"#main"}}},{"from":[7.5,12,5.75],"to":[8.5,14.75,10.25],"rotation":{"angle":0,"axis":"y","origin":[9.5,12,5]},"faces":{"north":{"uv":[3,7,3.5,8.5],"texture":"#main"},"east":{"uv":[9.5,3.5,12,5],"texture":"#main"},"south":{"uv":[9.5,12,10,13.5],"texture":"#main"},"west":{"uv":[2,10,4.5,11.5],"texture":"#main"},"up":{"uv":[8,14.5,7.5,12],"texture":"#main"},"down":{"uv":[8.5,12,8,14.5],"texture":"#main"}}},{"from":[4.5,8,4.25],"to":[11.5,11,11.5],"rotation":{"angle":0,"axis":"y","origin":[8.5,6,5]},"faces":{"north":{"uv":[3,8.5,6.5,10],"texture":"#main"},"east":{"uv":[8.5,6,12,7.5],"texture":"#main"},"south":{"uv":[6.5,8.5,10,10],"texture":"#main"},"west":{"uv":[9.5,0,13,1.5],"texture":"#main"},"up":{"uv":[3.5,3.5,0,0],"texture":"#main"},"down":{"uv":[3.5,3.5,0,7],"texture":"#main"}}},{"from":[5,6,5],"to":[11,8,11],"rotation":{"angle":0,"axis":"y","origin":[9,2,5]},"faces":{"north":{"uv":[8.5,7.5,11.5,8.5],"texture":"#main"},"east":{"uv":[9.5,5,12.5,6],"texture":"#main"},"south":{"uv":[4.5,10,7.5,11],"texture":"#main"},"west":{"uv":[7.5,10,10.5,11],"texture":"#main"},"up":{"uv":[6.5,3,3.5,0],"texture":"#main"},"down":{"uv":[6.5,3,3.5,6],"texture":"#main"}}},{"from":[6.5,5,6.5],"to":[9.5,6,9.5],"rotation":{"angle":0,"axis":"y","origin":[8.5,1,4.5]},"faces":{"north":{"uv":[12,7,13.5,7.5],"texture":"#main"},"east":{"uv":[12,11,13.5,11.5],"texture":"#main"},"south":{"uv":[1,12.5,2.5,13],"texture":"#main"},"west":{"uv":[4.5,12.5,6,13],"texture":"#main"},"up":{"uv":[11.5,10,10,8.5],"texture":"#main"},"down":{"uv":[12,10,10.5,11.5],"texture":"#main"}}},{"from":[6,4,7.25],"to":[9,6,10.25],"rotation":{"angle":0,"axis":"y","origin":[8,0,5.25]},"faces":{"north":{"uv":[11.5,8.5,13,9.5],"texture":"#main"},"east":{"uv":[11,11.5,12.5,12.5],"texture":"#main"},"south":{"uv":[12,3.5,13.5,4.5],"texture":"#main"},"west":{"uv":[6,12,7.5,13],"texture":"#main"},"up":{"uv":[1.5,12.5,0,11],"texture":"#main"},"down":{"uv":[6,11,4.5,12.5],"texture":"#main"}}},{"from":[4.75,5.75,7.5],"to":[7,8,11.25],"rotation":{"angle":0,"axis":"y","origin":[6,2,5.5]},"faces":{"north":{"uv":[2,9,3,10],"texture":"#main"},"east":{"uv":[11.5,2.5,13.5,3.5],"texture":"#main"},"south":{"uv":[8.5,12,9.5,13],"texture":"#main"},"west":{"uv":[11.5,7.5,13.5,8.5],"texture":"#main"},"up":{"uv":[4.5,13.5,3.5,11.5],"texture":"#main"},"down":{"uv":[11,11.5,10,13.5],"texture":"#main"}}},{"from":[10.75,6.5,7.5],"to":[11.75,8.5,9.25],"rotation":{"angle":0,"axis":"y","origin":[12,2.5,5.5]},"faces":{"north":{"uv":[2.5,12.5,3,13.5],"texture":"#main"},"east":{"uv":[12,10,13,11],"texture":"#main"},"south":{"uv":[3,12.5,3.5,13.5],"texture":"#main"},"west":{"uv":[0,12.5,1,13.5],"texture":"#main"},"up":{"uv":[13,6,12.5,5],"texture":"#main"},"down":{"uv":[11.5,12.5,11,13.5],"texture":"#main"}}}],"display":{"head":{"translation":[0,-35,0]}},"groups":[{"name":"group","origin":[12,2.5,5.5],"color":0,"nbt":"{}","armAnimationEnabled":false,"children":[0,1,2,3,4,5,6,7,8,9,10]}]}