{"parent":"physical_parent","textures":{"main":"pokemon/cascoon"},"texture_size":[64,64],"elements":[{"rotation":{"origin":[16,8,14],"angle":0,"axis":"y"},"from":[3.5,0,2],"to":[12.5,8,14],"faces":{"east":{"uv":[0,3,3,5],"texture":"#main"},"south":{"uv":[8.25,3,10.5,5],"texture":"#main"},"north":{"uv":[3,3,5.25,5],"texture":"#main"},"west":{"uv":[5.25,3,8.25,5],"texture":"#main"},"up":{"uv":[5.25,3,3,0],"texture":"#main"},"down":{"uv":[7.5,0,5.25,3],"texture":"#main"}}},{"rotation":{"origin":[15,20,9],"angle":-45,"axis":"x"},"from":[8.5,12,-7],"to":[8.5,21,2],"faces":{"east":{"uv":[0,5.25,2.25,7.5],"texture":"#main"},"south":{"uv":[4.5,5.25,4.5,7.5],"texture":"#main"},"north":{"uv":[2.25,5.25,2.25,7.5],"texture":"#main"},"west":{"uv":[2.25,5.25,4.5,7.5],"texture":"#main"},"up":{"uv":[2.25,5.25,2.25,3],"texture":"#main"},"down":{"uv":[2.25,3,2.25,5.25],"texture":"#main"}}},{"rotation":{"origin":[7,-3,18],"angle":22.5,"axis":"z"},"from":[-1,3.5,2],"to":[8,3.5,11],"faces":{"east":{"uv":[0,13.25,2.25,13.25],"texture":"#main"},"south":{"uv":[6.75,13.25,9,13.25],"texture":"#main"},"north":{"uv":[2.25,13.25,4.5,13.25],"texture":"#main"},"west":{"uv":[4.5,13.25,6.75,13.25],"texture":"#main"},"up":{"uv":[4.5,13.25,2.25,11],"texture":"#main"},"down":{"uv":[6.75,11,4.5,13.25],"texture":"#main"}}},{"rotation":{"origin":[2,0,9],"angle":-22.5,"axis":"z"},"from":[9,6.5,1],"to":[18,6.5,10],"faces":{"east":{"uv":[0,15.25,2.25,15.25],"texture":"#main"},"south":{"uv":[6.75,15.25,9,15.25],"texture":"#main"},"north":{"uv":[2.25,15.25,4.5,15.25],"texture":"#main"},"west":{"uv":[4.5,15.25,6.75,15.25],"texture":"#main"},"up":{"uv":[4.5,15.25,2.25,13],"texture":"#main"},"down":{"uv":[6.75,13,4.5,15.25],"texture":"#main"}}},{"rotation":{"origin":[4,-4,9],"angle":-45,"axis":"y"},"from":[11,2.5,1],"to":[20,2.5,10],"faces":{"east":{"uv":[0,15.25,2.25,15.25],"texture":"#main"},"south":{"uv":[6.75,15.25,9,15.25],"texture":"#main"},"north":{"uv":[2.25,15.25,4.5,15.25],"texture":"#main"},"west":{"uv":[4.5,15.25,6.75,15.25],"texture":"#main"},"up":{"uv":[4.5,15.25,2.25,13],"texture":"#main"},"down":{"uv":[6.75,13,4.5,15.25],"texture":"#main"}}},{"rotation":{"origin":[7,-3,4],"angle":-45,"axis":"y"},"from":[6,3.5,11],"to":[15,3.5,20],"faces":{"east":{"uv":[0,7.5,2.25,7.5],"texture":"#main"},"south":{"uv":[6.75,7.5,9,7.5],"texture":"#main"},"north":{"uv":[2.25,7.5,4.5,7.5],"texture":"#main"},"west":{"uv":[4.5,7.5,6.75,7.5],"texture":"#main"},"up":{"uv":[4.5,7.5,2.25,5.25],"texture":"#main"},"down":{"uv":[6.75,5.25,4.5,7.5],"texture":"#main"}}},{"rotation":{"origin":[-2,6,22],"angle":0,"axis":"y"},"from":[4.5,5,6],"to":[4.5,14,15],"faces":{"east":{"uv":[0,5.25,2.25,7.5],"texture":"#main"},"south":{"uv":[4.5,5.25,4.5,7.5],"texture":"#main"},"north":{"uv":[2.25,5.25,2.25,7.5],"texture":"#main"},"west":{"uv":[2.25,5.25,4.5,7.5],"texture":"#main"},"up":{"uv":[2.25,5.25,2.25,3],"texture":"#main"},"down":{"uv":[2.25,3,2.25,5.25],"texture":"#main"}}},{"rotation":{"origin":[4,-2,21],"angle":45,"axis":"x"},"from":[10.5,-3,5],"to":[10.5,6,14],"faces":{"east":{"uv":[0,5.25,2.25,7.5],"texture":"#main"},"south":{"uv":[4.5,5.25,4.5,7.5],"texture":"#main"},"north":{"uv":[2.25,5.25,2.25,7.5],"texture":"#main"},"west":{"uv":[2.25,5.25,4.5,7.5],"texture":"#main"},"up":{"uv":[2.25,5.25,2.25,3],"texture":"#main"},"down":{"uv":[2.25,3,2.25,5.25],"texture":"#main"}}}],"display":{"head":{"translation":[-0.5,-31.25,0],"scale":[1.4,1.4,1.4]}},"groups":[{"children":[0],"origin":[8,8,8],"name":"Body"},{"children":[1,2,3,4,5,6,7],"origin":[8,8,8],"name":"Spikes"},{"children":[],"origin":[8,8,8],"name":"eye things"},{"children":[],"origin":[8,8,8],"name":"eye things"}]}