{"parent":"physical_parent","textures":{"main":"pokemon/chansey"},"elements":[{"from":[3,2,3],"to":[13,12,13],"faces":{"east":{"uv":[2.75,0,5.25,2.5],"texture":"#main","rotation":180},"south":{"uv":[2.75,0,5.25,2.5],"texture":"#main","rotation":270},"north":{"uv":[0,0,2.5,2.5],"texture":"#main"},"west":{"uv":[2.75,0,5.25,2.5],"texture":"#main","rotation":180},"up":{"uv":[5.5,0,8,2.5],"texture":"#main","rotation":180},"down":{"uv":[5.5,0,8,2.5],"texture":"#main","rotation":180}}},{"from":[11,0,2],"to":[13,2,6],"faces":{"east":{"uv":[0,3,0.5,3.5],"texture":"#main"},"south":{"uv":[0,3,0.5,3.5],"texture":"#main"},"north":{"uv":[0,3,0.5,3.5],"texture":"#main"},"west":{"uv":[0,3,0.5,3.5],"texture":"#main"},"up":{"uv":[0,3,0.5,3.5],"texture":"#main"},"down":{"uv":[0,3,0.5,3.5],"texture":"#main"}}},{"from":[3,0,2],"to":[5,2,6],"faces":{"east":{"uv":[0,3,0.5,3.5],"texture":"#main"},"south":{"uv":[0,3,0.5,3.5],"texture":"#main"},"north":{"uv":[0,3,0.5,3.5],"texture":"#main"},"west":{"uv":[0,3,0.5,3.5],"texture":"#main"},"up":{"uv":[0,3,0.5,3.5],"texture":"#main"},"down":{"uv":[0,3,0.5,3.5],"texture":"#main"}}},{"rotation":{"origin":[7.996403,3.719171,17.16395],"angle":-22.5,"axis":"x"},"from":[4.9964,3.7192,12.664],"to":[10.9964,3.8192,21.664],"faces":{"up":{"uv":[8.25,1,10.5,2.5],"texture":"#main","rotation":90},"down":{"uv":[8.25,1,10.5,2.5],"texture":"#main","rotation":270}}},{"rotation":{"origin":[-0.05569911,8.82499,7.991761],"angle":45,"axis":"z"},"from":[-2.5557,8.825,4.9918],"to":[4.4443,8.925,10.9918],"faces":{"up":{"uv":[2.5,2.75,4,4.5],"texture":"#main","rotation":90},"down":{"uv":[4.25,2.75,5.75,4.5],"texture":"#main","rotation":90}}},{"rotation":{"origin":[14.64277,10.23223,8],"angle":-45,"axis":"z"},"from":[12.1428,10.2322,5],"to":[19.1428,10.3322,11],"faces":{"up":{"uv":[4.25,2.75,5.75,4.5],"texture":"#main","rotation":270},"down":{"uv":[2.5,2.75,4,4.5],"texture":"#main","rotation":270}}}],"display":{"head":{"translation":[0,-24.34,0],"scale":[2.5,2.5,2.5]},"firstperson_righthand":{"scale":[0.0001,0.0001,0.0001]},"thirdperson_lefthand":{"scale":[0.0001,0.0001,0.0001]},"firstperson_lefthand":{"scale":[0.0001,0.0001,0.0001]}}}