{"credit":"Made with Blockbench","texture_size":[32,32],"textures":{"main":"pokemon/chespin"},"elements":[{"from":[-2,1,-1],"to":[2,6.75,2],"faces":{"north":{"uv":[0,0,2,3],"texture":"#main"},"east":{"uv":[7.5,2.5,9,5.5],"texture":"#main"},"south":{"uv":[2,0,4,3],"texture":"#main"},"west":{"uv":[5,7.5,6.5,10.5],"texture":"#main"},"up":{"uv":[2,9.5,0,8],"texture":"#main"},"down":{"uv":[4,8,2,9.5],"texture":"#main"}}},{"from":[2,2.75,-0.5],"to":[3,6.25,1.25],"rotation":{"angle":22.5,"axis":"z","origin":[2,6,0.375]},"faces":{"north":{"uv":[6.5,9.5,7,11.25],"texture":"#main"},"east":{"uv":[4,8,5,9.75],"texture":"#main"},"south":{"uv":[7,9.5,7.5,11.25],"texture":"#main"},"west":{"uv":[9,3,10,4.75],"texture":"#main"},"up":{"uv":[10.5,4,10,3],"texture":"#main"},"down":{"uv":[4.5,10,4,11],"texture":"#main"}}},{"from":[0,0,-3],"to":[2,1,0],"rotation":{"angle":-22.5,"axis":"y","origin":[1,0.5,0]},"faces":{"north":{"uv":[4,2.5,5,3],"texture":"#main"},"east":{"uv":[9,5,10.5,5.5],"texture":"#main"},"south":{"uv":[10,4,11,4.5],"texture":"#main"},"west":{"uv":[7.5,9.5,9,10],"texture":"#main"},"up":{"uv":[10,9,9,7.5],"texture":"#main"},"down":{"uv":[10,9,9,10.5],"texture":"#main"}}},{"from":[-2,0,-3],"to":[0,1,0],"rotation":{"angle":22.5,"axis":"y","origin":[-1,0.5,0]},"faces":{"north":{"uv":[5,2.5,4,3],"texture":"#main"},"east":{"uv":[9,9.5,7.5,10],"texture":"#main"},"south":{"uv":[11,4,10,4.5],"texture":"#main"},"west":{"uv":[10.5,5,9,5.5],"texture":"#main"},"up":{"uv":[9,9,10,7.5],"texture":"#main"},"down":{"uv":[9,9,10,10.5],"texture":"#main"}}},{"from":[-3,2.75,-0.5],"to":[-2,6.25,1.25],"rotation":{"angle":-22.5,"axis":"z","origin":[-2,6,0.375]},"faces":{"north":{"uv":[7,9.5,6.5,11.25],"texture":"#main"},"east":{"uv":[10,3,9,4.75],"texture":"#main"},"south":{"uv":[7.5,9.5,7,11.25],"texture":"#main"},"west":{"uv":[5,8,4,9.75],"texture":"#main"},"up":{"uv":[10,4,10.5,3],"texture":"#main"},"down":{"uv":[4,10,4.5,11],"texture":"#main"}}},{"from":[0,1,2],"to":[0,4,6],"faces":{"north":{"uv":[0,0,0,1.5],"texture":"#main"},"east":{"uv":[9,0,11,1.5],"texture":"#main"},"south":{"uv":[0,0,0,1.5],"texture":"#main"},"west":{"uv":[9,1.5,11,3],"texture":"#main"},"up":{"uv":[0,2,0,0],"texture":"#main"},"down":{"uv":[0,0,0,2],"texture":"#main"}}},{"from":[-2.25,6.75,-1.75],"to":[2.25,11.25,2.75],"rotation":{"angle":0,"axis":"y","origin":[0,9,0.5]},"faces":{"north":{"uv":[0,3,2.25,5.25],"texture":"#main"},"east":{"uv":[2.5,3,4.75,5.25],"texture":"#main"},"south":{"uv":[4,0,6.25,2.25],"texture":"#main"},"west":{"uv":[5,2.5,7.25,4.75],"texture":"#main"},"up":{"uv":[7.25,7.25,5,5],"texture":"#main"},"down":{"uv":[2.25,5.5,0,7.75],"texture":"#main"}}},{"from":[-0.5,8.25,-2.25],"to":[0.5,9,-1.75],"rotation":{"angle":0,"axis":"y","origin":[0.5,10.25,-3.75]},"faces":{"north":{"uv":[10,4.5,10.75,5],"texture":"#main"},"east":{"uv":[4.5,10,4.75,10.5],"texture":"#main"},"south":{"uv":[10,5.5,10.75,6],"texture":"#main"},"west":{"uv":[10,7,10.25,7.5],"texture":"#main"},"up":{"uv":[10.75,6.25,10,6],"texture":"#main"},"down":{"uv":[10.75,6.5,10,6.75],"texture":"#main"}}},{"from":[-2.25,11.25,2.75],"to":[2.25,15.75,2.75],"rotation":{"angle":22.5,"axis":"x","origin":[0,11.25,2.75]},"faces":{"north":{"uv":[2.5,5.5,4.75,7.75],"texture":"#main"},"east":{"uv":[0,0,0,2.25],"texture":"#main"},"south":{"uv":[4.75,5.5,2.5,7.75],"texture":"#main"},"west":{"uv":[0,0,0,2.25],"texture":"#main"},"up":{"uv":[2.25,0,0,0],"texture":"#main"},"down":{"uv":[2.25,0,0,0],"texture":"#main"}}},{"from":[-6.25,11,-1.5],"to":[-1.75,14.5,-1.5],"rotation":{"angle":-45,"axis":"z","origin":[-4.5,11.5,-1.75]},"faces":{"north":{"uv":[7.5,5.5,9.75,7.25],"texture":"#main"},"east":{"uv":[0,0,0,1.75],"texture":"#main"},"south":{"uv":[9.75,5.5,7.5,7.25],"texture":"#main"},"west":{"uv":[0,0,0,1.75],"texture":"#main"},"up":{"uv":[2.25,0,0,0],"texture":"#main"},"down":{"uv":[2.25,0,0,0],"texture":"#main"}}},{"from":[-4.75,5.5,-1.5],"to":[-1.25,7,-1.5],"rotation":{"angle":22.5,"axis":"z","origin":[-3.5,5,-1.75]},"faces":{"north":{"uv":[0,9.5,1.75,10.25],"texture":"#main"},"east":{"uv":[0,0,0,0.75],"texture":"#main"},"south":{"uv":[1.75,9.5,0,10.25],"texture":"#main"},"west":{"uv":[0,0,0,0.75],"texture":"#main"},"up":{"uv":[1.75,0,0,0],"texture":"#main"},"down":{"uv":[1.75,0,0,0],"texture":"#main"}}},{"from":[1.25,5.5,-1.5],"to":[4.75,7,-1.5],"rotation":{"angle":-22.5,"axis":"z","origin":[3.5,5,-1.75]},"faces":{"north":{"uv":[1.75,9.5,0,10.25],"texture":"#main"},"east":{"uv":[0,0,0,0.75],"texture":"#main"},"south":{"uv":[0,9.5,1.75,10.25],"texture":"#main"},"west":{"uv":[0,0,0,0.75],"texture":"#main"},"up":{"uv":[0,0,1.75,0],"texture":"#main"},"down":{"uv":[0,0,1.75,0],"texture":"#main"}}},{"from":[1.75,11,-1.5],"to":[6.25,14.5,-1.5],"rotation":{"angle":45,"axis":"z","origin":[4.5,11.5,-1.75]},"faces":{"north":{"uv":[9.75,5.5,7.5,7.25],"texture":"#main"},"east":{"uv":[0,0,0,1.75],"texture":"#main"},"south":{"uv":[7.5,5.5,9.75,7.25],"texture":"#main"},"west":{"uv":[0,0,0,1.75],"texture":"#main"},"up":{"uv":[0,0,2.25,0],"texture":"#main"},"down":{"uv":[0,0,2.25,0],"texture":"#main"}}}],"display":{"head":{"translation":[8,-35,7.5]}},"groups":[{"name":"Chespin","origin":[-3.5,5,-1.75],"color":0,"nbt":"{}","armAnimationEnabled":false,"children":[0,1,2,3,4,5,6,7,8,9,10,11,12]}]}