{"credit":"Made with Blockbench","texture_size":[64,64],"textures":{"main":"pokemon/cranidos"},"elements":[{"from":[3.39,8.71,-0.665],"to":[12.79,15.71,11.935],"rotation":{"angle":0,"axis":"y","origin":[6.15528,12.15253,7.40291]},"faces":{"north":{"uv":[0,5,2.375,6.75],"texture":"#main"},"east":{"uv":[0,3.25,3.125,5],"texture":"#main"},"south":{"uv":[5,0,7.375,1.75],"texture":"#main"},"west":{"uv":[3.25,3.25,6.375,5],"texture":"#main"},"up":{"uv":[2.375,3.125,0,0],"texture":"#main"},"down":{"uv":[4.875,0,2.5,3.125],"texture":"#main"}}},{"from":[4.76,7.5311,8.58343],"to":[11.55,13.0361,15.30343],"rotation":{"angle":-22.5,"axis":"x","origin":[6.15528,12.15253,7.40291]},"faces":{"north":{"uv":[3.5,9.25,5.25,10.625],"texture":"#main"},"east":{"uv":[9.75,1.25,11.375,2.625],"texture":"#main"},"south":{"uv":[7.5,9.25,9.25,10.625],"texture":"#main"},"west":{"uv":[9.75,2.75,11.375,4.125],"texture":"#main"},"up":{"uv":[10,6.125,8.25,4.5],"texture":"#main"},"down":{"uv":[10,6.25,8.25,7.875],"texture":"#main"}}},{"from":[7.335,14.61671,16.46626],"to":[9.125,16.27171,19.26626],"rotation":{"angle":-45,"axis":"x","origin":[8.58,15.44421,18.26626]},"faces":{"north":{"uv":[13.25,10.5,13.75,10.875],"texture":"#main"},"east":{"uv":[7.5,8.75,8.25,9.125],"texture":"#main"},"south":{"uv":[13.25,13,13.75,13.375],"texture":"#main"},"west":{"uv":[10.5,8.75,11.25,9.125],"texture":"#main"},"up":{"uv":[11,12.25,10.5,11.5],"texture":"#main"},"down":{"uv":[9,13,8.5,13.75],"texture":"#main"}}},{"from":[6.385,11.79657,13.8932],"to":[9.975,15.85157,17.4682],"rotation":{"angle":-22.5,"axis":"x","origin":[8.18,13.59907,15.9682]},"faces":{"north":{"uv":[1.25,11.75,2.125,12.75],"texture":"#main"},"east":{"uv":[2.25,11.75,3.125,12.75],"texture":"#main"},"south":{"uv":[3.25,11.75,4.125,12.75],"texture":"#main"},"west":{"uv":[4.25,11.75,5.125,12.75],"texture":"#main"},"up":{"uv":[8.125,12.875,7.25,12],"texture":"#main"},"down":{"uv":[12.875,11.25,12,12.125],"texture":"#main"}}},{"from":[4.37,6.91,2.23],"to":[11.11,9.71,10.785],"rotation":{"angle":0,"axis":"y","origin":[6.15528,12.15253,7.40291]},"faces":{"north":{"uv":[11.5,2.5,13.125,3.25],"texture":"#main"},"east":{"uv":[10,7.25,12.375,8],"texture":"#main"},"south":{"uv":[11.5,3.25,13.125,4],"texture":"#main"},"west":{"uv":[10.5,8,12.875,8.75],"texture":"#main"},"up":{"uv":[8.125,4.125,6.5,1.75],"texture":"#main"},"down":{"uv":[8.125,4.25,6.5,6.625],"texture":"#main"}}},{"from":[4.97,12.635,-1.665],"to":[11.27,19.69,4.635],"rotation":{"angle":-22.5,"axis":"x","origin":[7.77,13.51,2.045]},"faces":{"north":{"uv":[0,6.75,1.625,8.75],"texture":"#main"},"east":{"uv":[6.5,6.75,8.125,8.75],"texture":"#main"},"south":{"uv":[1.75,7.25,3.375,9.25],"texture":"#main"},"west":{"uv":[3.5,7.25,5.125,9.25],"texture":"#main"},"up":{"uv":[1.625,10.375,0,8.75],"texture":"#main"},"down":{"uv":[3.375,9.25,1.75,10.875],"texture":"#main"}}},{"from":[4.48,21.002,-6.41465],"to":[4.48,23.382,-3.07465],"rotation":{"angle":0,"axis":"x","origin":[8.19,18.62092,-2.3025]},"faces":{"north":{"uv":[0,0,0,0.625],"texture":"#main"},"east":{"uv":[12.5,1.75,13.375,2.375],"texture":"#main"},"south":{"uv":[0,0,0,0.625],"texture":"#main"},"west":{"uv":[2.5,12.75,3.375,13.375],"texture":"#main"},"up":{"uv":[0,0.875,0,0],"texture":"#main"},"down":{"uv":[0,0,0,0.875],"texture":"#main"}}},{"from":[5.95,22.762,-5.81465],"to":[10.955,25.282,1.00535],"rotation":{"angle":0,"axis":"x","origin":[8.19,18.62092,-2.3025]},"faces":{"north":{"uv":[0,12,1.25,12.625],"texture":"#main"},"east":{"uv":[11.5,5.5,13.25,6.125],"texture":"#main"},"south":{"uv":[6,12,7.25,12.625],"texture":"#main"},"west":{"uv":[11.5,6.25,13.25,6.875],"texture":"#main"},"up":{"uv":[11.25,6,10,4.25],"texture":"#main"},"down":{"uv":[6.5,10,5.25,11.75],"texture":"#main"}}},{"from":[5.25,21.002,-6.59465],"to":[11.375,23.662,1.70535],"rotation":{"angle":0,"axis":"x","origin":[8.19,18.62092,-2.3025]},"faces":{"north":{"uv":[9,11.5,10.5,12.125],"texture":"#main"},"east":{"uv":[1.25,11,3.375,11.625],"texture":"#main"},"south":{"uv":[11.75,0,13.25,0.625],"texture":"#main"},"west":{"uv":[11,10.5,13.125,11.125],"texture":"#main"},"up":{"uv":[9.75,2.125,8.25,0],"texture":"#main"},"down":{"uv":[9.75,2.25,8.25,4.375],"texture":"#main"}}},{"from":[4.48,21.002,-3.01465],"to":[4.48,23.382,0.32535],"rotation":{"angle":0,"axis":"x","origin":[8.19,18.62092,-2.3025]},"faces":{"north":{"uv":[0,0,0,0.625],"texture":"#main"},"east":{"uv":[3.5,12.75,4.375,13.375],"texture":"#main"},"south":{"uv":[0,0,0,0.625],"texture":"#main"},"west":{"uv":[6,12.75,6.875,13.375],"texture":"#main"},"up":{"uv":[0,0.875,0,0],"texture":"#main"},"down":{"uv":[0,0,0,0.875],"texture":"#main"}}},{"from":[11.92,21.002,-6.41465],"to":[11.92,23.382,-3.07465],"rotation":{"angle":0,"axis":"x","origin":[9.81,18.62092,-2.3025]},"faces":{"north":{"uv":[0,0,0,0.625],"texture":"#main"},"east":{"uv":[3.375,12.75,2.5,13.375],"texture":"#main"},"south":{"uv":[0,0,0,0.625],"texture":"#main"},"west":{"uv":[13.375,1.75,12.5,2.375],"texture":"#main"},"up":{"uv":[0,0.875,0,0],"texture":"#main"},"down":{"uv":[0,0,0,0.875],"texture":"#main"}}},{"from":[11.92,21.002,-3.01465],"to":[11.92,23.382,0.32535],"rotation":{"angle":0,"axis":"x","origin":[9.81,18.62092,-2.3025]},"faces":{"north":{"uv":[0,0,0,0.625],"texture":"#main"},"east":{"uv":[6.875,12.75,6,13.375],"texture":"#main"},"south":{"uv":[0,0,0,0.625],"texture":"#main"},"west":{"uv":[4.375,12.75,3.5,13.375],"texture":"#main"},"up":{"uv":[0,0.875,0,0],"texture":"#main"},"down":{"uv":[0,0,0,0.875],"texture":"#main"}}},{"from":[2.66,17.362,-1.65465],"to":[4.48,19.742,0.72535],"rotation":{"angle":-22.5,"axis":"x","origin":[8.19,18.62092,-2.3025]},"faces":{"north":{"uv":[13.25,0.75,13.75,1.375],"texture":"#main"},"east":{"uv":[13,8,13.625,8.625],"texture":"#main"},"south":{"uv":[13.25,2.5,13.75,3.125],"texture":"#main"},"west":{"uv":[13,8.75,13.625,9.375],"texture":"#main"},"up":{"uv":[13.75,3.875,13.25,3.25],"texture":"#main"},"down":{"uv":[13.75,5.5,13.25,6.125],"texture":"#main"}}},{"from":[-1.98,16.872,-0.39465],"to":[4.355,20.127,-0.39465],"rotation":{"angle":-22.5,"axis":"x","origin":[8.19,18.62092,-2.3025]},"faces":{"north":{"uv":[9.25,10.5,10.875,11.375],"texture":"#main"},"east":{"uv":[0,0,0,0.875],"texture":"#main"},"south":{"uv":[3.5,10.75,5.125,11.625],"texture":"#main"},"west":{"uv":[0,0,0,0.875],"texture":"#main"},"up":{"uv":[1.625,0,0,0],"texture":"#main"},"down":{"uv":[1.625,0,0,0],"texture":"#main"}}},{"from":[5.55375,20.69735,1.03218],"to":[7.43375,22.87735,2.85218],"rotation":{"angle":-22.5,"axis":"x","origin":[6.37875,21.0611,2.63343]},"faces":{"north":{"uv":[13,8,13.625,8.625],"texture":"#main"},"east":{"uv":[13.25,2.5,13.75,3.125],"texture":"#main"},"south":{"uv":[13,8.75,13.625,9.375],"texture":"#main"},"west":{"uv":[13.25,0.75,13.75,1.375],"texture":"#main"},"up":{"uv":[13.75,3.875,13.25,3.25],"rotation":270,"texture":"#main"},"down":{"uv":[13.75,5.5,13.25,6.125],"rotation":90,"texture":"#main"}}},{"from":[6.31375,20.10735,1.55718],"to":[6.31375,23.36235,7.89218],"rotation":{"angle":-22.5,"axis":"x","origin":[6.37875,21.0611,2.63343]},"faces":{"north":{"uv":[0,0,0,0.875],"texture":"#main"},"east":{"uv":[3.5,10.75,5.125,11.625],"texture":"#main"},"south":{"uv":[0,0,0,0.875],"texture":"#main"},"west":{"uv":[9.25,10.5,10.875,11.375],"texture":"#main"},"up":{"uv":[1.625,0,0,0],"rotation":270,"texture":"#main"},"down":{"uv":[1.625,0,0,0],"rotation":90,"texture":"#main"}}},{"from":[5.26625,20.59735,0.23218],"to":[7.64625,22.97735,2.05218],"rotation":{"angle":-22.5,"axis":"x","origin":[11.62125,21.0611,2.63343]},"faces":{"north":{"uv":[13.625,8,13,8.625],"texture":"#main"},"east":{"uv":[13.75,0.75,13.25,1.375],"texture":"#main"},"south":{"uv":[13.625,8.75,13,9.375],"texture":"#main"},"west":{"uv":[13.75,2.5,13.25,3.125],"texture":"#main"},"up":{"uv":[13.25,3.875,13.75,3.25],"rotation":90,"texture":"#main"},"down":{"uv":[13.25,5.5,13.75,6.125],"rotation":270,"texture":"#main"}}},{"from":[8.86625,20.59735,0.23218],"to":[11.24625,22.97735,2.05218],"rotation":{"angle":-22.5,"axis":"x","origin":[11.62125,21.0611,2.63343]},"faces":{"north":{"uv":[13.625,8,13,8.625],"texture":"#main"},"east":{"uv":[13.75,0.75,13.25,1.375],"texture":"#main"},"south":{"uv":[13.625,8.75,13,9.375],"texture":"#main"},"west":{"uv":[13.75,2.5,13.25,3.125],"texture":"#main"},"up":{"uv":[13.25,3.875,13.75,3.25],"rotation":90,"texture":"#main"},"down":{"uv":[13.25,5.5,13.75,6.125],"rotation":270,"texture":"#main"}}},{"from":[9.15375,20.69735,1.03218],"to":[11.03375,22.87735,2.85218],"rotation":{"angle":-22.5,"axis":"x","origin":[6.37875,21.0611,2.63343]},"faces":{"north":{"uv":[13,8,13.625,8.625],"texture":"#main"},"east":{"uv":[13.25,2.5,13.75,3.125],"texture":"#main"},"south":{"uv":[13,8.75,13.625,9.375],"texture":"#main"},"west":{"uv":[13.25,0.75,13.75,1.375],"texture":"#main"},"up":{"uv":[13.75,3.875,13.25,3.25],"rotation":270,"texture":"#main"},"down":{"uv":[13.75,5.5,13.25,6.125],"rotation":90,"texture":"#main"}}},{"from":[9.91375,20.10735,1.55718],"to":[9.91375,23.36235,7.89218],"rotation":{"angle":-22.5,"axis":"x","origin":[6.37875,21.0611,2.63343]},"faces":{"north":{"uv":[0,0,0,0.875],"texture":"#main"},"east":{"uv":[3.5,10.75,5.125,11.625],"texture":"#main"},"south":{"uv":[0,0,0,0.875],"texture":"#main"},"west":{"uv":[9.25,10.5,10.875,11.375],"texture":"#main"},"up":{"uv":[1.625,0,0,0],"rotation":270,"texture":"#main"},"down":{"uv":[1.625,0,0,0],"rotation":90,"texture":"#main"}}},{"from":[11.52,17.362,-1.65465],"to":[13.34,19.742,0.72535],"rotation":{"angle":-22.5,"axis":"x","origin":[9.81,18.62092,-2.3025]},"faces":{"north":{"uv":[13.75,0.75,13.25,1.375],"texture":"#main"},"east":{"uv":[13.625,8.75,13,9.375],"texture":"#main"},"south":{"uv":[13.75,2.5,13.25,3.125],"texture":"#main"},"west":{"uv":[13.625,8,13,8.625],"texture":"#main"},"up":{"uv":[13.25,3.875,13.75,3.25],"texture":"#main"},"down":{"uv":[13.25,5.5,13.75,6.125],"texture":"#main"}}},{"from":[11.645,16.872,-0.39465],"to":[17.98,20.127,-0.39465],"rotation":{"angle":-22.5,"axis":"x","origin":[9.81,18.62092,-2.3025]},"faces":{"north":{"uv":[10.875,10.5,9.25,11.375],"texture":"#main"},"east":{"uv":[0,0,0,0.875],"texture":"#main"},"south":{"uv":[5.125,10.75,3.5,11.625],"texture":"#main"},"west":{"uv":[0,0,0,0.875],"texture":"#main"},"up":{"uv":[0,0,1.625,0],"texture":"#main"},"down":{"uv":[0,0,1.625,0],"texture":"#main"}}},{"from":[4.48,15.962,-6.41465],"to":[11.9,21.002,1.96535],"rotation":{"angle":0,"axis":"x","origin":[8.19,18.62092,-2.3025]},"faces":{"north":{"uv":[9.25,9.25,11.125,10.5],"texture":"#main"},"east":{"uv":[8.25,8,10.375,9.25],"texture":"#main"},"south":{"uv":[9.75,0,11.625,1.25],"texture":"#main"},"west":{"uv":[5.25,8.75,7.375,10],"texture":"#main"},"up":{"uv":[4.375,7.125,2.5,5],"texture":"#main"},"down":{"uv":[6.375,5,4.5,7.125],"texture":"#main"}}},{"from":[4.65384,15.982,-7.28068],"to":[8.68384,20.977,-5.54068],"rotation":{"angle":22.5,"axis":"y","origin":[6.74384,18.5045,-6.41068]},"faces":{"north":{"uv":[11.25,4.25,12.25,5.5],"texture":"#main"},"east":{"uv":[5.25,13,5.625,14.25],"texture":"#main"},"south":{"uv":[11.25,8.75,12.25,10],"texture":"#main"},"west":{"uv":[7,13,7.375,14.25],"texture":"#main"},"up":{"uv":[12.25,10.375,11.25,10],"texture":"#main"},"down":{"uv":[14,4.5,13,4.875],"texture":"#main"}}},{"from":[7.72116,15.957,-7.28068],"to":[11.72616,21.002,-5.54068],"rotation":{"angle":-22.5,"axis":"y","origin":[9.63616,18.4795,-6.41068]},"faces":{"north":{"uv":[11,11.25,12,12.5],"texture":"#main"},"east":{"uv":[7.5,13,7.875,14.25],"texture":"#main"},"south":{"uv":[11.5,1.25,12.5,2.5],"texture":"#main"},"west":{"uv":[8,13,8.375,14.25],"texture":"#main"},"up":{"uv":[14,9.875,13,9.5],"texture":"#main"},"down":{"uv":[14,10,13,10.375],"texture":"#main"}}},{"from":[1.06894,14.14611,0.41091],"to":[3.51894,17.64611,3.35091],"rotation":{"angle":-22.5,"axis":"x","origin":[6.15528,11.55253,7.40291]},"faces":{"north":{"uv":[1,12.75,1.625,13.625],"texture":"#main"},"east":{"uv":[12.5,0.75,13.25,1.625],"texture":"#main"},"south":{"uv":[1.75,12.75,2.375,13.625],"texture":"#main"},"west":{"uv":[12.5,7,13.25,7.875],"texture":"#main"},"up":{"uv":[5.125,13.5,4.5,12.75],"texture":"#main"},"down":{"uv":[13.375,12.25,12.75,13],"texture":"#main"}}},{"from":[1.07,14.39545,-0.80141],"to":[3.66,15.93545,4.23859],"rotation":{"angle":-45,"axis":"x","origin":[6.15528,11.55253,7.40291]},"faces":{"north":{"uv":[11.75,0.75,12.375,1.125],"texture":"#main"},"east":{"uv":[12.25,5,13.5,5.375],"texture":"#main"},"south":{"uv":[13.25,6.25,13.875,6.625],"texture":"#main"},"west":{"uv":[13,4,14.25,4.375],"texture":"#main"},"up":{"uv":[8.125,1.25,7.5,0],"texture":"#main"},"down":{"uv":[5.875,11.75,5.25,13],"texture":"#main"}}},{"from":[3.46,6.90967,-2.04601],"to":[3.46,8.44967,-0.04601],"rotation":{"angle":-45,"axis":"x","origin":[3.46,7.82967,-1.14601]},"faces":{"north":{"uv":[0,0,0,0.375],"texture":"#main"},"east":{"uv":[1.25,10.5,1.75,10.875],"texture":"#main"},"south":{"uv":[0,0,0,0.375],"texture":"#main"},"west":{"uv":[13.25,6.75,13.75,7.125],"texture":"#main"},"up":{"uv":[0,0.5,0,0],"texture":"#main"},"down":{"uv":[0,0,0,0.5],"texture":"#main"}}},{"from":[2.46,6.90967,-2.04601],"to":[2.46,8.44967,-0.04601],"rotation":{"angle":-45,"axis":"x","origin":[3.46,7.82967,-1.14601]},"faces":{"north":{"uv":[0,0,0,0.375],"texture":"#main"},"east":{"uv":[1.25,10.5,1.75,10.875],"texture":"#main"},"south":{"uv":[0,0,0,0.375],"texture":"#main"},"west":{"uv":[13.25,6.75,13.75,7.125],"texture":"#main"},"up":{"uv":[0,0.5,0,0],"texture":"#main"},"down":{"uv":[0,0,0,0.5],"texture":"#main"}}},{"from":[1.26,6.90967,-2.04601],"to":[1.26,8.44967,-0.04601],"rotation":{"angle":-45,"axis":"x","origin":[3.46,7.82967,-1.14601]},"faces":{"north":{"uv":[0,0,0,0.375],"texture":"#main"},"east":{"uv":[1.25,10.5,1.75,10.875],"texture":"#main"},"south":{"uv":[0,0,0,0.375],"texture":"#main"},"west":{"uv":[13.25,6.75,13.75,7.125],"texture":"#main"},"up":{"uv":[0,0.5,0,0],"texture":"#main"},"down":{"uv":[0,0,0,0.5],"texture":"#main"}}},{"from":[12.78106,14.14611,0.41091],"to":[15.23106,17.64611,3.35091],"rotation":{"angle":-22.5,"axis":"x","origin":[10.14472,11.55253,7.40291]},"faces":{"north":{"uv":[1.625,12.75,1,13.625],"texture":"#main"},"east":{"uv":[13.25,7,12.5,7.875],"texture":"#main"},"south":{"uv":[2.375,12.75,1.75,13.625],"texture":"#main"},"west":{"uv":[13.25,0.75,12.5,1.625],"texture":"#main"},"up":{"uv":[4.5,13.5,5.125,12.75],"texture":"#main"},"down":{"uv":[12.75,12.25,13.375,13],"texture":"#main"}}},{"from":[12.64,14.39545,-0.80141],"to":[15.23,15.93545,4.23859],"rotation":{"angle":-45,"axis":"x","origin":[10.14472,11.55253,7.40291]},"faces":{"north":{"uv":[12.375,0.75,11.75,1.125],"texture":"#main"},"east":{"uv":[14.25,4,13,4.375],"texture":"#main"},"south":{"uv":[13.875,6.25,13.25,6.625],"texture":"#main"},"west":{"uv":[13.5,5,12.25,5.375],"texture":"#main"},"up":{"uv":[7.5,1.25,8.125,0],"texture":"#main"},"down":{"uv":[5.25,11.75,5.875,13],"texture":"#main"}}},{"from":[12.84,6.90967,-2.04601],"to":[12.84,8.44967,-0.04601],"rotation":{"angle":-45,"axis":"x","origin":[12.84,7.82967,-1.14601]},"faces":{"north":{"uv":[0,0,0,0.375],"texture":"#main"},"east":{"uv":[13.75,6.75,13.25,7.125],"texture":"#main"},"south":{"uv":[0,0,0,0.375],"texture":"#main"},"west":{"uv":[1.75,10.5,1.25,10.875],"texture":"#main"},"up":{"uv":[0,0.5,0,0],"texture":"#main"},"down":{"uv":[0,0,0,0.5],"texture":"#main"}}},{"from":[13.84,6.90967,-2.04601],"to":[13.84,8.44967,-0.04601],"rotation":{"angle":-45,"axis":"x","origin":[12.84,7.82967,-1.14601]},"faces":{"north":{"uv":[0,0,0,0.375],"texture":"#main"},"east":{"uv":[13.75,6.75,13.25,7.125],"texture":"#main"},"south":{"uv":[0,0,0,0.375],"texture":"#main"},"west":{"uv":[1.75,10.5,1.25,10.875],"texture":"#main"},"up":{"uv":[0,0.5,0,0],"texture":"#main"},"down":{"uv":[0,0,0,0.5],"texture":"#main"}}},{"from":[15.04,6.90967,-2.04601],"to":[15.04,8.44967,-0.04601],"rotation":{"angle":-45,"axis":"x","origin":[12.84,7.82967,-1.14601]},"faces":{"north":{"uv":[0,0,0,0.375],"texture":"#main"},"east":{"uv":[13.75,6.75,13.25,7.125],"texture":"#main"},"south":{"uv":[0,0,0,0.375],"texture":"#main"},"west":{"uv":[1.75,10.5,1.25,10.875],"texture":"#main"},"up":{"uv":[0,0.5,0,0],"texture":"#main"},"down":{"uv":[0,0,0,0.5],"texture":"#main"}}},{"from":[2.065,6.23,3.835],"to":[6.545,11.41,9.855],"rotation":{"angle":-22.5,"axis":"x","origin":[4.305,8.19,6.67]},"faces":{"north":{"uv":[6.5,10.75,7.625,12],"texture":"#main"},"east":{"uv":[5,1.75,6.5,3],"texture":"#main"},"south":{"uv":[7.75,10.75,8.875,12],"texture":"#main"},"west":{"uv":[10,6,11.5,7.25],"texture":"#main"},"up":{"uv":[6.375,8.75,5.25,7.25],"texture":"#main"},"down":{"uv":[1.125,10.5,0,12],"texture":"#main"}}},{"from":[2.13,1.61,6.81],"to":[5,5.67,9.715],"rotation":{"angle":-45,"axis":"x","origin":[3.775,3.85,6.3375]},"faces":{"north":{"uv":[8.25,12,9,13],"texture":"#main"},"east":{"uv":[12.25,4,13,5],"texture":"#main"},"south":{"uv":[12.25,8.75,13,9.75],"texture":"#main"},"west":{"uv":[9,12.25,9.75,13.25],"texture":"#main"},"up":{"uv":[7.25,10.75,6.5,10],"texture":"#main"},"down":{"uv":[13,9.75,12.25,10.5],"texture":"#main"}}},{"from":[2.55,0.21,7.37],"to":[4.72,4.83,9.855],"rotation":{"angle":0,"axis":"y","origin":[3.775,3.85,6.3375]},"faces":{"north":{"uv":[0,12.75,0.5,13.875],"texture":"#main"},"east":{"uv":[9.75,12.25,10.375,13.375],"texture":"#main"},"south":{"uv":[0.5,12.75,1,13.875],"texture":"#main"},"west":{"uv":[12,12.25,12.625,13.375],"texture":"#main"},"up":{"uv":[13.25,13.625,12.75,13],"texture":"#main"},"down":{"uv":[13.75,0,13.25,0.625],"texture":"#main"}}},{"from":[4.755,0.22611,4.35544],"to":[4.755,1.73111,6.15544],"rotation":{"angle":0,"axis":"y","origin":[4.755,0.80361,4.75544]},"faces":{"north":{"uv":[0,0,0,0.375],"texture":"#main"},"east":{"uv":[13.25,7.25,13.75,7.625],"texture":"#main"},"south":{"uv":[0,0,0,0.375],"texture":"#main"},"west":{"uv":[9,13.25,9.5,13.625],"texture":"#main"},"up":{"uv":[0,0.5,0,0],"texture":"#main"},"down":{"uv":[0,0,0,0.5],"texture":"#main"}}},{"from":[3.655,0.22611,4.35544],"to":[3.655,1.73111,6.15544],"rotation":{"angle":0,"axis":"y","origin":[4.755,0.80361,4.75544]},"faces":{"north":{"uv":[0,0,0,0.375],"texture":"#main"},"east":{"uv":[13.25,7.25,13.75,7.625],"texture":"#main"},"south":{"uv":[0,0,0,0.375],"texture":"#main"},"west":{"uv":[9,13.25,9.5,13.625],"texture":"#main"},"up":{"uv":[0,0.5,0,0],"texture":"#main"},"down":{"uv":[0,0,0,0.5],"texture":"#main"}}},{"from":[3.655,0.22611,9.59456],"to":[3.655,1.73111,11.39456],"rotation":{"angle":0,"axis":"y","origin":[4.755,0.80361,11.59456]},"faces":{"north":{"uv":[0,0,0,0.375],"texture":"#main"},"east":{"uv":[13.75,7.25,13.25,7.625],"texture":"#main"},"south":{"uv":[0,0,0,0.375],"texture":"#main"},"west":{"uv":[9.5,13.25,9,13.625],"texture":"#main"},"up":{"uv":[0,0,0,0.5],"texture":"#main"},"down":{"uv":[0,0.5,0,0],"texture":"#main"}}},{"from":[2.555,0.22611,4.35544],"to":[2.555,1.73111,6.15544],"rotation":{"angle":0,"axis":"y","origin":[4.755,0.80361,4.75544]},"faces":{"north":{"uv":[0,0,0,0.375],"texture":"#main"},"east":{"uv":[13.25,7.25,13.75,7.625],"texture":"#main"},"south":{"uv":[0,0,0,0.375],"texture":"#main"},"west":{"uv":[9,13.25,9.5,13.625],"texture":"#main"},"up":{"uv":[0,0.5,0,0],"texture":"#main"},"down":{"uv":[0,0,0,0.5],"texture":"#main"}}},{"from":[2.305,0.245,5.865],"to":[5.105,1.75,9.435],"rotation":{"angle":0,"axis":"y","origin":[3.775,1.4,5.9875]},"faces":{"north":{"uv":[1.75,6.75,2.5,7.125],"texture":"#main"},"east":{"uv":[13,11.25,13.875,11.625],"texture":"#main"},"south":{"uv":[7.5,1.25,8.25,1.625],"texture":"#main"},"west":{"uv":[13,11.75,13.875,12.125],"texture":"#main"},"up":{"uv":[11.25,13.375,10.5,12.5],"texture":"#main"},"down":{"uv":[12,12.5,11.25,13.375],"texture":"#main"}}},{"from":[9.28,6.23,3.835],"to":[13.76,11.41,9.855],"rotation":{"angle":-22.5,"axis":"x","origin":[11.52,8.19,6.67]},"faces":{"north":{"uv":[7.625,10.75,6.5,12],"texture":"#main"},"east":{"uv":[11.5,6,10,7.25],"texture":"#main"},"south":{"uv":[8.875,10.75,7.75,12],"texture":"#main"},"west":{"uv":[6.5,1.75,5,3],"texture":"#main"},"up":{"uv":[5.25,8.75,6.375,7.25],"texture":"#main"},"down":{"uv":[0,10.5,1.125,12],"texture":"#main"}}},{"from":[10.825,1.61,6.81],"to":[13.695,5.67,9.715],"rotation":{"angle":-45,"axis":"x","origin":[12.05,3.85,6.3375]},"faces":{"north":{"uv":[9,12,8.25,13],"texture":"#main"},"east":{"uv":[9.75,12.25,9,13.25],"texture":"#main"},"south":{"uv":[13,8.75,12.25,9.75],"texture":"#main"},"west":{"uv":[13,4,12.25,5],"texture":"#main"},"up":{"uv":[6.5,10.75,7.25,10],"texture":"#main"},"down":{"uv":[12.25,9.75,13,10.5],"texture":"#main"}}},{"from":[11.105,0.21,7.37],"to":[13.275,4.83,9.855],"rotation":{"angle":0,"axis":"y","origin":[12.05,3.85,6.3375]},"faces":{"north":{"uv":[0.5,12.75,0,13.875],"texture":"#main"},"east":{"uv":[12.625,12.25,12,13.375],"texture":"#main"},"south":{"uv":[1,12.75,0.5,13.875],"texture":"#main"},"west":{"uv":[10.375,12.25,9.75,13.375],"texture":"#main"},"up":{"uv":[12.75,13.625,13.25,13],"texture":"#main"},"down":{"uv":[13.25,0,13.75,0.625],"texture":"#main"}}},{"from":[11.07,0.22611,4.35544],"to":[11.07,1.73111,6.15544],"rotation":{"angle":0,"axis":"y","origin":[11.07,0.80361,4.75544]},"faces":{"north":{"uv":[0,0,0,0.375],"texture":"#main"},"east":{"uv":[9.5,13.25,9,13.625],"texture":"#main"},"south":{"uv":[0,0,0,0.375],"texture":"#main"},"west":{"uv":[13.75,7.25,13.25,7.625],"texture":"#main"},"up":{"uv":[0,0.5,0,0],"texture":"#main"},"down":{"uv":[0,0,0,0.5],"texture":"#main"}}},{"from":[12.17,0.22611,4.35544],"to":[12.17,1.73111,6.15544],"rotation":{"angle":0,"axis":"y","origin":[11.07,0.80361,4.75544]},"faces":{"north":{"uv":[0,0,0,0.375],"texture":"#main"},"east":{"uv":[9.5,13.25,9,13.625],"texture":"#main"},"south":{"uv":[0,0,0,0.375],"texture":"#main"},"west":{"uv":[13.75,7.25,13.25,7.625],"texture":"#main"},"up":{"uv":[0,0.5,0,0],"texture":"#main"},"down":{"uv":[0,0,0,0.5],"texture":"#main"}}},{"from":[12.17,0.22611,9.59456],"to":[12.17,1.73111,11.39456],"rotation":{"angle":0,"axis":"y","origin":[11.07,0.80361,11.59456]},"faces":{"north":{"uv":[0,0,0,0.375],"texture":"#main"},"east":{"uv":[9,13.25,9.5,13.625],"texture":"#main"},"south":{"uv":[0,0,0,0.375],"texture":"#main"},"west":{"uv":[13.25,7.25,13.75,7.625],"texture":"#main"},"up":{"uv":[0,0,0,0.5],"texture":"#main"},"down":{"uv":[0,0.5,0,0],"texture":"#main"}}},{"from":[13.27,0.22611,4.35544],"to":[13.27,1.73111,6.15544],"rotation":{"angle":0,"axis":"y","origin":[11.07,0.80361,4.75544]},"faces":{"north":{"uv":[0,0,0,0.375],"texture":"#main"},"east":{"uv":[9.5,13.25,9,13.625],"texture":"#main"},"south":{"uv":[0,0,0,0.375],"texture":"#main"},"west":{"uv":[13.75,7.25,13.25,7.625],"texture":"#main"},"up":{"uv":[0,0.5,0,0],"texture":"#main"},"down":{"uv":[0,0,0,0.5],"texture":"#main"}}},{"from":[10.72,0.245,5.865],"to":[13.52,1.75,9.435],"rotation":{"angle":0,"axis":"y","origin":[12.05,1.4,5.9875]},"faces":{"north":{"uv":[2.5,6.75,1.75,7.125],"texture":"#main"},"east":{"uv":[13.875,11.75,13,12.125],"texture":"#main"},"south":{"uv":[8.25,1.25,7.5,1.625],"texture":"#main"},"west":{"uv":[13.875,11.25,13,11.625],"texture":"#main"},"up":{"uv":[10.5,13.375,11.25,12.5],"texture":"#main"},"down":{"uv":[11.25,12.5,12,13.375],"texture":"#main"}}}],"display":{"head":{"translation":[0.5,-36.25,0],"scale":[0.875,0.875,0.875]}},"groups":[{"name":"cranidos","origin":[-4.975,3.85,-1.8375],"color":0,"children":[{"name":"body","origin":[-1.23,13.51,-5.955],"color":0,"children":[0,1,2,3,4,5]},{"name":"head","origin":[-2.88306,17.88743,-9.01337],"color":0,"children":[6,7,8,9,10,11,12,13,14,15,16,17,18,19,20,21,22,23,24]},{"name":"armL","origin":[-6.59266,10.65157,-10.01122],"color":0,"children":[25,26,27,28,29]},{"name":"armL","origin":[-6.59266,10.65157,-10.01122],"color":0,"children":[30,31,32,33,34]},{"name":"legL","origin":[-4.59313,2.68887,-1.06142],"color":0,"children":[35,36,37,38,39,40,41,42]},{"name":"legL2","origin":[2.41813,2.68887,-1.06142],"color":0,"children":[43,44,45,46,47,48,49,50]}]}]}