{"credit":"Made with Blockbench","texture_size":[128,128],"textures":{"main":"pokemon/diance"},"elements":[{"from":[4.875,7.125,5.5],"to":[11.125,8.375,11.75],"rotation":{"angle":0,"axis":"y","origin":[8.625,7.125,5.5]},"faces":{"north":{"uv":[7.375,4.875,8.125,5],"texture":"#main"},"east":{"uv":[8.125,4.5,8.875,4.625],"texture":"#main"},"south":{"uv":[8.25,7.125,9,7.25],"texture":"#main"},"west":{"uv":[8.375,1.375,9.125,1.5],"texture":"#main"},"up":{"uv":[6.625,5.75,5.875,5],"texture":"#main"},"down":{"uv":[6.625,5.75,5.875,6.5],"texture":"#main"}}},{"from":[1.875,2.725,2.3125],"to":[14.125,7.975,15],"rotation":{"angle":0,"axis":"y","origin":[8.875,-0.775,3.625]},"faces":{"north":{"uv":[0,4.25,1.5,4.875],"texture":"#main"},"east":{"uv":[3,2.75,4.625,3.375],"texture":"#main"},"south":{"uv":[1.5,4.25,3,4.875],"texture":"#main"},"west":{"uv":[3,3.375,4.625,4],"texture":"#main"},"up":{"uv":[1.5,1.625,0,0],"texture":"#main"},"down":{"uv":[3,0,1.5,1.625],"texture":"#main"}}},{"from":[2.75,-0.775,3.625],"to":[13.25,2.725,14.125],"rotation":{"angle":0,"axis":"y","origin":[9.75,-7.775,3.625]},"faces":{"north":{"uv":[5.375,1.75,6.75,2.25],"texture":"#main"},"east":{"uv":[5.625,2.25,7,2.75],"texture":"#main"},"south":{"uv":[5.625,2.75,7,3.25],"texture":"#main"},"west":{"uv":[0,5.75,1.375,6.25],"texture":"#main"},"up":{"uv":[4.375,1.375,3,0],"texture":"#main"},"down":{"uv":[4.375,1.375,3,2.75],"texture":"#main"}}},{"from":[3.975,-5.325,4.85],"to":[12.025,-0.775,12.9],"rotation":{"angle":0,"axis":"y","origin":[8.875,-9.525,2.75]},"faces":{"north":{"uv":[1.375,5.75,2.375,6.375],"texture":"#main"},"east":{"uv":[2.375,5.875,3.375,6.5],"texture":"#main"},"south":{"uv":[3.375,5.875,4.375,6.5],"texture":"#main"},"west":{"uv":[5.875,4.375,6.875,5],"texture":"#main"},"up":{"uv":[4,5,3,4],"texture":"#main"},"down":{"uv":[5,4,4,5],"texture":"#main"}}},{"from":[5.375,-8.125,6.25],"to":[10.625,-3.575,11.5],"rotation":{"angle":-22.5,"axis":"z","origin":[8,-5.85,8.875]},"faces":{"north":{"uv":[0.5,7.125,1.125,7.75],"texture":"#main"},"east":{"uv":[7.125,7.25,7.75,7.875],"texture":"#main"},"south":{"uv":[1.875,7.375,2.5,8],"texture":"#main"},"west":{"uv":[2.5,7.375,3.125,8],"texture":"#main"},"up":{"uv":[8,3.625,7.375,3],"texture":"#main"},"down":{"uv":[3.75,7.375,3.125,8],"texture":"#main"}}},{"from":[1.35,1.325,2.6625],"to":[6.6,4.825,6.5125],"rotation":{"angle":0,"axis":"y","origin":[4.85,-5.675,-0.8375]},"faces":{"north":{"uv":[5.125,7.375,5.75,7.875],"texture":"#main"},"east":{"uv":[6.875,7.875,7.375,8.375],"texture":"#main"},"south":{"uv":[5.75,7.375,6.375,7.875],"texture":"#main"},"west":{"uv":[1.5,8,2,8.5],"texture":"#main"},"up":{"uv":[8.125,2,7.5,1.5],"texture":"#main"},"down":{"uv":[8.125,2,7.5,2.5],"texture":"#main"}}},{"from":[0.9125,4.3875,2.05],"to":[4.85,8.325,8.6125],"rotation":{"angle":0,"axis":"y","origin":[3.1,-2.175,-1.45]},"faces":{"north":{"uv":[2,8,2.5,8.5],"texture":"#main"},"east":{"uv":[6,3.875,6.875,4.375],"texture":"#main"},"south":{"uv":[2.5,8,3,8.5],"texture":"#main"},"west":{"uv":[0,6.25,0.875,6.75],"texture":"#main"},"up":{"uv":[5.625,7,5.125,6.125],"texture":"#main"},"down":{"uv":[6.75,0,6.25,0.875],"texture":"#main"}}},{"from":[6.6875,12.5,5],"to":[9.1875,15,7.1875],"rotation":{"angle":45,"axis":"z","origin":[8.0625,13.75,6.09375]},"faces":{"north":{"uv":[4.625,3.5,5,3.875],"texture":"#main"},"east":{"uv":[5.375,2.25,5.625,2.625],"texture":"#main"},"south":{"uv":[0.5,6.75,0.875,7.125],"texture":"#main"},"west":{"uv":[5.625,6.125,5.875,6.5],"texture":"#main"},"up":{"uv":[6,3.5,5.625,3.25],"texture":"#main"},"down":{"uv":[7.375,3,7,3.25],"texture":"#main"}}},{"from":[4,8,5],"to":[12,10,12.25],"rotation":{"angle":0,"axis":"y","origin":[8,8,5]},"faces":{"north":{"uv":[7.375,4.625,8.375,4.875],"texture":"#main"},"east":{"uv":[8.125,4.25,9,4.5],"texture":"#main"},"south":{"uv":[8,3,9,3.25],"texture":"#main"},"west":{"uv":[8.25,6.875,9.125,7.125],"texture":"#main"},"up":{"uv":[5.375,0.875,4.375,0],"texture":"#main"},"down":{"uv":[5.375,0.875,4.375,1.75],"texture":"#main"}}},{"from":[5,10,6],"to":[11,14,11.25],"rotation":{"angle":0,"axis":"y","origin":[8,10,5]},"faces":{"north":{"uv":[7.375,3.625,8.125,4.125],"texture":"#main"},"east":{"uv":[3.75,7.625,4.375,8.125],"texture":"#main"},"south":{"uv":[7.375,4.125,8.125,4.625],"texture":"#main"},"west":{"uv":[4.375,7.625,5,8.125],"texture":"#main"},"up":{"uv":[6.75,3.875,6,3.25],"texture":"#main"},"down":{"uv":[5.125,6.125,4.375,6.75],"texture":"#main"}}},{"from":[4,16,5],"to":[12,23,12.25],"rotation":{"angle":0,"axis":"y","origin":[8,10,5]},"faces":{"north":{"uv":[4.375,1.75,5.375,2.625],"texture":"#main"},"east":{"uv":[5,4.375,5.875,5.25],"texture":"#main"},"south":{"uv":[4.625,2.625,5.625,3.5],"texture":"#main"},"west":{"uv":[5,5.25,5.875,6.125],"texture":"#main"},"up":{"uv":[1,5.75,0,4.875],"texture":"#main"},"down":{"uv":[2,4.875,1,5.75],"texture":"#main"}}},{"from":[4.5,21,4.5],"to":[11.5,28,8.75],"rotation":{"angle":0,"axis":"y","origin":[8,24.5,6.625]},"faces":{"north":{"uv":[5.375,0,6.25,0.875],"texture":"#main"},"east":{"uv":[0.875,6.25,1.375,7.125],"texture":"#main"},"south":{"uv":[5.375,0.875,6.25,1.75],"texture":"#main"},"west":{"uv":[6.25,0.875,6.75,1.75],"texture":"#main"},"up":{"uv":[2.25,6.875,1.375,6.375],"texture":"#main"},"down":{"uv":[3.125,6.5,2.25,7],"texture":"#main"}}},{"from":[3.5,22,4.5],"to":[4.5,27,7.75],"rotation":{"angle":0,"axis":"y","origin":[1,24.5,6.625]},"faces":{"north":{"uv":[6.75,3.25,6.875,3.875],"texture":"#main"},"east":{"uv":[0,7.625,0.5,8.25],"texture":"#main"},"south":{"uv":[1.125,7.125,1.25,7.75],"texture":"#main"},"west":{"uv":[6.375,7.625,6.875,8.25],"texture":"#main"},"up":{"uv":[6.875,2.25,6.75,1.75],"texture":"#main"},"down":{"uv":[7,1.75,6.875,2.25],"texture":"#main"}}},{"from":[11.5,22,4.5],"to":[12.5,27,7.75],"rotation":{"angle":0,"axis":"y","origin":[9,24.5,6.625]},"faces":{"north":{"uv":[1.25,7.125,1.375,7.75],"texture":"#main"},"east":{"uv":[0.5,7.75,1,8.375],"texture":"#main"},"south":{"uv":[1.375,8.375,1.5,9],"texture":"#main"},"west":{"uv":[1,7.75,1.5,8.375],"texture":"#main"},"up":{"uv":[7,8.875,6.875,8.375],"texture":"#main"},"down":{"uv":[7.125,8.375,7,8.875],"texture":"#main"}}},{"from":[5.5,28,4.5],"to":[10.5,29,7.75],"rotation":{"angle":0,"axis":"y","origin":[7,30.5,6.625]},"faces":{"north":{"uv":[2.375,5.75,3,5.875],"texture":"#main"},"east":{"uv":[8.375,4.625,8.875,4.75],"texture":"#main"},"south":{"uv":[7.5,2.5,8.125,2.625],"texture":"#main"},"west":{"uv":[8.375,4.75,8.875,4.875],"texture":"#main"},"up":{"uv":[8.375,7.75,7.75,7.25],"texture":"#main"},"down":{"uv":[8.375,7.75,7.75,8.25],"texture":"#main"}}},{"from":[14.25,22.25,10.75],"to":[18.25,26.25,10.75],"rotation":{"angle":22.5,"axis":"z","origin":[13.5,24.25,10.8125]},"faces":{"north":{"uv":[3,8,3.5,8.5],"rotation":270,"texture":"#main"},"east":{"uv":[0.5,0,0,0],"rotation":90,"texture":"#main"},"south":{"uv":[8.125,1.5,8.625,2],"rotation":90,"texture":"#main"},"west":{"uv":[0.5,0,0,0],"rotation":90,"texture":"#main"},"up":{"uv":[0,0,0,0.5],"rotation":90,"texture":"#main"},"down":{"uv":[0,0,0,0.5],"rotation":90,"texture":"#main"}}},{"from":[6.31544,12.65642,10.75],"to":[27.31544,18.65642,10.75],"rotation":{"angle":-45,"axis":"z","origin":[16.81544,15.65642,10.75]},"faces":{"north":{"uv":[0,1.625,0.75,4.25],"rotation":270,"texture":"#main"},"east":{"uv":[0.75,0,0,0],"rotation":90,"texture":"#main"},"south":{"uv":[0.75,1.625,1.5,4.25],"rotation":90,"texture":"#main"},"west":{"uv":[0.75,0,0,0],"rotation":90,"texture":"#main"},"up":{"uv":[0,0,0,2.625],"rotation":90,"texture":"#main"},"down":{"uv":[0,0,0,2.625],"rotation":90,"texture":"#main"}}},{"from":[-11.31544,12.65642,10.75],"to":[9.68456,18.65642,10.75],"rotation":{"angle":45,"axis":"z","origin":[-0.81544,15.65642,10.75]},"faces":{"north":{"uv":[1.5,1.625,2.25,4.25],"rotation":90,"texture":"#main"},"east":{"uv":[0.75,0,0,0],"rotation":270,"texture":"#main"},"south":{"uv":[2.25,1.625,3,4.25],"rotation":270,"texture":"#main"},"west":{"uv":[0.75,0,0,0],"rotation":270,"texture":"#main"},"up":{"uv":[0,0,0,2.625],"rotation":270,"texture":"#main"},"down":{"uv":[0,0,0,2.625],"rotation":270,"texture":"#main"}}},{"from":[7.25,22.25,8.75],"to":[14.25,26.25,13],"rotation":{"angle":22.5,"axis":"z","origin":[13.5,24.25,10.8125]},"faces":{"north":{"uv":[3.125,6.5,3.625,7.375],"rotation":270,"texture":"#main"},"east":{"uv":[8.625,2.5,8.125,2],"rotation":90,"texture":"#main"},"south":{"uv":[5.625,6.5,6.125,7.375],"rotation":90,"texture":"#main"},"west":{"uv":[8.625,2.5,8.125,3],"rotation":90,"texture":"#main"},"up":{"uv":[6.125,6.5,6.625,7.375],"rotation":90,"texture":"#main"},"down":{"uv":[3.625,6.5,4.125,7.375],"rotation":90,"texture":"#main"}}},{"from":[8.25,21,9.675],"to":[12.25,28,13.925],"rotation":{"angle":-22.5,"axis":"z","origin":[10.25,27.25,11.7375]},"faces":{"north":{"uv":[6.625,5,7.125,5.875],"texture":"#main"},"east":{"uv":[6.625,5.875,7.125,6.75],"texture":"#main"},"south":{"uv":[0,6.75,0.5,7.625],"texture":"#main"},"west":{"uv":[6.75,0,7.25,0.875],"texture":"#main"},"up":{"uv":[8.625,3.75,8.125,3.25],"texture":"#main"},"down":{"uv":[4,8.125,3.5,8.625],"texture":"#main"}}},{"from":[8.25,28,11.675],"to":[12.25,32,11.675],"rotation":{"angle":-22.5,"axis":"z","origin":[10.25,27.25,11.7375]},"faces":{"north":{"uv":[8.125,3.75,8.625,4.25],"texture":"#main"},"east":{"uv":[0,0,0,0.5],"texture":"#main"},"south":{"uv":[4,8.125,4.5,8.625],"texture":"#main"},"west":{"uv":[0,0,0,0.5],"texture":"#main"},"up":{"uv":[0.5,0,0,0],"texture":"#main"},"down":{"uv":[0.5,0,0,0],"texture":"#main"}}},{"from":[1.75,22.25,8.75],"to":[8.75,26.25,13],"rotation":{"angle":-22.5,"axis":"z","origin":[2.5,24.25,10.8125]},"faces":{"north":{"uv":[6.75,0.875,7.25,1.75],"rotation":90,"texture":"#main"},"east":{"uv":[0.5,8.25,0,8.75],"rotation":270,"texture":"#main"},"south":{"uv":[4.625,6.75,5.125,7.625],"rotation":270,"texture":"#main"},"west":{"uv":[5,8.625,4.5,8.125],"rotation":270,"texture":"#main"},"up":{"uv":[4.125,6.75,4.625,7.625],"rotation":270,"texture":"#main"},"down":{"uv":[6.625,6.75,7.125,7.625],"rotation":270,"texture":"#main"}}},{"from":[-2.25,22.25,10.75],"to":[1.75,26.25,10.75],"rotation":{"angle":-22.5,"axis":"z","origin":[2.5,24.25,10.8125]},"faces":{"north":{"uv":[8.25,4.875,8.75,5.375],"rotation":90,"texture":"#main"},"east":{"uv":[0.5,0,0,0],"rotation":270,"texture":"#main"},"south":{"uv":[8.25,5.375,8.75,5.875],"rotation":270,"texture":"#main"},"west":{"uv":[0.5,0,0,0],"rotation":270,"texture":"#main"},"up":{"uv":[0,0,0,0.5],"rotation":270,"texture":"#main"},"down":{"uv":[0,0,0,0.5],"rotation":270,"texture":"#main"}}},{"from":[3.75,21,9.75],"to":[7.75,28,14],"rotation":{"angle":22.5,"axis":"z","origin":[5.75,27.25,11.8125]},"faces":{"north":{"uv":[1.375,6.875,1.875,7.75],"texture":"#main"},"east":{"uv":[6.875,3.25,7.375,4.125],"texture":"#main"},"south":{"uv":[6.875,4.125,7.375,5],"texture":"#main"},"west":{"uv":[7,1.75,7.5,2.625],"texture":"#main"},"up":{"uv":[8.75,6.375,8.25,5.875],"texture":"#main"},"down":{"uv":[6.5,8.25,6,8.75],"texture":"#main"}}},{"from":[3.75,28,11.75],"to":[7.75,32,11.75],"rotation":{"angle":22.5,"axis":"z","origin":[5.75,27.25,11.8125]},"faces":{"north":{"uv":[8.25,6.375,8.75,6.875],"texture":"#main"},"east":{"uv":[0,0,0,0.5],"texture":"#main"},"south":{"uv":[7.375,8.25,7.875,8.75],"texture":"#main"},"west":{"uv":[0,0,0,0.5],"texture":"#main"},"up":{"uv":[0.5,0,0,0],"texture":"#main"},"down":{"uv":[0.5,0,0,0],"texture":"#main"}}},{"from":[-4,20,6.5],"to":[4,27,6.5],"rotation":{"angle":-22.5,"axis":"z","origin":[0,19.5,4.5]},"faces":{"north":{"uv":[2,4.875,3,5.75],"texture":"#main"},"east":{"uv":[0,0,0,0.875],"texture":"#main"},"south":{"uv":[3,5,4,5.875],"texture":"#main"},"west":{"uv":[0,0,0,0.875],"texture":"#main"},"up":{"uv":[1,0,0,0],"texture":"#main"},"down":{"uv":[1,0,0,0],"texture":"#main"}}},{"from":[12,20,6.5],"to":[20,27,6.5],"rotation":{"angle":22.5,"axis":"z","origin":[16,19.5,4.5]},"faces":{"north":{"uv":[5,3.5,6,4.375],"texture":"#main"},"east":{"uv":[0,0,0,0.875],"texture":"#main"},"south":{"uv":[4,5,5,5.875],"texture":"#main"},"west":{"uv":[0,0,0,0.875],"texture":"#main"},"up":{"uv":[1,0,0,0],"texture":"#main"},"down":{"uv":[1,0,0,0],"texture":"#main"}}},{"from":[6,14,6],"to":[10,16,11.25],"rotation":{"angle":0,"axis":"y","origin":[8,14,5]},"faces":{"north":{"uv":[0.875,8.375,1.375,8.625],"texture":"#main"},"east":{"uv":[4.375,5.875,5,6.125],"texture":"#main"},"south":{"uv":[8.375,1.125,8.875,1.375],"texture":"#main"},"west":{"uv":[7.875,8.25,8.5,8.5],"texture":"#main"},"up":{"uv":[5.5,8.5,5,7.875],"texture":"#main"},"down":{"uv":[6,7.875,5.5,8.5],"texture":"#main"}}},{"from":[-3,13,7],"to":[6,16,10.25],"rotation":{"angle":0,"axis":"y","origin":[4,14,4]},"faces":{"north":{"uv":[1.875,7,3,7.375],"texture":"#main"},"east":{"uv":[5.125,7,5.5,7.375],"texture":"#main"},"south":{"uv":[7,2.625,8.125,3],"texture":"#main"},"west":{"uv":[6,7.875,6.375,8.25],"texture":"#main"},"up":{"uv":[8.25,5.375,7.125,5],"texture":"#main"},"down":{"uv":[8.25,5.375,7.125,5.75],"texture":"#main"}}},{"from":[-5.75,15,7.25],"to":[-2.75,16,10],"rotation":{"angle":-22.5,"axis":"z","origin":[-4.25,15.5,8.625]},"faces":{"north":{"uv":[4.625,3.875,5,4],"texture":"#main"},"east":{"uv":[1.875,6.875,2.25,7],"texture":"#main"},"south":{"uv":[3.75,7.375,4.125,7.5],"texture":"#main"},"west":{"uv":[3.75,7.5,4.125,7.625],"texture":"#main"},"up":{"uv":[7.75,8.25,7.375,7.875],"texture":"#main"},"down":{"uv":[6.875,8.25,6.5,8.625],"texture":"#main"}}},{"from":[-4.75,13,7.25],"to":[-2.75,14,8.5],"rotation":{"angle":22.5,"axis":"z","origin":[-4.25,13.5,6.875]},"faces":{"north":{"uv":[4.375,2.625,4.625,2.75],"texture":"#main"},"east":{"uv":[2.25,6.375,2.375,6.5],"texture":"#main"},"south":{"uv":[4.125,6.5,4.375,6.625],"texture":"#main"},"west":{"uv":[3,7,3.125,7.125],"texture":"#main"},"up":{"uv":[4.375,6.75,4.125,6.625],"texture":"#main"},"down":{"uv":[7.5,1.5,7.25,1.625],"texture":"#main"}}},{"from":[-3,10,8.25],"to":[6,13,8.25],"rotation":{"angle":0,"axis":"y","origin":[4,11,2]},"faces":{"north":{"uv":[7.125,5.75,8.25,6.125],"texture":"#main"},"east":{"uv":[0,0,0,0.375],"texture":"#main"},"south":{"uv":[7.125,6.125,8.25,6.5],"texture":"#main"},"west":{"uv":[0,0,0,0.375],"texture":"#main"},"up":{"uv":[1.125,0,0,0],"texture":"#main"},"down":{"uv":[1.125,0,0,0],"texture":"#main"}}},{"from":[10,13,7],"to":[19,16,10.25],"rotation":{"angle":0,"axis":"y","origin":[12,14,4]},"faces":{"north":{"uv":[7.125,6.5,8.25,6.875],"texture":"#main"},"east":{"uv":[8.375,0,8.75,0.375],"texture":"#main"},"south":{"uv":[7.125,6.875,8.25,7.25],"texture":"#main"},"west":{"uv":[8.375,0.375,8.75,0.75],"texture":"#main"},"up":{"uv":[8.375,0.375,7.25,0],"texture":"#main"},"down":{"uv":[8.375,0.375,7.25,0.75],"texture":"#main"}}},{"from":[10,10,8.25],"to":[19,13,8.25],"rotation":{"angle":0,"axis":"y","origin":[12,11,2]},"faces":{"north":{"uv":[7.25,0.75,8.375,1.125],"texture":"#main"},"east":{"uv":[0,0,0,0.375],"texture":"#main"},"south":{"uv":[7.25,1.125,8.375,1.5],"texture":"#main"},"west":{"uv":[0,0,0,0.375],"texture":"#main"},"up":{"uv":[1.125,0,0,0],"texture":"#main"},"down":{"uv":[1.125,0,0,0],"texture":"#main"}}},{"from":[18.75,13,7.25],"to":[20.75,14,8.5],"rotation":{"angle":-22.5,"axis":"z","origin":[20.25,13.5,6.875]},"faces":{"north":{"uv":[7.25,1.625,7.5,1.75],"texture":"#main"},"east":{"uv":[5.5,7,5.625,7.125],"texture":"#main"},"south":{"uv":[6.375,7.375,6.625,7.5],"texture":"#main"},"west":{"uv":[3,7.125,3.125,7.25],"texture":"#main"},"up":{"uv":[6.625,7.625,6.375,7.5],"texture":"#main"},"down":{"uv":[7.125,7.625,6.875,7.75],"texture":"#main"}}},{"from":[18.75,15,7.25],"to":[21.75,16,10],"rotation":{"angle":22.5,"axis":"z","origin":[20.25,15.5,8.625]},"faces":{"north":{"uv":[1.5,7.75,1.875,7.875],"texture":"#main"},"east":{"uv":[1.5,7.875,1.875,8],"texture":"#main"},"south":{"uv":[8.375,7.25,8.75,7.375],"texture":"#main"},"west":{"uv":[8.375,7.375,8.75,7.5],"texture":"#main"},"up":{"uv":[0.875,8.75,0.5,8.375],"texture":"#main"},"down":{"uv":[8.75,0.75,8.375,1.125],"texture":"#main"}}}],"display":{"head":{"translation":[0,-26.25,0],"scale":[0.7,0.7,0.7]}},"groups":[{"name":"group","origin":[3,-1.5,-2.5],"color":0,"nbt":"{}","armAnimationEnabled":false,"children":[0,1,2,3,4,5,6,7,8,9,10,11,12,13,14,15,16,17,18,19,20,21,22,23,24,25,26,27,28,29,30,31,32,33,34,35]}]}