{"parent":"physical_parent","textures":{"main":"pokemon/duskull"},"texture_size":[32,32],"elements":[{"rotation":{"origin":[-1.5,8,16],"angle":0,"axis":"y"},"from":[5.5,0,7],"to":[10.5,2,11],"faces":{"east":{"uv":[12.5,12.5,14.5,13.5],"texture":"#main"},"south":{"uv":[5,11.5,7.5,12.5],"texture":"#main"},"north":{"uv":[10,12.5,12.5,13.5],"texture":"#main"},"west":{"uv":[12.5,0,14.5,1],"texture":"#main"},"up":{"uv":[6,11.5,4,9],"texture":"#main","rotation":90},"down":{"uv":[8,9,6,11.5],"texture":"#main","rotation":270}}},{"rotation":{"origin":[15,10,19],"angle":0,"axis":"y"},"from":[4,2,4],"to":[12,10,13],"faces":{"east":{"uv":[0,0,4.5,4],"texture":"#main"},"south":{"uv":[8.5,8.5,12.5,12.5],"texture":"#main"},"north":{"uv":[0,8,4,12],"texture":"#main"},"west":{"uv":[0,4,4.5,8],"texture":"#main"},"up":{"uv":[8.5,9,4.5,4.5],"texture":"#main"},"down":{"uv":[8.5,0,4.5,4.5],"texture":"#main"}}},{"rotation":{"origin":[15,10,18],"angle":0,"axis":"y"},"from":[4,2,3.5],"to":[12,10,3.5],"faces":{"east":{"uv":[0,0,0,4],"texture":"#main"},"south":{"uv":[8.5,4,12.5,8],"texture":"#main"},"north":{"uv":[8.5,0,12.5,4],"texture":"#main"},"west":{"uv":[0,0,0,4],"texture":"#main"},"up":{"uv":[4,0,0,0],"texture":"#main"},"down":{"uv":[4,0,0,0],"texture":"#main"}}},{"rotation":{"origin":[15,17,19],"angle":0,"axis":"y"},"from":[8,9,3],"to":[8,15,13],"faces":{"east":{"uv":[0,12,5,15],"texture":"#main"},"south":{"uv":[0,0,0,3],"texture":"#main"},"north":{"uv":[0,0,0,3],"texture":"#main"},"west":{"uv":[5,12.5,10,15.5],"texture":"#main"},"up":{"uv":[0,5,0,0],"texture":"#main"},"down":{"uv":[0,0,0,5],"texture":"#main"}}}],"display":{"head":{"translation":[0,-12,0],"scale":[1.8,1.8,1.8]}}}