{"credit":"Made with Blockbench","texture_size":[64,64],"textures":{"main":"pokemon/frogadier"},"elements":[{"from":[5.68,9.8383,0.43868],"to":[7.6,10.8383,2.89868],"rotation":{"angle":0,"axis":"y","origin":[8,-0.24695,6.2236]},"faces":{"north":{"uv":[5.75,2,6.25,2.25],"texture":"#main"},"east":{"uv":[3,2.25,3.625,2.5],"texture":"#main"},"south":{"uv":[6.5,6.75,7,7],"texture":"#main"},"west":{"uv":[4,3,4.625,3.25],"texture":"#main"},"up":{"uv":[6.75,3.375,6.25,2.75],"texture":"#main"},"down":{"uv":[3.75,6.25,3.25,6.875],"texture":"#main"}}},{"from":[5.88,9.0383,1.81868],"to":[5.88,12.0383,7.37868],"rotation":{"angle":0,"axis":"y","origin":[8,-0.24695,6.2236]},"faces":{"north":{"uv":[0,0,0,0.75],"texture":"#main"},"east":{"uv":[2.5,2.5,3.875,3.25],"texture":"#main"},"south":{"uv":[0,0,0,0.75],"texture":"#main"},"west":{"uv":[3,0,4.375,0.75],"texture":"#main"},"up":{"uv":[0,1.375,0,0],"texture":"#main"},"down":{"uv":[0,0,0,1.375],"texture":"#main"}}},{"from":[8.4,9.8383,0.93868],"to":[10.32,10.8383,3.39868],"rotation":{"angle":0,"axis":"y","origin":[8,-0.24695,6.2236]},"faces":{"north":{"uv":[7,0.5,7.5,0.75],"texture":"#main"},"east":{"uv":[6.25,5.5,6.875,5.75],"texture":"#main"},"south":{"uv":[7,0.75,7.5,1],"texture":"#main"},"west":{"uv":[6.25,5.75,6.875,6],"texture":"#main"},"up":{"uv":[4.25,6.875,3.75,6.25],"texture":"#main"},"down":{"uv":[4.75,6.25,4.25,6.875],"texture":"#main"}}},{"from":[10.12,9.0383,1.81868],"to":[10.12,12.0383,7.37868],"rotation":{"angle":0,"axis":"y","origin":[8,-0.24695,6.2236]},"faces":{"north":{"uv":[0,0,0,0.75],"texture":"#main"},"east":{"uv":[3,0.75,4.375,1.5],"texture":"#main"},"south":{"uv":[0,0,0,0.75],"texture":"#main"},"west":{"uv":[3,1.5,4.375,2.25],"texture":"#main"},"up":{"uv":[0,1.375,0,0],"texture":"#main"},"down":{"uv":[0,0,0,1.375],"texture":"#main"}}},{"from":[5.68,7.1983,-0.55132],"to":[10.32,9.8383,4.40868],"rotation":{"angle":0,"axis":"y","origin":[8,-0.24695,6.2236]},"faces":{"north":{"uv":[0,4.5,1.125,5.125],"texture":"#main"},"east":{"uv":[4,2.25,5.25,2.875],"texture":"#main"},"south":{"uv":[4.5,0,5.625,0.625],"texture":"#main"},"west":{"uv":[3.75,4,5,4.625],"texture":"#main"},"up":{"uv":[2.875,1.25,1.75,0],"texture":"#main"},"down":{"uv":[2.875,1.25,1.75,2.5],"texture":"#main"}}},{"from":[5.7,4.0469,-3.903],"to":[10.3,6.4869,-2.883],"rotation":{"angle":22.5,"axis":"x","origin":[8,-0.24695,6.2236]},"faces":{"north":{"uv":[4.5,0.75,5.625,1.375],"texture":"#main"},"east":{"uv":[0.5,6.75,0.75,7.375],"texture":"#main"},"south":{"uv":[4.5,1.5,5.625,2.125],"texture":"#main"},"west":{"uv":[6.75,2.75,7,3.375],"texture":"#main"},"up":{"uv":[7.375,3.75,6.25,3.5],"texture":"#main"},"down":{"uv":[7.375,3.75,6.25,4],"texture":"#main"}}},{"from":[6.12,3.7854,6.58729],"to":[9.88,6.8254,9.26729],"rotation":{"angle":-22.5,"axis":"x","origin":[8,-0.24695,6.2236]},"faces":{"north":{"uv":[1.25,4.25,2.25,5],"texture":"#main"},"east":{"uv":[5.75,0.5,6.375,1.25],"texture":"#main"},"south":{"uv":[2.25,4.25,3.25,5],"texture":"#main"},"west":{"uv":[1,5.75,1.625,6.5],"texture":"#main"},"up":{"uv":[2.25,5.625,1.25,5],"texture":"#main"},"down":{"uv":[3.25,5,2.25,5.625],"texture":"#main"}}},{"from":[6.24,4.97184,9.31106],"to":[9.76,8.17184,11.67106],"rotation":{"angle":-45,"axis":"x","origin":[8,-0.24695,6.2236]},"faces":{"north":{"uv":[3.25,4.75,4.125,5.5],"texture":"#main"},"east":{"uv":[5.75,1.25,6.375,2],"texture":"#main"},"south":{"uv":[4.25,4.75,5.125,5.5],"texture":"#main"},"west":{"uv":[1.75,5.75,2.375,6.5],"texture":"#main"},"up":{"uv":[4.125,6.125,3.25,5.5],"texture":"#main"},"down":{"uv":[5.125,5.5,4.25,6.125],"texture":"#main"}}},{"from":[5.44,5.77184,8.71106],"to":[10.56,7.77184,12.47106],"rotation":{"angle":-45,"axis":"x","origin":[8,-0.24695,6.2236]},"faces":{"north":{"uv":[5,3,6.25,3.5],"texture":"#main"},"east":{"uv":[5.25,5.5,6.25,6],"texture":"#main"},"south":{"uv":[5,3.5,6.25,4],"texture":"#main"},"west":{"uv":[5.75,0,6.75,0.5],"texture":"#main"},"up":{"uv":[1.25,3.5,0,2.5],"texture":"#main"},"down":{"uv":[2.5,2.5,1.25,3.5],"texture":"#main"}}},{"from":[8.76,5.40326,-4.20655],"to":[9.56,6.28326,-2.36655],"rotation":{"angle":22.5,"axis":"x","origin":[8,-0.24695,6.2236]},"faces":{"north":{"uv":[3.75,2.25,4,2.5],"texture":"#main"},"east":{"uv":[7,1,7.5,1.25],"texture":"#main"},"south":{"uv":[4.75,3,5,3.25],"texture":"#main"},"west":{"uv":[7,1.25,7.5,1.5],"texture":"#main"},"up":{"uv":[1.25,5.75,1,5.25],"texture":"#main"},"down":{"uv":[1,6,0.75,6.5],"texture":"#main"}}},{"from":[6.44,5.40326,-4.20655],"to":[7.24,6.28326,-2.36655],"rotation":{"angle":22.5,"axis":"x","origin":[8,-0.24695,6.2236]},"faces":{"north":{"uv":[7,3,7.25,3.25],"texture":"#main"},"east":{"uv":[7,1.5,7.5,1.75],"texture":"#main"},"south":{"uv":[7,3.25,7.25,3.5],"texture":"#main"},"west":{"uv":[7,1.75,7.5,2],"texture":"#main"},"up":{"uv":[7.25,2.5,7,2],"texture":"#main"},"down":{"uv":[7.25,2.5,7,3],"texture":"#main"}}},{"from":[7.96,6.60226,5.37812],"to":[7.96,10.20226,9.65812],"rotation":{"angle":0,"axis":"y","origin":[8,-0.24695,6.2236]},"faces":{"north":{"uv":[0,0,0,0.875],"texture":"#main"},"east":{"uv":[1.125,3.5,0,4.375],"texture":"#main"},"south":{"uv":[0,0,0,0.875],"texture":"#main"},"west":{"uv":[0,3.5,1.125,4.375],"texture":"#main"},"up":{"uv":[0,1.125,0,0],"texture":"#main"},"down":{"uv":[0,0,0,1.125],"texture":"#main"}}},{"from":[7.96,5.80226,9.65812],"to":[7.96,10.10226,16.33812],"rotation":{"angle":0,"axis":"y","origin":[8,-0.24695,6.2236]},"faces":{"north":{"uv":[0,0,0,1.125],"texture":"#main"},"east":{"uv":[1.625,1.25,0,2.375],"texture":"#main"},"south":{"uv":[0,0,0,1.125],"texture":"#main"},"west":{"uv":[0,1.25,1.625,2.375],"texture":"#main"},"up":{"uv":[0,1.625,0,0],"texture":"#main"},"down":{"uv":[0,0,0,1.625],"texture":"#main"}}},{"from":[5.44,5.36562,5.44664],"to":[10.56,8.16562,5.44664],"rotation":{"angle":-22.5,"axis":"x","origin":[8,-0.24695,6.2236]},"faces":{"north":{"uv":[1.25,3.5,2.5,4.25],"texture":"#main"},"east":{"uv":[0,0,0,0.75],"texture":"#main"},"south":{"uv":[3.75,3.25,5,4],"texture":"#main"},"west":{"uv":[0,0,0,0.75],"texture":"#main"},"up":{"uv":[1.25,0,0,0],"texture":"#main"},"down":{"uv":[1.25,0,0,0],"texture":"#main"}}},{"from":[6,1.62401,2.65204],"to":[10,4.34401,5.37204],"rotation":{"angle":45,"axis":"x","origin":[8,-0.24695,6.2236]},"faces":{"north":{"uv":[5,4,6,4.625],"texture":"#main"},"east":{"uv":[2.5,5.75,3.125,6.375],"texture":"#main"},"south":{"uv":[0,5.25,1,5.875],"texture":"#main"},"west":{"uv":[0,6,0.625,6.625],"texture":"#main"},"up":{"uv":[6.25,2.875,5.25,2.25],"texture":"#main"},"down":{"uv":[6.25,4.75,5.25,5.375],"texture":"#main"}}},{"from":[5.4,0.59338,3.44119],"to":[6.2,3.87338,4.08119],"rotation":{"angle":0,"axis":"y","origin":[8,-0.24695,6.2236]},"faces":{"north":{"uv":[2.75,6.5,3,7.375],"texture":"#main"},"east":{"uv":[3.25,7,3.375,7.875],"texture":"#main"},"south":{"uv":[3,6.5,3.25,7.375],"texture":"#main"},"west":{"uv":[3.5,7,3.625,7.875],"texture":"#main"},"up":{"uv":[0.5,7.875,0.25,7.75],"texture":"#main"},"down":{"uv":[8,0.5,7.75,0.625],"texture":"#main"}}},{"from":[5.48,2.51192,2.06197],"to":[6.12,5.87192,2.70197],"rotation":{"angle":22.5,"axis":"x","origin":[8,-0.24695,6.2236]},"faces":{"north":{"uv":[3.75,7,3.875,7.875],"texture":"#main"},"east":{"uv":[4,7,4.125,7.875],"texture":"#main"},"south":{"uv":[7,4,7.125,4.875],"texture":"#main"},"west":{"uv":[4.25,7,4.375,7.875],"texture":"#main"},"up":{"uv":[1.125,7.875,1,7.75],"texture":"#main"},"down":{"uv":[7.875,1.25,7.75,1.375],"texture":"#main"}}},{"from":[5.48,-0.0322,1.77369],"to":[6.12,0.6078,3.13369],"rotation":{"angle":0,"axis":"y","origin":[8,-0.24695,6.2236]},"faces":{"north":{"uv":[1.5,7.75,1.625,7.875],"texture":"#main"},"east":{"uv":[7.25,3,7.625,3.125],"texture":"#main"},"south":{"uv":[7.75,1.5,7.875,1.625],"texture":"#main"},"west":{"uv":[7.25,3.25,7.625,3.375],"texture":"#main"},"up":{"uv":[7.375,4.375,7.25,4],"texture":"#main"},"down":{"uv":[7.375,4.5,7.25,4.875],"texture":"#main"}}},{"from":[4.93705,-0.0322,2.7339],"to":[5.57705,0.6078,4.0939],"rotation":{"angle":-22.5,"axis":"y","origin":[8,-0.24695,6.2236]},"faces":{"north":{"uv":[1.75,7.75,1.875,7.875],"texture":"#main"},"east":{"uv":[7.25,5,7.625,5.125],"texture":"#main"},"south":{"uv":[7.75,2,7.875,2.125],"texture":"#main"},"west":{"uv":[7.25,5.25,7.625,5.375],"texture":"#main"},"up":{"uv":[7.375,5.875,7.25,5.5],"texture":"#main"},"down":{"uv":[7.375,6,7.25,6.375],"texture":"#main"}}},{"from":[6.41179,-0.0322,1.08071],"to":[7.05179,0.6078,2.44071],"rotation":{"angle":22.5,"axis":"y","origin":[8,-0.24695,6.2236]},"faces":{"north":{"uv":[2.25,7.75,2.375,7.875],"texture":"#main"},"east":{"uv":[7.25,6.5,7.625,6.625],"texture":"#main"},"south":{"uv":[7.75,2.25,7.875,2.375],"texture":"#main"},"west":{"uv":[6.75,7.25,7.125,7.375],"texture":"#main"},"up":{"uv":[7.375,7.125,7.25,6.75],"texture":"#main"},"down":{"uv":[7.375,7.25,7.25,7.625],"texture":"#main"}}},{"from":[9.88,2.51192,2.06197],"to":[10.52,5.87192,2.70197],"rotation":{"angle":22.5,"axis":"x","origin":[8,-0.24695,6.2236]},"faces":{"north":{"uv":[4.5,7,4.625,7.875],"texture":"#main"},"east":{"uv":[4.75,7,4.875,7.875],"texture":"#main"},"south":{"uv":[5,7,5.125,7.875],"texture":"#main"},"west":{"uv":[7,5,7.125,5.875],"texture":"#main"},"up":{"uv":[2.625,7.875,2.5,7.75],"texture":"#main"},"down":{"uv":[2.875,7.75,2.75,7.875],"texture":"#main"}}},{"from":[9.8,0.59338,3.44119],"to":[10.6,3.87338,4.08119],"rotation":{"angle":0,"axis":"y","origin":[8,-0.24695,6.2236]},"faces":{"north":{"uv":[0,6.75,0.25,7.625],"texture":"#main"},"east":{"uv":[7,6,7.125,6.875],"texture":"#main"},"south":{"uv":[0.25,6.75,0.5,7.625],"texture":"#main"},"west":{"uv":[6.5,7,6.625,7.875],"texture":"#main"},"up":{"uv":[1,7.875,0.75,7.75],"texture":"#main"},"down":{"uv":[8,0.75,7.75,0.875],"texture":"#main"}}},{"from":[9.88,-0.0322,1.77369],"to":[10.52,0.6078,3.13369],"rotation":{"angle":0,"axis":"y","origin":[8,-0.24695,6.2236]},"faces":{"north":{"uv":[3,7.75,3.125,7.875],"texture":"#main"},"east":{"uv":[7.5,0,7.875,0.125],"texture":"#main"},"south":{"uv":[7.75,3,7.875,3.125],"texture":"#main"},"west":{"uv":[7.5,0.25,7.875,0.375],"texture":"#main"},"up":{"uv":[0.625,7.875,0.5,7.5],"texture":"#main"},"down":{"uv":[7.625,0.5,7.5,0.875],"texture":"#main"}}},{"from":[10.42295,-0.0322,2.7339],"to":[11.06295,0.6078,4.0939],"rotation":{"angle":22.5,"axis":"y","origin":[8,-0.24695,6.2236]},"faces":{"north":{"uv":[7.75,3.25,7.875,3.375],"texture":"#main"},"east":{"uv":[0.75,7.5,1.125,7.625],"texture":"#main"},"south":{"uv":[7.75,4,7.875,4.125],"texture":"#main"},"west":{"uv":[7.5,1,7.875,1.125],"texture":"#main"},"up":{"uv":[1.375,7.875,1.25,7.5],"texture":"#main"},"down":{"uv":[7.625,1.25,7.5,1.625],"texture":"#main"}}},{"from":[8.94821,-0.0322,1.08071],"to":[9.58821,0.6078,2.44071],"rotation":{"angle":-22.5,"axis":"y","origin":[8,-0.24695,6.2236]},"faces":{"north":{"uv":[7.75,4.25,7.875,4.375],"texture":"#main"},"east":{"uv":[1.5,7.5,1.875,7.625],"texture":"#main"},"south":{"uv":[7.75,4.5,7.875,4.625],"texture":"#main"},"west":{"uv":[7.5,1.75,7.875,1.875],"texture":"#main"},"up":{"uv":[2.125,7.875,2,7.5],"texture":"#main"},"down":{"uv":[7.625,2,7.5,2.375],"texture":"#main"}}},{"from":[5.15474,-0.0522,2.75243],"to":[6.43474,0.5878,4.09243],"rotation":{"angle":0,"axis":"y","origin":[8,-0.24695,6.2236]},"faces":{"north":{"uv":[2.25,7.5,2.625,7.625],"texture":"#main"},"east":{"uv":[7.5,2.5,7.875,2.625],"texture":"#main"},"south":{"uv":[2.75,7.5,3.125,7.625],"texture":"#main"},"west":{"uv":[7.5,2.75,7.875,2.875],"texture":"#main"},"up":{"uv":[3.625,4.625,3.25,4.25],"texture":"#main"},"down":{"uv":[7.125,0,6.75,0.375],"texture":"#main"}}},{"from":[4.44,2.33491,4.27927],"to":[6.024,4.87891,7.01527],"rotation":{"angle":22.5,"axis":"x","origin":[8,-0.24695,6.2236]},"faces":{"north":{"uv":[4.75,6.25,5.125,6.875],"texture":"#main"},"east":{"uv":[6,4,6.625,4.625],"texture":"#main"},"south":{"uv":[6.25,4.75,6.625,5.375],"texture":"#main"},"west":{"uv":[5.25,6,5.875,6.625],"texture":"#main"},"up":{"uv":[6.875,1.125,6.5,0.5],"texture":"#main"},"down":{"uv":[1.125,6.5,0.75,7.125],"texture":"#main"}}},{"from":[9.976,2.33491,4.27927],"to":[11.56,4.87891,7.01527],"rotation":{"angle":22.5,"axis":"x","origin":[9,-0.24695,6.2236]},"faces":{"north":{"uv":[5.125,6.25,4.75,6.875],"texture":"#main"},"east":{"uv":[5.875,6,5.25,6.625],"texture":"#main"},"south":{"uv":[6.625,4.75,6.25,5.375],"texture":"#main"},"west":{"uv":[6.625,4,6,4.625],"texture":"#main"},"up":{"uv":[6.5,1.125,6.875,0.5],"texture":"#main"},"down":{"uv":[0.75,6.5,1.125,7.125],"texture":"#main"}}},{"from":[4.776,-0.28478,7.52882],"to":[5.736,2.21122,8.44082],"rotation":{"angle":-45,"axis":"x","origin":[8,-0.24695,6.2236]},"faces":{"north":{"uv":[6.75,4,7,4.625],"texture":"#main"},"east":{"uv":[6.75,4.75,7,5.375],"texture":"#main"},"south":{"uv":[5.25,6.75,5.5,7.375],"texture":"#main"},"west":{"uv":[5.5,6.75,5.75,7.375],"texture":"#main"},"up":{"uv":[7,7.25,6.75,7],"texture":"#main"},"down":{"uv":[7.25,7,7,7.25],"texture":"#main"}}},{"from":[4.872,0.37034,6.00195],"to":[5.64,1.49034,6.80995],"rotation":{"angle":22.5,"axis":"x","origin":[8,-0.24695,6.2236]},"faces":{"north":{"uv":[7.25,0,7.5,0.25],"texture":"#main"},"east":{"uv":[7.25,0.25,7.5,0.5],"texture":"#main"},"south":{"uv":[0.75,7.25,1,7.5],"texture":"#main"},"west":{"uv":[1,7.25,1.25,7.5],"texture":"#main"},"up":{"uv":[1.5,7.5,1.25,7.25],"texture":"#main"},"down":{"uv":[1.75,7.25,1.5,7.5],"texture":"#main"}}},{"from":[6.1845,-0.00185,6.98929],"to":[6.7605,0.57415,8.52529],"rotation":{"angle":-45,"axis":"y","origin":[8,-0.24695,6.2236]},"faces":{"north":{"uv":[7.75,4.75,7.875,4.875],"texture":"#main"},"east":{"uv":[7.5,3.5,7.875,3.625],"texture":"#main"},"south":{"uv":[7.75,5,7.875,5.125],"texture":"#main"},"west":{"uv":[7.5,3.75,7.875,3.875],"texture":"#main"},"up":{"uv":[7.625,4.375,7.5,4],"texture":"#main"},"down":{"uv":[7.625,4.5,7.5,4.875],"texture":"#main"}}},{"from":[5.3589,-0.00185,3.10869],"to":[5.9349,0.57415,4.64469],"rotation":{"angle":45,"axis":"y","origin":[8,-0.24695,6.2236]},"faces":{"north":{"uv":[5.25,7.75,5.375,7.875],"texture":"#main"},"east":{"uv":[5.25,7.5,5.625,7.625],"texture":"#main"},"south":{"uv":[7.75,5.25,7.875,5.375],"texture":"#main"},"west":{"uv":[7.5,5.5,7.875,5.625],"texture":"#main"},"up":{"uv":[5.875,7.875,5.75,7.5],"texture":"#main"},"down":{"uv":[7.625,5.75,7.5,6.125],"texture":"#main"}}},{"from":[9.2395,-0.00185,6.98929],"to":[9.8155,0.57415,8.52529],"rotation":{"angle":45,"axis":"y","origin":[8,-0.24695,6.2236]},"faces":{"north":{"uv":[5.5,7.75,5.625,7.875],"texture":"#main"},"east":{"uv":[6,7.5,6.375,7.625],"texture":"#main"},"south":{"uv":[7.75,5.75,7.875,5.875],"texture":"#main"},"west":{"uv":[7.5,6.25,7.875,6.375],"texture":"#main"},"up":{"uv":[6.875,7.875,6.75,7.5],"texture":"#main"},"down":{"uv":[7.625,6.75,7.5,7.125],"texture":"#main"}}},{"from":[10.0651,-0.00185,3.10869],"to":[10.6411,0.57415,4.64469],"rotation":{"angle":-45,"axis":"y","origin":[8,-0.24695,6.2236]},"faces":{"north":{"uv":[6,7.75,6.125,7.875],"texture":"#main"},"east":{"uv":[7.5,7.25,7.875,7.375],"texture":"#main"},"south":{"uv":[7.75,6,7.875,6.125],"texture":"#main"},"west":{"uv":[7.5,7.5,7.875,7.625],"texture":"#main"},"up":{"uv":[7.125,7.875,7,7.5],"texture":"#main"},"down":{"uv":[0.125,7.75,0,8.125],"texture":"#main"}}},{"from":[10.36,0.37034,6.00195],"to":[11.128,1.49034,6.80995],"rotation":{"angle":22.5,"axis":"x","origin":[8,-0.24695,6.2236]},"faces":{"north":{"uv":[1.75,7.25,2,7.5],"texture":"#main"},"east":{"uv":[2,7.25,2.25,7.5],"texture":"#main"},"south":{"uv":[7.25,2,7.5,2.25],"texture":"#main"},"west":{"uv":[2.25,7.25,2.5,7.5],"texture":"#main"},"up":{"uv":[7.5,2.5,7.25,2.25],"texture":"#main"},"down":{"uv":[2.75,7.25,2.5,7.5],"texture":"#main"}}},{"from":[10.264,-0.28478,7.52882],"to":[11.224,2.21122,8.44082],"rotation":{"angle":-45,"axis":"x","origin":[8,-0.24695,6.2236]},"faces":{"north":{"uv":[5.75,6.75,6,7.375],"texture":"#main"},"east":{"uv":[6,6.75,6.25,7.375],"texture":"#main"},"south":{"uv":[6.75,6,7,6.625],"texture":"#main"},"west":{"uv":[6.25,6.75,6.5,7.375],"texture":"#main"},"up":{"uv":[7.5,2.75,7.25,2.5],"texture":"#main"},"down":{"uv":[7.5,2.75,7.25,3],"texture":"#main"}}}],"display":{"head":{"translation":[0,-33.5,2.25],"scale":[1.2,1.2,1.2]}},"groups":[{"name":"Frogadier","origin":[5.5,2.49529,4.24634],"color":0,"nbt":"{}","armAnimationEnabled":false,"children":[{"name":"head","origin":[7.98,-0.00094,5.20429],"color":0,"nbt":"{}","armAnimationEnabled":false,"children":[0,1,2,3,4,5]},{"name":"body","origin":[7.98,-0.00094,5.20429],"color":0,"nbt":"{}","armAnimationEnabled":false,"children":[6,7,8,9,10,11,12,13,14]},{"name":"arm_l","origin":[7.98,-0.00094,5.20429],"color":0,"nbt":"{}","armAnimationEnabled":false,"children":[15,16,17,18,19,20,21,22,23,24,25]},{"name":"arm_r","origin":[8.02,-0.00094,5.20429],"color":0,"nbt":"{}","armAnimationEnabled":false,"children":[]},{"name":"leg_r","origin":[8.02,-0.00094,5.20429],"color":0,"nbt":"{}","armAnimationEnabled":false,"children":[]},{"name":"leg_l","origin":[8.02,-0.00094,5.20429],"color":0,"nbt":"{}","armAnimationEnabled":false,"children":[26,27,28,29,30,31,32,33,34,35]}]}]}