{"parent":"physical_parent","textures":{"main":"pokemon/golduck"},"elements":[{"from":[4,6,7],"to":[11,17,11],"faces":{"north":{"uv":[2,0,3.75,2],"texture":"#main"},"east":{"uv":[0.75,0,1.75,2],"texture":"#main"},"south":{"uv":[5.25,0,7,2],"texture":"#main"},"west":{"uv":[4,0,5,2],"texture":"#main"},"down":{"uv":[2,2.25,3.75,3.25],"texture":"#main"}}},{"from":[9,1,6.75],"to":[12,9,9.75],"rotation":{"angle":0,"axis":"x","origin":[10.5,6.5,7]},"faces":{"north":{"uv":[0.5,5.5,1.25,7.5],"texture":"#main"},"east":{"uv":[2.5,6,3.25,8],"texture":"#main"},"south":{"uv":[3.5,6,4.25,8],"texture":"#main"},"west":{"uv":[1.5,5.5,2.25,7.5],"texture":"#main"},"up":{"uv":[0.5,5.5,1.25,6],"texture":"#main"}}},{"from":[5.99,7,10],"to":[9,10,15],"rotation":{"angle":-22.5,"axis":"x","origin":[7.49,8.5,13.5]},"faces":{"north":{"uv":[3.5,10.5,4.25,11.75],"texture":"#main"},"east":{"uv":[1.5,10.5,2.25,11.75],"rotation":270,"texture":"#main"},"south":{"uv":[3.5,10.5,4.25,11.75],"texture":"#main"},"west":{"uv":[2.5,10.5,3.25,11.75],"rotation":270,"texture":"#main"},"up":{"uv":[3.5,10.5,4.25,11.75],"rotation":180,"texture":"#main"},"down":{"uv":[3.5,10.5,4.25,11.75],"texture":"#main"}}},{"from":[6.5,7.4737,15.8741],"to":[8.53,12.4737,18.1241],"rotation":{"angle":45,"axis":"x","origin":[7.5,11.22374,16.87406]},"faces":{"north":{"uv":[5.5,10.5,6.25,11.75],"texture":"#main"},"east":{"uv":[6.5,10.5,7.25,11.75],"texture":"#main"},"south":{"uv":[5.5,10.5,6.25,11.75],"texture":"#main"},"west":{"uv":[4.5,10.5,5.25,11.75],"texture":"#main"},"up":{"uv":[1.5,6.5,2.25,7.25],"texture":"#main"}}},{"from":[4,17,6],"to":[11,24,13],"faces":{"north":{"uv":[1.75,12.5,3.5,14.25],"texture":"#main"},"east":{"uv":[5.75,12.5,7.5,14.25],"texture":"#main"},"south":{"uv":[5.75,12.5,7.5,14.25],"texture":"#main"},"west":{"uv":[3.75,12.5,5.5,14.25],"texture":"#main"},"up":{"uv":[7.75,12.5,9.5,14.25],"texture":"#main"},"down":{"uv":[5.75,12.5,7.5,14.25],"texture":"#main"}}},{"from":[5,19,2],"to":[10,20,6],"faces":{"north":{"uv":[12.75,15,13.25,15.5],"texture":"#main"},"east":{"uv":[12.75,15,13.25,15.5],"texture":"#main"},"west":{"uv":[12.75,15,13.25,15.5],"texture":"#main"},"up":{"uv":[10,13.25,11.25,14.25],"texture":"#main"},"down":{"uv":[11.5,13.25,12.75,14.25],"rotation":180,"texture":"#main"}}},{"from":[2,18,12],"to":[13,29,12.1],"rotation":{"angle":45,"axis":"x","origin":[7.5,25.5,12.05]},"faces":{"north":{"uv":[8.25,0,11,3],"texture":"#main"},"south":{"uv":[8.25,0,11,3],"texture":"#main"}}},{"from":[2,1,2],"to":[7,1.1,12],"faces":{"up":{"uv":[0,9.25,1.25,11.75],"rotation":180,"texture":"#main"},"down":{"uv":[0,9.25,1.25,11.75],"texture":"#main"}}},{"from":[8,1,2],"to":[13,1.1,12],"faces":{"up":{"uv":[0,9.25,1.25,11.75],"rotation":180,"texture":"#main"},"down":{"uv":[0,9.25,1.25,11.75],"texture":"#main"}}},{"from":[3,1,6.75],"to":[6,9,9.75],"rotation":{"angle":0,"axis":"x","origin":[4.5,6.5,7]},"faces":{"north":{"uv":[0.5,5.5,1.25,7.5],"texture":"#main"},"east":{"uv":[3.5,6,4.25,8],"texture":"#main"},"south":{"uv":[3.5,6,4.25,8],"texture":"#main"},"west":{"uv":[1.5,5.5,2.25,7.5],"texture":"#main"},"up":{"uv":[0.5,5.5,1.25,6],"texture":"#main"}}},{"from":[1,11,7.25],"to":[4,19,9.25],"rotation":{"angle":-45,"axis":"z","origin":[0.5,13.5,7]},"faces":{"north":{"uv":[0.5,5.5,1.25,7.5],"rotation":180,"texture":"#main"},"east":{"uv":[0.5,5.5,1.25,7.5],"rotation":180,"texture":"#main"},"south":{"uv":[0.5,5.5,1.25,7.5],"rotation":180,"texture":"#main"},"west":{"uv":[0.5,5.5,1.25,7.5],"rotation":180,"texture":"#main"},"up":{"uv":[0.5,6.75,1.25,7.5],"rotation":180,"texture":"#main"},"down":{"uv":[0.5,5.5,1.25,6.25],"texture":"#main"}}},{"from":[11,11,7.25],"to":[14,19,9.25],"rotation":{"angle":45,"axis":"z","origin":[14.5,13.5,7]},"faces":{"north":{"uv":[0.5,5.5,1.25,7.5],"rotation":180,"texture":"#main"},"east":{"uv":[0.5,5.5,1.25,7.5],"rotation":180,"texture":"#main"},"south":{"uv":[0.5,5.5,1.25,7.5],"rotation":180,"texture":"#main"},"west":{"uv":[0.5,5.5,1.25,7.5],"rotation":180,"texture":"#main"},"up":{"uv":[0.5,6.75,1.25,7.5],"rotation":180,"texture":"#main"},"down":{"uv":[0.5,5.5,1.25,6.25],"texture":"#main"}}},{"from":[-9.35,3.5,7],"to":[-4.85,8.5,7.1],"rotation":{"angle":-45,"axis":"z","origin":[0,0,0]},"faces":{"north":{"uv":[0,12.5,1.25,13.75],"texture":"#main"},"south":{"uv":[0,12.5,1.25,13.75],"texture":"#main"}}},{"from":[4.99,17,3],"to":[10,18,7],"rotation":{"angle":-22.5,"axis":"x","origin":[7.49,17.5,5]},"faces":{"north":{"uv":[12.75,15,13.25,15.5],"texture":"#main"},"east":{"uv":[12.75,15,13.25,15.5],"texture":"#main"},"west":{"uv":[12.75,15,13.25,15.5],"texture":"#main"},"up":{"uv":[11.5,13.25,12.75,14.25],"texture":"#main"},"down":{"uv":[10,14.5,11.25,15.5],"texture":"#main"}}},{"from":[1.75,15.5,7],"to":[6.75,20,7.1],"rotation":{"angle":-45,"axis":"z","origin":[0,0,0]},"faces":{"north":{"uv":[0,12.5,1.25,13.75],"rotation":90,"texture":"#main"},"south":{"uv":[0,12.5,1.25,13.75],"rotation":270,"texture":"#main"}}}],"display":{"thirdperson_lefthand":{"scale":[0.0001,0.0001,0.0001]},"firstperson_righthand":{"scale":[0.0001,0.0001,0.0001]},"firstperson_lefthand":{"scale":[0.0001,0.0001,0.0001]},"head":{"translation":[0,-33.46,0],"scale":[1.35,1.35,1.35]}}}