{"parent":"physical_parent","textures":{"main":"pokemon/gyarados"},"elements":[{"rotation":{"origin":[7.5,-12.875,26.05],"angle":22.5,"axis":"x"},"from":[3.9997,-15.8752,25.9992],"to":[10.9997,-9.875198,26.0992],"faces":{"south":{"uv":[0,0,1.75,1.5],"texture":"#main"},"north":{"uv":[0,0,1.75,1.5],"texture":"#main"}}},{"from":[6.5001,-11.4824,25.8322],"to":[8.500099,-3.482403,27.8322],"faces":{"east":{"uv":[3,0,3.5,2],"texture":"#main"},"south":{"uv":[2.25,0,2.75,2],"texture":"#main"},"north":{"uv":[4.5,0,5,2],"texture":"#main"},"west":{"uv":[3.75,0,4.25,2],"texture":"#main"},"up":{"uv":[5.25,0,5.75,0.5],"texture":"#main"},"down":{"uv":[5.25,0,5.75,0.5],"texture":"#main"}}},{"from":[6.4993,-3.4825,24.832],"to":[8.4993,-1.4825,26.832],"faces":{"east":{"uv":[6.25,0,6.75,0.5],"texture":"#main"},"south":{"uv":[2.25,0,2.75,0.5],"texture":"#main"},"north":{"uv":[7,0,7.5,0.5],"texture":"#main","rotation":90},"west":{"uv":[7.75,0,8.25,0.5],"texture":"#main"},"up":{"uv":[2.25,0,2.75,0.5],"texture":"#main"},"down":{"uv":[7,0,7.5,0.5],"texture":"#main","rotation":180}}},{"from":[5.9994,-1.4841,22.9991],"to":[8.999399,1.5159,25.9991],"faces":{"east":{"uv":[6.25,0.75,7,1.5],"texture":"#main"},"south":{"uv":[7.25,1.75,8,2.5],"texture":"#main"},"north":{"uv":[6.25,1.75,7,2.5],"texture":"#main"},"west":{"uv":[7.25,0.75,8,1.5],"texture":"#main"},"up":{"uv":[7.25,1.75,8,2.5],"texture":"#main"},"down":{"uv":[6.25,1.75,7,2.5],"texture":"#main"}}},{"from":[5.9997,1.516,22.0001],"to":[8.999701,4.516,25.0001],"faces":{"east":{"uv":[6.25,0.75,7,1.5],"texture":"#main"},"south":{"uv":[7.25,1.75,8,2.5],"texture":"#main"},"north":{"uv":[6.25,1.75,7,2.5],"texture":"#main"},"west":{"uv":[7.25,0.75,8,1.5],"texture":"#main"},"up":{"uv":[7.25,1.75,8,2.5],"texture":"#main"},"down":{"uv":[6.25,1.75,7,2.5],"texture":"#main"}}},{"from":[5.5003,4.5162,20.0003],"to":[9.500299,8.5162,24.0003],"faces":{"east":{"uv":[6.25,2.75,7.25,3.75],"texture":"#main"},"south":{"uv":[7.5,4,8.5,5],"texture":"#main"},"north":{"uv":[6.25,4,7.25,5],"texture":"#main"},"west":{"uv":[7.5,2.75,8.5,3.75],"texture":"#main"},"up":{"uv":[7.5,4,8.5,5],"texture":"#main"},"down":{"uv":[6.25,4,7.25,5],"texture":"#main"}}},{"from":[5.5,8.5159,17.9996],"to":[9.5,12.5159,21.9996],"faces":{"east":{"uv":[6.25,2.75,7.25,3.75],"texture":"#main"},"south":{"uv":[7.5,4,8.5,5],"texture":"#main"},"north":{"uv":[6.25,4,7.25,5],"texture":"#main"},"west":{"uv":[7.5,2.75,8.5,3.75],"texture":"#main"},"up":{"uv":[7.5,4,8.5,5],"texture":"#main"},"down":{"uv":[6.25,4,7.25,5],"texture":"#main"}}},{"from":[5.4996,9.5159,13.9994],"to":[9.499599,13.5159,17.9994],"faces":{"east":{"uv":[6.25,2.75,7.25,3.75],"texture":"#main","rotation":90},"south":{"uv":[7.5,4,8.5,5],"texture":"#main"},"north":{"uv":[7.5,4,8.5,5],"texture":"#main"},"west":{"uv":[6.25,2.75,7.25,3.75],"texture":"#main","rotation":90},"up":{"uv":[7.5,4,8.5,5],"texture":"#main"}}},{"from":[4.9992,6.7503,9.0005],"to":[9.999201,11.7503,14.0005],"faces":{"east":{"uv":[7.75,5.25,9,6.5],"texture":"#main"},"south":{"uv":[6.25,6.75,7.5,8],"texture":"#main"},"north":{"uv":[7.75,6.75,9,8],"texture":"#main"},"west":{"uv":[6.25,5.25,7.5,6.5],"texture":"#main"},"up":{"uv":[7.75,6.75,9,8],"texture":"#main"},"down":{"uv":[6.25,6.75,7.5,8],"texture":"#main"}}},{"from":[4.9991,1.751,7.9992],"to":[9.9991,6.751,12.9992],"faces":{"east":{"uv":[7.75,5.25,9,6.5],"texture":"#main"},"south":{"uv":[6.25,6.75,7.5,8],"texture":"#main"},"north":{"uv":[7.75,6.75,9,8],"texture":"#main"},"west":{"uv":[6.25,5.25,7.5,6.5],"texture":"#main"},"up":{"uv":[7.75,6.75,9,8],"texture":"#main"},"down":{"uv":[6.25,6.75,7.5,8],"texture":"#main"}}},{"from":[4.5003,-4.2497,4.9999],"to":[10.5003,1.7503,10.9999],"faces":{"east":{"uv":[8,8.25,9.5,9.75],"texture":"#main","rotation":90},"south":{"uv":[6.25,10,7.75,11.5],"texture":"#main","rotation":90},"north":{"uv":[6.25,10,7.75,11.5],"texture":"#main","rotation":90},"west":{"uv":[8,8.25,9.5,9.75],"texture":"#main","rotation":90},"up":{"uv":[6.25,8.25,7.75,9.75],"texture":"#main","rotation":90},"down":{"uv":[6.25,10,7.75,11.5],"texture":"#main","rotation":90}}},{"from":[4.5004,-1.2496,-1.0005],"to":[10.5004,4.7504,4.9995],"faces":{"east":{"uv":[8,8.25,9.5,9.75],"texture":"#main","rotation":90},"south":{"uv":[6.25,8.25,7.75,9.75],"texture":"#main","rotation":90},"north":{"uv":[6.25,10,7.75,11.5],"texture":"#main","rotation":90},"west":{"uv":[8,8.25,9.5,9.75],"texture":"#main","rotation":90},"up":{"uv":[6.25,8.25,7.75,9.75],"texture":"#main","rotation":90},"down":{"uv":[6.25,10,7.75,11.5],"texture":"#main","rotation":90}}},{"from":[4.5,4.7501,-2.0007],"to":[10.5,10.7501,3.9993],"faces":{"east":{"uv":[8,8.25,9.5,9.75],"texture":"#main"},"south":{"uv":[6.25,8.25,7.75,9.75],"texture":"#main","rotation":90},"north":{"uv":[6.25,10,7.75,11.5],"texture":"#main","rotation":90},"west":{"uv":[8,8.25,9.5,9.75],"texture":"#main","rotation":180},"up":{"uv":[6.25,8.25,7.75,9.75],"texture":"#main","rotation":90},"down":{"uv":[6.25,10,7.75,11.5],"texture":"#main","rotation":90}}},{"from":[4.4993,10.7505,-2.9999],"to":[10.4993,16.7505,3.0001],"faces":{"east":{"uv":[8,8.25,9.5,9.75],"texture":"#main"},"south":{"uv":[6.25,8.25,7.75,9.75],"texture":"#main","rotation":90},"north":{"uv":[6.25,10,7.75,11.5],"texture":"#main","rotation":90},"west":{"uv":[8,8.25,9.5,9.75],"texture":"#main","rotation":180},"up":{"uv":[6.25,8.25,7.75,9.75],"texture":"#main","rotation":90},"down":{"uv":[6.25,10,7.75,11.5],"texture":"#main","rotation":90}}},{"from":[4.4996,16.7503,-4.001],"to":[10.4996,22.7503,1.999],"faces":{"east":{"uv":[8,8.25,9.5,9.75],"texture":"#main"},"south":{"uv":[6.25,8.25,7.75,9.75],"texture":"#main","rotation":90},"north":{"uv":[6.25,10,7.75,11.5],"texture":"#main","rotation":90},"west":{"uv":[8,8.25,9.5,9.75],"texture":"#main","rotation":180},"down":{"uv":[6.25,10,7.75,11.5],"texture":"#main","rotation":90}}},{"from":[4.4995,24.75,-6.0008],"to":[10.4995,26.75,3.9992],"faces":{"east":{"uv":[0,2.5,2.5,3],"texture":"#main"},"south":{"uv":[0.25,4,1.75,4.5],"texture":"#main"},"west":{"uv":[0,2.5,2.5,3],"texture":"#main"},"up":{"uv":[0.25,4.75,1.75,7.25],"texture":"#main"}}},{"from":[3.4992,21.7505,-13.9995],"to":[11.4992,29.7505,-5.9995],"faces":{"east":{"uv":[2.25,7.5,4.25,9.5],"texture":"#main"},"south":{"uv":[0,9.75,2,11.75],"texture":"#main"},"north":{"uv":[0,12,2,14],"texture":"#main"},"west":{"uv":[0,7.5,2,9.5],"texture":"#main"},"up":{"uv":[2.25,5.25,4.25,7.25],"texture":"#main"},"down":{"uv":[2.25,9.75,4.25,11.75],"texture":"#main"}}},{"from":[3.499,22.7496,-6.0009],"to":[11.499,24.7496,3.9991],"faces":{"east":{"uv":[0,2.5,2.5,3],"texture":"#main"},"south":{"uv":[0,4,2,4.5],"texture":"#main"},"west":{"uv":[0,2.5,2.5,3],"texture":"#main"},"up":{"uv":[0,4.75,2,7.25],"texture":"#main"},"down":{"uv":[0,4.75,2,7.25],"texture":"#main"}}},{"from":[4.5002,13.7507,-13.9992],"to":[10.50019,21.7507,-10.9992],"faces":{"east":{"uv":[3.25,14,4,16],"texture":"#main"},"south":{"uv":[4.25,14,5.75,16],"texture":"#main"},"north":{"uv":[0.25,14,1.75,16],"texture":"#main"},"west":{"uv":[2.25,14,3,16],"texture":"#main"},"down":{"uv":[6,15.25,7.5,16],"texture":"#main"}}},{"from":[4.4996,22.749,-14.9993],"to":[10.4996,25.749,-13.9993],"faces":{"east":{"uv":[5.5,0,6,0.5],"texture":"#main"},"north":{"uv":[4.25,13,5.75,13.75],"texture":"#main"},"west":{"uv":[5.5,0,6,0.5],"texture":"#main"},"up":{"uv":[5.5,0,6,0.5],"texture":"#main"},"down":{"uv":[5.5,0,6,0.5],"texture":"#main"}}},{"from":[3.4996,25.7505,-15.0005],"to":[11.4996,31.7505,-14.9005],"faces":{"south":{"uv":[8.25,14.5,10.25,16],"texture":"#main"},"north":{"uv":[8.25,14.5,10.25,16],"texture":"#main"}}},{"rotation":{"origin":[0.6410021,24.75069,-8.212407],"angle":45,"axis":"y"},"from":[-3.3584,21.7511,-8.2621],"to":[4.6416,31.75041,-8.1621],"faces":{"south":{"uv":[13.5,11.5,15.5,13.99922],"texture":"#main"},"north":{"uv":[11.25,11.5,13.25,13.99922],"texture":"#main"}}},{"rotation":{"origin":[14.36216,24.75052,-8.205833],"angle":45,"axis":"y"},"from":[14.3117,21.7501,-12.2051],"to":[14.4117,31.74958,-4.205102],"faces":{"east":{"uv":[13.5,11.5,15.5,13.99922],"texture":"#main"},"west":{"uv":[11.25,11.5,13.25,13.99922],"texture":"#main"}}},{"rotation":{"origin":[0.6410021,24.75069,-11.21241],"angle":45,"axis":"y"},"from":[-0.3582,21.7508,-11.2618],"to":[4.641801,27.7508,-11.1618],"faces":{"south":{"uv":[9.75,11.5,10.75,13],"texture":"#main"},"north":{"uv":[8.5,11.5,9.5,13],"texture":"#main"}}},{"rotation":{"origin":[14.36216,24.75052,-11.20583],"angle":45,"axis":"y"},"from":[14.3118,21.7506,-15.2048],"to":[14.4118,27.7506,-10.2048],"faces":{"east":{"uv":[9.75,11.5,10.75,13],"texture":"#main"},"west":{"uv":[8.5,11.5,9.5,13],"texture":"#main"}}},{"rotation":{"origin":[1.641002,14.7507,-8.212407],"angle":22.5,"axis":"y"},"from":[-2.3597,11.7504,-8.2618],"to":[5.6403,21.7504,-8.161799],"faces":{"south":{"uv":[12,5.25,14,7.75],"texture":"#main"},"north":{"uv":[12,8,14,10.5],"texture":"#main"}}},{"rotation":{"origin":[13.36216,14.75052,-8.205833],"angle":-22.5,"axis":"y"},"from":[9.3631,11.7496,-8.2549],"to":[17.3631,21.7496,-8.1549],"faces":{"south":{"uv":[12,8,14,10.5],"texture":"#main"},"north":{"uv":[12,5.25,14,7.75],"texture":"#main"}}},{"from":[7.5,26.7508,-5.9994],"to":[7.6,31.7508,4.0006],"faces":{"east":{"uv":[8.75,1.25,11.25,2.5],"texture":"#main"},"west":{"uv":[8.75,1.25,11.25,2.5],"texture":"#main"}}},{"from":[7.5003,16.7506,2.0005],"to":[7.6003,24.7506,10.0005],"faces":{"east":{"uv":[11.5,0.5,13.5,2.5],"texture":"#main","rotation":180},"west":{"uv":[11.5,0.5,13.5,2.5],"texture":"#main"}}},{"from":[7.4994,11.7504,11.9994],"to":[7.5994,19.7504,19.9994],"faces":{"east":{"uv":[11.5,0.5,13.5,2.5],"texture":"#main","rotation":270},"west":{"uv":[11.5,0.5,13.5,2.5],"texture":"#main","rotation":270}}},{"from":[7.5007,1.4993,24.0004],"to":[7.6007,8.4993,28.0004],"faces":{"east":{"uv":[13.75,1.75,14.75,3.5],"texture":"#main","rotation":180},"west":{"uv":[15,1.75,16,3.5],"texture":"#main","rotation":180}}}],"display":{"head":{"translation":[1,-18.78,4.8695],"scale":[3.6521,3,3]}}}