{"credit":"Made with Blockbench","texture_size":[64,64],"textures":{"main":"pokemon/heracross-mega","particle":"pokemon/heracross-mega"},"elements":[{"from":[4,3,4],"to":[12,13,12],"rotation":{"angle":0,"axis":"y","origin":[7,8,8]},"faces":{"north":{"uv":[0,4.5,2,7],"texture":"#main"},"east":{"uv":[2,4.5,4,7],"texture":"#main"},"south":{"uv":[4,4.5,6,7],"texture":"#main"},"west":{"uv":[5,0,7,2.5],"texture":"#main"},"up":{"uv":[7,4.5,5,2.5],"texture":"#main"},"down":{"uv":[8,4.5,6,6.5],"texture":"#main"}}},{"from":[9.35089,2,6.26327],"to":[13.35089,6,10.26327],"rotation":{"angle":-45,"axis":"y","origin":[11.85089,3.5,9.26327]},"faces":{"north":{"uv":[9.25,8,10.25,9],"texture":"#main"},"east":{"uv":[9.25,9,10.25,10],"texture":"#main"},"south":{"uv":[7.5,9.5,8.5,10.5],"texture":"#main"},"west":{"uv":[9.75,3,10.75,4],"texture":"#main"},"up":{"uv":[10.75,5,9.75,4],"texture":"#main"},"down":{"uv":[4,10,3,11],"texture":"#main"}}},{"from":[11.66156,1,7.65972],"to":[13.66156,2,9.65972],"rotation":{"angle":0,"axis":"y","origin":[12.66156,1.5,8.65972]},"faces":{"north":{"uv":[0.5,10.75,1,11],"texture":"#main"},"east":{"uv":[1,10.75,1.5,11],"texture":"#main"},"south":{"uv":[10.75,1,11.25,1.25],"texture":"#main"},"west":{"uv":[10.75,1.25,11.25,1.5],"texture":"#main"},"up":{"uv":[8.5,11,8,10.5],"texture":"#main"},"down":{"uv":[0.5,10.75,0,11.25],"texture":"#main"}}},{"from":[12.35089,4,5.26327],"to":[12.35089,8,9.26327],"rotation":{"angle":-45,"axis":"y","origin":[11.85089,3.5,9.26327]},"faces":{"north":{"uv":[0,0,0,1],"texture":"#main"},"east":{"uv":[4,10,5,11],"texture":"#main"},"south":{"uv":[0,0,0,1],"texture":"#main"},"west":{"uv":[5,10,6,11],"texture":"#main"},"up":{"uv":[0,1,0,0],"texture":"#main"},"down":{"uv":[0,0,0,1],"texture":"#main"}}},{"from":[12,0,5],"to":[15,1,9],"rotation":{"angle":-22.5,"axis":"y","origin":[10,5,6]},"faces":{"north":{"uv":[9.75,5,10.5,5.25],"texture":"#main"},"east":{"uv":[10.25,2.75,11.25,3],"texture":"#main"},"south":{"uv":[10.5,6.5,11.25,6.75],"texture":"#main"},"west":{"uv":[10.5,6.25,11.5,6.5],"texture":"#main"},"up":{"uv":[10.75,11,10,10],"texture":"#main"},"down":{"uv":[11,0,10.25,1],"texture":"#main"}}},{"from":[12,0.25,2],"to":[15,0.25,5],"rotation":{"angle":-22.5,"axis":"y","origin":[10,5,6]},"faces":{"north":{"uv":[0,0,0.75,0],"texture":"#main"},"east":{"uv":[0,0,0.75,0],"texture":"#main"},"south":{"uv":[0,0,0.75,0],"texture":"#main"},"west":{"uv":[0,0,0.75,0],"texture":"#main"},"up":{"uv":[7.75,4.5,7,3.75],"texture":"#main"},"down":{"uv":[9.5,3,8.75,3.75],"texture":"#main"}}},{"from":[1,0.25,2],"to":[4,0.25,5],"rotation":{"angle":22.5,"axis":"y","origin":[6,5,6]},"faces":{"north":{"uv":[0.75,0,0,0],"texture":"#main"},"east":{"uv":[0.75,0,0,0],"texture":"#main"},"south":{"uv":[0.75,0,0,0],"texture":"#main"},"west":{"uv":[0.75,0,0,0],"texture":"#main"},"up":{"uv":[7,4.5,7.75,3.75],"texture":"#main"},"down":{"uv":[8.75,3,9.5,3.75],"texture":"#main"}}},{"from":[4.5,13,5],"to":[11.5,19,11],"rotation":{"angle":0,"axis":"y","origin":[7,18,8]},"faces":{"north":{"uv":[7,2.25,8.75,3.75],"texture":"#main"},"east":{"uv":[3,8.5,4.5,10],"texture":"#main"},"south":{"uv":[3,7,4.75,8.5],"texture":"#main"},"west":{"uv":[4.5,8.5,6,10],"texture":"#main"},"up":{"uv":[9.25,8,7.5,6.5],"texture":"#main"},"down":{"uv":[9.75,3.75,8,5.25],"texture":"#main"}}},{"from":[8,13,-1],"to":[8,19,6],"rotation":{"angle":22.5,"axis":"x","origin":[8,16,2]},"faces":{"north":{"uv":[0,0,0,1.5],"texture":"#main"},"east":{"uv":[7.5,8,9.25,9.5],"texture":"#main"},"south":{"uv":[0,0,0,1.5],"texture":"#main"},"west":{"uv":[8.5,0,10.25,1.5],"texture":"#main"},"up":{"uv":[0,1.75,0,0],"texture":"#main"},"down":{"uv":[0,0,0,1.75],"texture":"#main"}}},{"from":[8,11,5],"to":[8,29,15],"rotation":{"angle":-22.5,"axis":"x","origin":[8,20,9]},"faces":{"north":{"uv":[0,0,0,4.5],"texture":"#main"},"east":{"uv":[0,0,2.5,4.5],"texture":"#main"},"south":{"uv":[0,0,0,4.5],"texture":"#main"},"west":{"uv":[2.5,0,5,4.5],"texture":"#main"},"up":{"uv":[0,2.5,0,0],"texture":"#main"},"down":{"uv":[0,0,0,2.5],"texture":"#main"}}},{"from":[3,11,6],"to":[5,16,10],"rotation":{"angle":0,"axis":"y","origin":[2,16,8]},"faces":{"north":{"uv":[10.25,1,10.75,2.25],"texture":"#main"},"east":{"uv":[8,5.25,9,6.5],"texture":"#main"},"south":{"uv":[6,10.25,6.5,11.5],"texture":"#main"},"west":{"uv":[9.25,6.75,10.25,8],"texture":"#main"},"up":{"uv":[7.5,11.25,7,10.25],"texture":"#main"},"down":{"uv":[10.75,8,10.25,9],"texture":"#main"}}},{"from":[3,10.5,6.5],"to":[5,15.5,9.5],"rotation":{"angle":-45,"axis":"z","origin":[2,15,7.5]},"faces":{"north":{"uv":[6.5,10.25,7,11.5],"texture":"#main"},"east":{"uv":[8.5,9.5,9.25,10.75],"texture":"#main"},"south":{"uv":[10.25,6.75,10.75,8],"texture":"#main"},"west":{"uv":[9.25,10,10,11.25],"texture":"#main"},"up":{"uv":[11,6.25,10.5,5.5],"texture":"#main"},"down":{"uv":[8,10.5,7.5,11.25],"texture":"#main"}}},{"from":[-2.31802,3.64645,5],"to":[3.68198,12.64645,11],"rotation":{"angle":-22.5,"axis":"z","origin":[-0.81802,11.64645,8]},"faces":{"north":{"uv":[6,6.5,7.5,8.75],"texture":"#main"},"east":{"uv":[0,7,1.5,9.25],"texture":"#main"},"south":{"uv":[7,0,8.5,2.25],"texture":"#main"},"west":{"uv":[1.5,7,3,9.25],"texture":"#main"},"up":{"uv":[10.25,3,8.75,1.5],"texture":"#main"},"down":{"uv":[7.5,8.75,6,10.25],"texture":"#main"}}},{"from":[-1.76217,2.33153,6],"to":[-1.76217,4.33153,10],"rotation":{"angle":-22.5,"axis":"z","origin":[-4.26217,3.33153,8]},"faces":{"north":{"uv":[10.25,9,11.25,9.5],"texture":"#main"},"east":{"uv":[11.25,9,10.25,9.5],"texture":"#main"},"south":{"uv":[10.25,9,11.25,9.5],"texture":"#main"},"west":{"uv":[10.25,9,11.25,9.5],"texture":"#main"},"up":{"uv":[10.25,9,11.25,9.5],"texture":"#main"},"down":{"uv":[10.25,9,11.25,9.5],"texture":"#main"}}},{"from":[-3.76217,2.33153,6],"to":[-3.76217,4.33153,10],"rotation":{"angle":-22.5,"axis":"z","origin":[-4.26217,3.33153,8]},"faces":{"north":{"uv":[10.5,5,11.5,5.5],"texture":"#main"},"east":{"uv":[11.5,5,10.5,5.5],"texture":"#main"},"south":{"uv":[10.5,5,11.5,5.5],"texture":"#main"},"west":{"uv":[10.5,5,11.5,5.5],"texture":"#main"},"up":{"uv":[10.5,5,11.5,5.5],"texture":"#main"},"down":{"uv":[10.5,5,11.5,5.5],"texture":"#main"}}},{"from":[17.76217,2.33153,6],"to":[17.76217,4.33153,10],"rotation":{"angle":22.5,"axis":"z","origin":[20.26217,3.33153,8]},"faces":{"north":{"uv":[11.25,9,10.25,9.5],"texture":"#main"},"east":{"uv":[11.25,9,10.25,9.5],"texture":"#main"},"south":{"uv":[11.25,9,10.25,9.5],"texture":"#main"},"west":{"uv":[10.25,9,11.25,9.5],"texture":"#main"},"up":{"uv":[11.25,9,10.25,9.5],"texture":"#main"},"down":{"uv":[11.25,9,10.25,9.5],"texture":"#main"}}},{"from":[19.76217,2.33153,6],"to":[19.76217,4.33153,10],"rotation":{"angle":22.5,"axis":"z","origin":[20.26217,3.33153,8]},"faces":{"north":{"uv":[11.5,5,10.5,5.5],"texture":"#main"},"east":{"uv":[11.5,5,10.5,5.5],"texture":"#main"},"south":{"uv":[11.5,5,10.5,5.5],"texture":"#main"},"west":{"uv":[10.5,5,11.5,5.5],"texture":"#main"},"up":{"uv":[11.5,5,10.5,5.5],"texture":"#main"},"down":{"uv":[11.5,5,10.5,5.5],"texture":"#main"}}},{"from":[11,11,6],"to":[13,16,10],"rotation":{"angle":0,"axis":"y","origin":[14,16,8]},"faces":{"north":{"uv":[10.75,1,10.25,2.25],"texture":"#main"},"east":{"uv":[10.25,6.75,9.25,8],"texture":"#main"},"south":{"uv":[6.5,10.25,6,11.5],"texture":"#main"},"west":{"uv":[9,5.25,8,6.5],"texture":"#main"},"up":{"uv":[7,11.25,7.5,10.25],"texture":"#main"},"down":{"uv":[10.25,8,10.75,9],"texture":"#main"}}},{"from":[11,10.5,6.5],"to":[13,15.5,9.5],"rotation":{"angle":45,"axis":"z","origin":[14,15,7.5]},"faces":{"north":{"uv":[7,10.25,6.5,11.5],"texture":"#main"},"east":{"uv":[10,10,9.25,11.25],"texture":"#main"},"south":{"uv":[10.75,6.75,10.25,8],"texture":"#main"},"west":{"uv":[9.25,9.5,8.5,10.75],"texture":"#main"},"up":{"uv":[10.5,6.25,11,5.5],"texture":"#main"},"down":{"uv":[7.5,10.5,8,11.25],"texture":"#main"}}},{"from":[8.68198,15.68821,4.5],"to":[13.68198,21.68821,4.5],"rotation":{"angle":-45,"axis":"z","origin":[11.18198,18.68821,4.5]},"faces":{"north":{"uv":[6,7,4.75,8.5],"texture":"#main"},"east":{"uv":[6,7,4.75,8.5],"texture":"#main"},"south":{"uv":[4.75,7,6,8.5],"texture":"#main"},"west":{"uv":[6,7,4.75,8.5],"texture":"#main"},"up":{"uv":[6,7,4.75,8.5],"texture":"#main"},"down":{"uv":[6,7,4.75,8.5],"texture":"#main"}}},{"from":[1.90381,14.68821,4.5],"to":[6.90381,20.68821,4.5],"rotation":{"angle":45,"axis":"z","origin":[3.40381,18.68821,4.5]},"faces":{"north":{"uv":[4.75,7,6,8.5],"texture":"#main"},"east":{"uv":[4.75,7,6,8.5],"texture":"#main"},"south":{"uv":[6,7,4.75,8.5],"texture":"#main"},"west":{"uv":[4.75,7,6,8.5],"texture":"#main"},"up":{"uv":[4.75,7,6,8.5],"texture":"#main"},"down":{"uv":[4.75,7,6,8.5],"texture":"#main"}}},{"from":[12.31802,3.64645,5],"to":[18.31802,12.64645,11],"rotation":{"angle":22.5,"axis":"z","origin":[16.81802,11.64645,8]},"faces":{"north":{"uv":[7.5,6.5,6,8.75],"texture":"#main"},"east":{"uv":[3,7,1.5,9.25],"texture":"#main"},"south":{"uv":[8.5,0,7,2.25],"texture":"#main"},"west":{"uv":[1.5,7,0,9.25],"texture":"#main"},"up":{"uv":[8.75,3,10.25,1.5],"texture":"#main"},"down":{"uv":[6,8.75,7.5,10.25],"texture":"#main"}}},{"from":[1,0,5],"to":[4,1,9],"rotation":{"angle":22.5,"axis":"y","origin":[6,5,6]},"faces":{"north":{"uv":[10.5,5,9.75,5.25],"texture":"#main"},"east":{"uv":[11.5,6.25,10.5,6.5],"texture":"#main"},"south":{"uv":[11.25,6.5,10.5,6.75],"texture":"#main"},"west":{"uv":[11.25,2.75,10.25,3],"texture":"#main"},"up":{"uv":[10,11,10.75,10],"texture":"#main"},"down":{"uv":[10.25,0,11,1],"texture":"#main"}}},{"from":[2.33844,1,7.65972],"to":[4.33844,2,9.65972],"rotation":{"angle":0,"axis":"y","origin":[3.33844,1.5,8.65972]},"faces":{"north":{"uv":[1,10.75,0.5,11],"texture":"#main"},"east":{"uv":[11.25,1.25,10.75,1.5],"texture":"#main"},"south":{"uv":[11.25,1,10.75,1.25],"texture":"#main"},"west":{"uv":[1.5,10.75,1,11],"texture":"#main"},"up":{"uv":[8,11,8.5,10.5],"texture":"#main"},"down":{"uv":[0,10.75,0.5,11.25],"texture":"#main"}}},{"from":[2.64911,2,6.26327],"to":[6.64911,6,10.26327],"rotation":{"angle":45,"axis":"y","origin":[4.14911,3.5,9.26327]},"faces":{"north":{"uv":[10.25,8,9.25,9],"texture":"#main"},"east":{"uv":[10.75,3,9.75,4],"texture":"#main"},"south":{"uv":[8.5,9.5,7.5,10.5],"texture":"#main"},"west":{"uv":[10.25,9,9.25,10],"texture":"#main"},"up":{"uv":[9.75,5,10.75,4],"texture":"#main"},"down":{"uv":[3,10,4,11],"texture":"#main"}}},{"from":[3.64911,4,5.26327],"to":[3.64911,8,9.26327],"rotation":{"angle":45,"axis":"y","origin":[4.14911,3.5,9.26327]},"faces":{"north":{"uv":[0,0,0,1],"texture":"#main"},"east":{"uv":[6,10,5,11],"texture":"#main"},"south":{"uv":[0,0,0,1],"texture":"#main"},"west":{"uv":[5,10,4,11],"texture":"#main"},"up":{"uv":[0,1,0,0],"texture":"#main"},"down":{"uv":[0,0,0,1],"texture":"#main"}}}],"display":{"head":{"translation":[0,-30,0],"scale":[1.6,1.6,1.6]}}}