{"parent":"physical_parent","textures":{"main":"pokemon/hooh"},"texture_size":[256,256],"elements":[{"rotation":{"origin":[8.5,6.9372,1.0628],"angle":45,"axis":"x"},"from":[4.646,2.3124,3.3752],"to":[11.5832,8.4788,11.854],"faces":{"east":{"uv":[0,5.1875,0.6875,5.6875],"texture":"#main"},"south":{"uv":[1.9375,5.1875,2.5,5.6875],"texture":"#main"},"north":{"uv":[0.6875,5.1875,1.25,5.6875],"texture":"#main"},"west":{"uv":[1.25,5.1875,1.9375,5.6875],"texture":"#main"},"up":{"uv":[1.25,5.1875,0.6875,4.5],"texture":"#main"},"down":{"uv":[1.8125,4.5,1.25,5.1875],"texture":"#main"}}},{"rotation":{"origin":[16.3942,6.078,3.1716],"angle":45,"axis":"z"},"from":[11.5344,8.7852,2.288],"to":[21.254,10.496,4.0552],"faces":{"east":{"uv":[1.25,6.125,1.375,6.3125],"texture":"#main"},"south":{"uv":[2.1875,6.125,2.875,6.3125],"texture":"#main"},"north":{"uv":[1.375,6.125,2.0625,6.3125],"texture":"#main"},"west":{"uv":[2.0625,6.125,2.1875,6.3125],"texture":"#main"},"up":{"uv":[2.0625,6.125,1.375,6],"texture":"#main"},"down":{"uv":[2.75,6,2.0625,6.125],"texture":"#main"}}},{"rotation":{"origin":[-0.3942,6.078,3.1716],"angle":-45,"axis":"z"},"from":[-5.254,8.7852,2.288],"to":[4.4656,10.496,4.0552],"faces":{"east":{"uv":[2.1875,6.125,2.0625,6.3125],"texture":"#main"},"south":{"uv":[2.875,6.125,2.1875,6.3125],"texture":"#main"},"north":{"uv":[2.0625,6.125,1.375,6.3125],"texture":"#main"},"west":{"uv":[1.375,6.125,1.25,6.3125],"texture":"#main"},"up":{"uv":[1.375,6.125,2.0625,6],"texture":"#main"},"down":{"uv":[2.0625,6,2.75,6.125],"texture":"#main"}}},{"rotation":{"origin":[19.5182,14.2004,3.1716],"angle":-22.5,"axis":"z"},"from":[17.3092,11.1078,2.288],"to":[19.0764,19.9438,4.0552],"faces":{"east":{"uv":[0,7.4375,0.125,8.0625],"texture":"#main"},"south":{"uv":[0.375,7.4375,0.5,8.0625],"texture":"#main"},"north":{"uv":[0.125,7.4375,0.25,8.0625],"texture":"#main"},"west":{"uv":[0.25,7.4375,0.375,8.0625],"texture":"#main"},"up":{"uv":[0.25,7.4375,0.125,7.3125],"texture":"#main"},"down":{"uv":[0.375,7.3125,0.25,7.4375],"texture":"#main"}}},{"rotation":{"origin":[-3.5182,14.2004,3.1716],"angle":22.5,"axis":"z"},"from":[-3.0764,11.1078,2.288],"to":[-1.3092,19.9438,4.0552],"faces":{"east":{"uv":[0.375,7.4375,0.25,8.0625],"texture":"#main"},"south":{"uv":[0.5,7.4375,0.375,8.0625],"texture":"#main"},"north":{"uv":[0.25,7.4375,0.125,8.0625],"texture":"#main"},"west":{"uv":[0.125,7.4375,0,8.0625],"texture":"#main"},"up":{"uv":[0.125,7.4375,0.25,7.3125],"texture":"#main"},"down":{"uv":[0.25,7.3125,0.375,7.4375],"texture":"#main"}}},{"rotation":{"origin":[20.32604,10.99657,3.1716],"angle":-22.5,"axis":"z"},"from":[13.86024,-2.58283,3.1716],"to":[31.81,26.57597,3.1716],"faces":{"east":{"uv":[2.25,2.625,2.25,4.4375],"texture":"#main"},"south":{"uv":[3.75,2.25,2.5625,4.3125],"texture":"#main"},"north":{"uv":[2.5625,2.25,3.75,4.3125],"texture":"#main"},"west":{"uv":[3.3125,2.625,3.3125,4.4375],"texture":"#main"},"up":{"uv":[3.3125,2.625,2.25,2.625],"texture":"#main"},"down":{"uv":[4.375,2.625,3.3125,2.625],"texture":"#main"}}},{"rotation":{"origin":[-4.32604,10.99657,3.1716],"angle":22.5,"axis":"z"},"from":[-15.81,-2.58283,3.1716],"to":[2.13976,26.57597,3.1716],"faces":{"east":{"uv":[3.3125,2.625,3.3125,4.4375],"texture":"#main"},"south":{"uv":[2.5625,2.25,3.75,4.3125],"texture":"#main"},"north":{"uv":[3.75,2.25,2.5625,4.3125],"texture":"#main"},"west":{"uv":[2.25,2.625,2.25,4.4375],"texture":"#main"},"up":{"uv":[2.25,2.625,3.3125,2.625],"texture":"#main"},"down":{"uv":[3.3125,2.625,4.375,2.625],"texture":"#main"}}},{"rotation":{"origin":[8.1146,-5.32615,11.146],"angle":22.5,"axis":"x"},"from":[8.25,-10.56867,6.52392],"to":[8.25,5.61813,22.71072],"faces":{"east":{"uv":[5.25,1.3125,6.5625,2.625],"texture":"#main"},"south":{"uv":[7.875,1.3125,7.875,2.625],"texture":"#main"},"north":{"uv":[6.5625,1.3125,6.5625,2.625],"texture":"#main"},"west":{"uv":[6.5625,1.3125,5.25,2.625],"texture":"#main"},"up":{"uv":[6.5625,1.3125,6.5625,0],"texture":"#main"},"down":{"uv":[6.5625,0,6.5625,1.3125],"texture":"#main"}}},{"rotation":{"origin":[8.1146,-5.32615,11.146],"angle":22.5,"axis":"x"},"from":[-0.8434,-2.47527,6.52392],"to":[15.3434,-2.47527,22.71072],"faces":{"up":{"uv":[6.5625,2.625,5.25,1.3125],"texture":"#main","rotation":90}}},{"rotation":{"origin":[14.5518,1.2143,4.60555],"angle":22.5,"axis":"x"},"from":[10.3124,-4.1813,4.99095],"to":[13.3956,1.9851,9.61575],"faces":{"east":{"uv":[0,6.0625,0.375,6.5625],"texture":"#main"},"south":{"uv":[1,6.0625,1.25,6.5625],"texture":"#main"},"north":{"uv":[0.375,6.0625,0.625,6.5625],"texture":"#main"},"west":{"uv":[0.625,6.0625,1,6.5625],"texture":"#main"},"up":{"uv":[0.625,6.0625,0.375,5.6875],"texture":"#main"},"down":{"uv":[0.875,5.6875,0.625,6.0625],"texture":"#main"}}},{"rotation":{"origin":[1.4482,1.2143,4.60555],"angle":22.5,"axis":"x"},"from":[2.6044,-4.1813,4.99095],"to":[5.6876,1.9851,9.61575],"faces":{"east":{"uv":[4,4.875,4.375,5.375],"texture":"#main"},"south":{"uv":[5,4.875,5.25,5.375],"texture":"#main"},"north":{"uv":[4.375,4.875,4.625,5.375],"texture":"#main"},"west":{"uv":[4.625,4.875,5,5.375],"texture":"#main"},"up":{"uv":[4.625,4.875,4.375,4.5],"texture":"#main"},"down":{"uv":[4.875,4.5,4.625,4.875],"texture":"#main"}}},{"rotation":{"origin":[14.5518,1.2143,4.60555],"angle":22.5,"axis":"x"},"from":[11.0832,-6.4937,6.53255],"to":[12.6248,-4.1813,8.07415],"faces":{"east":{"uv":[1.75,8.1875,1.875,8.375],"texture":"#main"},"south":{"uv":[2.125,8.1875,2.25,8.375],"texture":"#main"},"north":{"uv":[1.875,8.1875,2,8.375],"texture":"#main"},"west":{"uv":[2,8.1875,2.125,8.375],"texture":"#main"},"up":{"uv":[2,8.1875,1.875,8.0625],"texture":"#main"},"down":{"uv":[2.125,8.0625,2,8.1875],"texture":"#main"}}},{"rotation":{"origin":[1.4482,1.2143,4.60555],"angle":22.5,"axis":"x"},"from":[3.3752,-6.4937,6.53255],"to":[4.9168,-4.1813,8.07415],"faces":{"east":{"uv":[1.25,8.1875,1.375,8.375],"texture":"#main"},"south":{"uv":[1.625,8.1875,1.75,8.375],"texture":"#main"},"north":{"uv":[1.375,8.1875,1.5,8.375],"texture":"#main"},"west":{"uv":[1.5,8.1875,1.625,8.375],"texture":"#main"},"up":{"uv":[1.5,8.1875,1.375,8.0625],"texture":"#main"},"down":{"uv":[1.625,8.0625,1.5,8.1875],"texture":"#main"}}},{"rotation":{"origin":[11.854,-7.23675,3.70581],"angle":-22.5,"axis":"x"},"from":[10.3124,-8.00755,1.77881],"to":[13.3956,-6.46595,4.86201],"faces":{"east":{"uv":[1.875,7.1875,2.125,7.3125],"texture":"#main"},"south":{"uv":[2.625,7.1875,2.875,7.3125],"texture":"#main"},"north":{"uv":[2.125,7.1875,2.375,7.3125],"texture":"#main"},"west":{"uv":[2.375,7.1875,2.625,7.3125],"texture":"#main"},"up":{"uv":[2.375,7.1875,2.125,6.9375],"texture":"#main"},"down":{"uv":[2.625,6.9375,2.375,7.1875],"texture":"#main"}}},{"rotation":{"origin":[4.146,-7.23675,3.70581],"angle":-22.5,"axis":"x"},"from":[2.6044,-8.00755,1.77881],"to":[5.6876,-6.46595,4.86201],"faces":{"east":{"uv":[1.875,6.8125,2.125,6.9375],"texture":"#main"},"south":{"uv":[2.625,6.8125,2.875,6.9375],"texture":"#main"},"north":{"uv":[2.125,6.8125,2.375,6.9375],"texture":"#main"},"west":{"uv":[2.375,6.8125,2.625,6.9375],"texture":"#main"},"up":{"uv":[2.375,6.8125,2.125,6.5625],"texture":"#main"},"down":{"uv":[2.625,6.5625,2.375,6.8125],"texture":"#main"}}},{"rotation":{"origin":[11.854,-8.41664,0.8573],"angle":22.5,"axis":"x"},"from":[11.2759,-8.03124,-1.0697],"to":[12.4321,-6.87504,2.0135],"faces":{"east":{"uv":[0.625,8.3125,0.875,8.375],"texture":"#main"},"south":{"uv":[1.1875,8.3125,1.25,8.375],"texture":"#main"},"north":{"uv":[0.875,8.3125,0.9375,8.375],"texture":"#main"},"west":{"uv":[0.9375,8.3125,1.1875,8.375],"texture":"#main"},"up":{"uv":[0.9375,8.3125,0.875,8.0625],"texture":"#main"},"down":{"uv":[1,8.0625,0.9375,8.3125],"texture":"#main"}}},{"rotation":{"origin":[4.146,-8.41664,0.8573],"angle":22.5,"axis":"x"},"from":[3.5679,-8.03124,-1.0697],"to":[4.7241,-6.87504,2.0135],"faces":{"east":{"uv":[1.375,7.875,1.625,7.9375],"texture":"#main"},"south":{"uv":[1.9375,7.875,2,7.9375],"texture":"#main"},"north":{"uv":[1.625,7.875,1.6875,7.9375],"texture":"#main"},"west":{"uv":[1.6875,7.875,1.9375,7.9375],"texture":"#main"},"up":{"uv":[1.6875,7.875,1.625,7.625],"texture":"#main"},"down":{"uv":[1.75,7.625,1.6875,7.875],"texture":"#main"}}},{"rotation":{"origin":[11.854,-8.41664,0.8573],"angle":22.5,"axis":"x"},"from":[12.8175,-8.03124,-0.2989],"to":[13.9737,-6.87504,2.7843],"faces":{"east":{"uv":[0,8.3125,0.25,8.375],"texture":"#main"},"south":{"uv":[0.5625,8.3125,0.625,8.375],"texture":"#main"},"north":{"uv":[0.25,8.3125,0.3125,8.375],"texture":"#main"},"west":{"uv":[0.3125,8.3125,0.5625,8.375],"texture":"#main"},"up":{"uv":[0.3125,8.3125,0.25,8.0625],"texture":"#main"},"down":{"uv":[0.375,8.0625,0.3125,8.3125],"texture":"#main"}}},{"rotation":{"origin":[4.146,-8.41664,0.8573],"angle":22.5,"axis":"x"},"from":[2.0263,-8.03124,-0.2989],"to":[3.1825,-6.87504,2.7843],"faces":{"east":{"uv":[1.375,7.5625,1.625,7.625],"texture":"#main"},"south":{"uv":[1.9375,7.5625,2,7.625],"texture":"#main"},"north":{"uv":[1.625,7.5625,1.6875,7.625],"texture":"#main"},"west":{"uv":[1.6875,7.5625,1.9375,7.625],"texture":"#main"},"up":{"uv":[1.6875,7.5625,1.625,7.3125],"texture":"#main"},"down":{"uv":[1.75,7.3125,1.6875,7.5625],"texture":"#main"}}},{"rotation":{"origin":[11.854,-8.41664,0.8573],"angle":22.5,"axis":"x"},"from":[9.7343,-8.03124,-0.2989],"to":[10.8905,-6.87504,2.7843],"faces":{"east":{"uv":[2,7.875,2.25,7.9375],"texture":"#main"},"south":{"uv":[2.5625,7.875,2.625,7.9375],"texture":"#main"},"north":{"uv":[2.25,7.875,2.3125,7.9375],"texture":"#main"},"west":{"uv":[2.3125,7.875,2.5625,7.9375],"texture":"#main"},"up":{"uv":[2.3125,7.875,2.25,7.625],"texture":"#main"},"down":{"uv":[2.375,7.625,2.3125,7.875],"texture":"#main"}}},{"rotation":{"origin":[4.146,-8.41664,0.8573],"angle":22.5,"axis":"x"},"from":[5.1095,-8.03124,-0.2989],"to":[6.2657,-6.87504,2.7843],"faces":{"east":{"uv":[2,7.5625,2.25,7.625],"texture":"#main"},"south":{"uv":[2.5625,7.5625,2.625,7.625],"texture":"#main"},"north":{"uv":[2.25,7.5625,2.3125,7.625],"texture":"#main"},"west":{"uv":[2.3125,7.5625,2.5625,7.625],"texture":"#main"},"up":{"uv":[2.3125,7.5625,2.25,7.3125],"texture":"#main"},"down":{"uv":[2.375,7.3125,2.3125,7.5625],"texture":"#main"}}},{"rotation":{"origin":[11.854,-8.41664,0.8573],"angle":22.5,"axis":"x"},"from":[11.2759,-10.34364,-1.0697],"to":[12.4321,-8.03124,0.0865],"faces":{"east":{"uv":[1.25,8.4375,1.3125,8.625],"texture":"#main"},"south":{"uv":[1.4375,8.4375,1.5,8.625],"texture":"#main"},"north":{"uv":[1.3125,8.4375,1.375,8.625],"texture":"#main"},"west":{"uv":[1.375,8.4375,1.4375,8.625],"texture":"#main"},"up":{"uv":[1.375,8.4375,1.3125,8.375],"texture":"#main"},"down":{"uv":[1.4375,8.375,1.375,8.4375],"texture":"#main"}}},{"rotation":{"origin":[4.146,-8.41664,0.8573],"angle":22.5,"axis":"x"},"from":[3.5679,-10.34364,-1.0697],"to":[4.7241,-8.03124,0.0865],"faces":{"east":{"uv":[0,8.4375,0.0625,8.625],"texture":"#main"},"south":{"uv":[0.1875,8.4375,0.25,8.625],"texture":"#main"},"north":{"uv":[0.0625,8.4375,0.125,8.625],"texture":"#main"},"west":{"uv":[0.125,8.4375,0.1875,8.625],"texture":"#main"},"up":{"uv":[0.125,8.4375,0.0625,8.375],"texture":"#main"},"down":{"uv":[0.1875,8.375,0.125,8.4375],"texture":"#main"}}},{"rotation":{"origin":[11.854,-8.41664,0.8573],"angle":22.5,"axis":"x"},"from":[12.8175,-10.34364,-0.2989],"to":[13.9737,-8.03124,0.8573],"faces":{"east":{"uv":[1,8.4375,1.0625,8.625],"texture":"#main"},"south":{"uv":[1.1875,8.4375,1.25,8.625],"texture":"#main"},"north":{"uv":[1.0625,8.4375,1.125,8.625],"texture":"#main"},"west":{"uv":[1.125,8.4375,1.1875,8.625],"texture":"#main"},"up":{"uv":[1.125,8.4375,1.0625,8.375],"texture":"#main"},"down":{"uv":[1.1875,8.375,1.125,8.4375],"texture":"#main"}}},{"rotation":{"origin":[13.41118,-8.88414,-0.0107],"angle":-45,"axis":"x"},"from":[11.3175,-13.29706,3.70612],"to":[12.4737,-10.98466,4.86232],"faces":{"east":{"uv":[1,8.4375,1.0625,8.625],"texture":"#main"},"south":{"uv":[1.1875,8.4375,1.25,8.625],"texture":"#main"},"north":{"uv":[1.0625,8.4375,1.125,8.625],"texture":"#main"},"west":{"uv":[1.125,8.4375,1.1875,8.625],"texture":"#main"},"up":{"uv":[1.125,8.4375,1.0625,8.375],"texture":"#main"},"down":{"uv":[1.1875,8.375,1.125,8.4375],"texture":"#main"}}},{"rotation":{"origin":[13.41118,-8.88414,-0.0107],"angle":-45,"axis":"x"},"from":[3.5675,-13.29706,3.70612],"to":[4.7237,-10.98466,4.86232],"faces":{"east":{"uv":[1,8.4375,1.0625,8.625],"texture":"#main"},"south":{"uv":[1.1875,8.4375,1.25,8.625],"texture":"#main"},"north":{"uv":[1.0625,8.4375,1.125,8.625],"texture":"#main"},"west":{"uv":[1.125,8.4375,1.1875,8.625],"texture":"#main"},"up":{"uv":[1.125,8.4375,1.0625,8.375],"texture":"#main"},"down":{"uv":[1.1875,8.375,1.125,8.4375],"texture":"#main"}}},{"rotation":{"origin":[4.146,-8.41664,0.8573],"angle":22.5,"axis":"x"},"from":[2.0263,-10.34364,-0.2989],"to":[3.1825,-8.03124,0.8573],"faces":{"east":{"uv":[0.25,8.4375,0.3125,8.625],"texture":"#main"},"south":{"uv":[0.4375,8.4375,0.5,8.625],"texture":"#main"},"north":{"uv":[0.3125,8.4375,0.375,8.625],"texture":"#main"},"west":{"uv":[0.375,8.4375,0.4375,8.625],"texture":"#main"},"up":{"uv":[0.375,8.4375,0.3125,8.375],"texture":"#main"},"down":{"uv":[0.4375,8.375,0.375,8.4375],"texture":"#main"}}},{"rotation":{"origin":[11.854,-8.41664,0.8573],"angle":22.5,"axis":"x"},"from":[9.7343,-10.34364,-0.2989],"to":[10.8905,-8.03124,0.8573],"faces":{"east":{"uv":[0.75,8.4375,0.8125,8.625],"texture":"#main"},"south":{"uv":[0.9375,8.4375,1,8.625],"texture":"#main"},"north":{"uv":[0.8125,8.4375,0.875,8.625],"texture":"#main"},"west":{"uv":[0.875,8.4375,0.9375,8.625],"texture":"#main"},"up":{"uv":[0.875,8.4375,0.8125,8.375],"texture":"#main"},"down":{"uv":[0.9375,8.375,0.875,8.4375],"texture":"#main"}}},{"rotation":{"origin":[4.146,-8.41664,0.8573],"angle":22.5,"axis":"x"},"from":[5.1095,-10.34364,-0.2989],"to":[6.2657,-8.03124,0.8573],"faces":{"east":{"uv":[0.5,8.4375,0.5625,8.625],"texture":"#main"},"south":{"uv":[0.6875,8.4375,0.75,8.625],"texture":"#main"},"north":{"uv":[0.5625,8.4375,0.625,8.625],"texture":"#main"},"west":{"uv":[0.625,8.4375,0.6875,8.625],"texture":"#main"},"up":{"uv":[0.625,8.4375,0.5625,8.375],"texture":"#main"},"down":{"uv":[0.6875,8.375,0.625,8.4375],"texture":"#main"}}},{"rotation":{"origin":[8.1146,5.02957,0.79028],"angle":-22.5,"axis":"x"},"from":[6.1876,3.10257,0.01948],"to":[10.0416,7.72737,3.87348],"faces":{"east":{"uv":[2.875,6,3.1875,6.375],"texture":"#main"},"south":{"uv":[3.8125,6,4.125,6.375],"texture":"#main"},"north":{"uv":[3.1875,6,3.5,6.375],"texture":"#main"},"west":{"uv":[3.5,6,3.8125,6.375],"texture":"#main"},"up":{"uv":[3.5,6,3.1875,5.6875],"texture":"#main"},"down":{"uv":[3.8125,5.6875,3.5,6],"texture":"#main"}}},{"rotation":{"origin":[8.1146,5.02957,0.79028],"angle":-22.5,"axis":"x"},"from":[6.573,7.72737,0.79028],"to":[9.6562,11.58137,3.87348],"faces":{"east":{"uv":[0,6.8125,0.25,7.125],"texture":"#main"},"south":{"uv":[0.75,6.8125,1,7.125],"texture":"#main"},"north":{"uv":[0.25,6.8125,0.5,7.125],"texture":"#main"},"west":{"uv":[0.5,6.8125,0.75,7.125],"texture":"#main"},"up":{"uv":[0.5,6.8125,0.25,6.5625],"texture":"#main"},"down":{"uv":[0.75,6.5625,0.5,6.8125],"texture":"#main"}}},{"rotation":{"origin":[8.1146,13.80897,-1.17765],"angle":0,"axis":"x"},"from":[5.8022,11.11117,-2.91195],"to":[10.427,14.96517,1.71285],"faces":{"east":{"uv":[0,8.6875,0.75,9.3125],"texture":"#main"},"south":{"uv":[3.625,4.875,4,5.1875],"texture":"#main"},"north":{"uv":[2.875,4.875,3.25,5.1875],"texture":"#main"},"west":{"uv":[0.75,8.6875,0,9.3125],"texture":"#main"},"up":{"uv":[3.25,4.875,2.875,4.5],"texture":"#main"},"down":{"uv":[3.625,4.5,3.25,4.875],"texture":"#main"}}},{"rotation":{"origin":[8.1146,16.89217,-0.59955],"angle":22.5,"axis":"x"},"from":[8.1146,13.42357,-1.37035],"to":[8.1146,17.27757,3.25445],"faces":{"east":{"uv":[1,6.9375,1.375,7.25],"texture":"#main"},"south":{"uv":[1.75,6.9375,1.75,7.25],"texture":"#main"},"north":{"uv":[1.375,6.9375,1.375,7.25],"texture":"#main"},"west":{"uv":[1.375,6.9375,1,7.25],"texture":"#main"},"up":{"uv":[1.375,6.9375,1.375,6.5625],"texture":"#main"},"down":{"uv":[1.375,6.5625,1.375,6.9375],"texture":"#main"}}},{"rotation":{"origin":[8.1146,16.50677,-0.98495],"angle":22.5,"axis":"x"},"from":[7.3438,16.89217,-2.14115],"to":[8.8854,18.43377,-0.59955],"faces":{"east":{"uv":[3.75,8.1875,3.875,8.3125],"texture":"#main"},"south":{"uv":[4.125,8.1875,4.25,8.3125],"texture":"#main"},"north":{"uv":[3.875,8.1875,4,8.3125],"texture":"#main"},"west":{"uv":[4,8.1875,4.125,8.3125],"texture":"#main"},"up":{"uv":[4,8.1875,3.875,8.0625],"texture":"#main"},"down":{"uv":[4.125,8.0625,4,8.1875],"texture":"#main"}}},{"rotation":{"origin":[8.1146,15.35057,1.52015],"angle":22.5,"axis":"x"},"from":[7.3438,15.73597,0.36395],"to":[8.8854,17.27757,1.90555],"faces":{"east":{"uv":[2.25,8.1875,2.375,8.3125],"texture":"#main"},"south":{"uv":[2.625,8.1875,2.75,8.3125],"texture":"#main"},"north":{"uv":[2.375,8.1875,2.5,8.3125],"texture":"#main"},"west":{"uv":[2.5,8.1875,2.625,8.3125],"texture":"#main"},"up":{"uv":[2.5,8.1875,2.375,8.0625],"texture":"#main"},"down":{"uv":[2.625,8.0625,2.5,8.1875],"texture":"#main"}}},{"rotation":{"origin":[8.1146,17.1325,0.5257],"angle":0,"axis":"x"},"from":[7.3438,16.3617,-0.2451],"to":[8.8854,17.9033,1.2965],"faces":{"east":{"uv":[3.25,8.1875,3.375,8.3125],"texture":"#main"},"south":{"uv":[3.625,8.1875,3.75,8.3125],"texture":"#main"},"north":{"uv":[3.375,8.1875,3.5,8.3125],"texture":"#main"},"west":{"uv":[3.5,8.1875,3.625,8.3125],"texture":"#main"},"up":{"uv":[3.5,8.1875,3.375,8.0625],"texture":"#main"},"down":{"uv":[3.625,8.0625,3.5,8.1875],"texture":"#main"}}},{"rotation":{"origin":[8.1146,15.9763,3.0308],"angle":0,"axis":"x"},"from":[7.3438,15.2055,2.26],"to":[8.8854,16.7471,3.8016],"faces":{"east":{"uv":[2.75,8.1875,2.875,8.3125],"texture":"#main"},"south":{"uv":[3.125,8.1875,3.25,8.3125],"texture":"#main"},"north":{"uv":[2.875,8.1875,3,8.3125],"texture":"#main"},"west":{"uv":[3,8.1875,3.125,8.3125],"texture":"#main"},"up":{"uv":[3,8.1875,2.875,8.0625],"texture":"#main"},"down":{"uv":[3.125,8.0625,3,8.1875],"texture":"#main"}}},{"rotation":{"origin":[8.1146,11.88197,-4.83895],"angle":-22.5,"axis":"x"},"from":[7.3438,10.91847,-6.76595],"to":[8.8854,11.68927,-2.91195],"faces":{"east":{"uv":[0.5,7.625,0.8125,7.6875],"texture":"#main"},"south":{"uv":[1.25,7.625,1.375,7.6875],"texture":"#main"},"north":{"uv":[0.8125,7.625,0.9375,7.6875],"texture":"#main"},"west":{"uv":[0.9375,7.625,1.25,7.6875],"texture":"#main"},"up":{"uv":[0.9375,7.625,0.8125,7.3125],"texture":"#main"},"down":{"uv":[1.0625,7.3125,0.9375,7.625],"texture":"#main"}}},{"rotation":{"origin":[8.1146,13.80897,-1.17765],"angle":0,"axis":"x"},"from":[6.573,12.26737,-5.22435],"to":[9.6562,13.42357,-2.91195],"faces":{"east":{"uv":[0.5,7.875,0.6875,7.9375],"texture":"#main"},"south":{"uv":[1.125,7.875,1.375,7.9375],"texture":"#main"},"north":{"uv":[0.6875,7.875,0.9375,7.9375],"texture":"#main"},"west":{"uv":[0.9375,7.875,1.125,7.9375],"texture":"#main"},"up":{"uv":[0.9375,7.875,0.6875,7.6875],"texture":"#main"},"down":{"uv":[1.1875,7.6875,0.9375,7.875],"texture":"#main"}}},{"rotation":{"origin":[8.1146,13.80897,-1.17765],"angle":0,"axis":"x"},"from":[7.3438,12.26737,-6.76595],"to":[8.8854,13.80897,-5.22435],"faces":{"east":{"uv":[4.25,8.1875,4.375,8.3125],"texture":"#main"},"south":{"uv":[4.625,8.1875,4.75,8.3125],"texture":"#main"},"north":{"uv":[4.375,8.1875,4.5,8.3125],"texture":"#main"},"west":{"uv":[4.5,8.1875,4.625,8.3125],"texture":"#main"},"up":{"uv":[4.5,8.1875,4.375,8.0625],"texture":"#main"},"down":{"uv":[4.625,8.0625,4.5,8.1875],"texture":"#main"}}},{"rotation":{"origin":[8.1146,13.80897,-1.17765],"angle":0,"axis":"x"},"from":[7.3438,11.49657,-6.76595],"to":[8.8854,12.26737,-5.99515],"faces":{"east":{"uv":[1.5,8.4375,1.5625,8.5],"texture":"#main"},"south":{"uv":[1.75,8.4375,1.875,8.5],"texture":"#main"},"north":{"uv":[1.5625,8.4375,1.6875,8.5],"texture":"#main"},"west":{"uv":[1.6875,8.4375,1.75,8.5],"texture":"#main"},"up":{"uv":[1.6875,8.4375,1.5625,8.375],"texture":"#main"},"down":{"uv":[1.8125,8.375,1.6875,8.4375],"texture":"#main"}}}],"display":{"head":{"translation":[0,20.5,11.5],"scale":[2.8,2.8,2.83]}},"credit":"Made with Blockbench"}