{"parent":"physical_parent","textures":{"main":"pokemon/hoothoot"},"elements":[{"rotation":{"origin":[11,14,11],"angle":0,"axis":"y"},"from":[3,5,3],"to":[13,15,13],"faces":{"east":{"uv":[0,2.5,2.5,5],"texture":"#main"},"south":{"uv":[7.5,2.5,10,5],"texture":"#main"},"north":{"uv":[2.5,2.5,5,5],"texture":"#main"},"west":{"uv":[5,2.5,7.5,5],"texture":"#main"},"up":{"uv":[5,2.5,2.5,0],"texture":"#main"},"down":{"uv":[7.5,0,5,2.5],"texture":"#main"}}},{"rotation":{"origin":[11,4,10],"angle":0,"axis":"y"},"from":[5,2,5],"to":[11,5,5],"faces":{"east":{"uv":[0,0,0,0],"texture":"#main"},"south":{"uv":[7.75,9,9.25,9.75],"texture":"#main"},"north":{"uv":[8.25,8.25,9.75,9],"texture":"#main"},"west":{"uv":[9.75,8.25,10,9],"texture":"#main"},"up":{"uv":[9.75,8.25,8.25,8],"texture":"#main"},"down":{"uv":[11.25,8,9.75,8.25],"texture":"#main"}}},{"rotation":{"origin":[11,11,7.1],"angle":0,"axis":"y"},"from":[3,7,2.99],"to":[13,18,2.99],"faces":{"east":{"uv":[0,0,0,0],"texture":"#main"},"south":{"uv":[0.25,5.25,2.75,8],"texture":"#main"},"north":{"uv":[0.25,5.25,2.75,8],"texture":"#main"},"west":{"uv":[0,0,0,0],"texture":"#main"},"up":{"uv":[0,0,0,0],"texture":"#main"},"down":{"uv":[0,0,0,0],"texture":"#main"}}},{"rotation":{"origin":[11,4,16],"angle":0,"axis":"y"},"from":[5,2,11],"to":[11,5,11],"faces":{"east":{"uv":[0,0,0,0],"texture":"#main"},"south":{"uv":[7.75,9,9.25,9.75],"texture":"#main"},"north":{"uv":[7.75,9,9.25,9.75],"texture":"#main"},"west":{"uv":[1.75,8.25,2,9],"texture":"#main"},"up":{"uv":[1.75,8.25,0.25,8],"texture":"#main"},"down":{"uv":[3.25,8,1.75,8.25],"texture":"#main"}}},{"rotation":{"origin":[6,4,15],"angle":0,"axis":"y"},"from":[5,2,5],"to":[5,5,11],"faces":{"east":{"uv":[7.75,9,9.25,9.75],"texture":"#main"},"south":{"uv":[9.25,9,9.5,9.75],"texture":"#main"},"north":{"uv":[7.5,9,7.75,9.75],"texture":"#main"},"west":{"uv":[7.75,9,9.25,9.75],"texture":"#main"},"up":{"uv":[7.75,9,7.5,7.5],"texture":"#main"},"down":{"uv":[8,7.5,7.75,9],"texture":"#main"}}},{"rotation":{"origin":[6,4,15],"angle":0,"axis":"y"},"from":[11,2,5],"to":[11,5,11],"faces":{"east":{"uv":[7.75,9,9.25,9.75],"texture":"#main"},"south":{"uv":[9.25,9,9.5,9.75],"texture":"#main"},"north":{"uv":[7.5,9,7.75,9.75],"texture":"#main"},"west":{"uv":[7.75,9,9.25,9.75],"texture":"#main"},"up":{"uv":[7.75,9,7.5,7.5],"texture":"#main"},"down":{"uv":[8,7.5,7.75,9],"texture":"#main"}}},{"rotation":{"origin":[12,4,15],"angle":0,"axis":"y"},"from":[11,2,5],"to":[11,5,11],"faces":{"south":{"uv":[7.25,8.25,7.5,9],"texture":"#main"},"north":{"uv":[5.5,8.25,5.75,9],"texture":"#main"},"up":{"uv":[5.75,8.25,5.5,6.75],"texture":"#main"},"down":{"uv":[6,6.75,5.75,8.25],"texture":"#main"}}},{"rotation":{"origin":[11,12,11],"angle":0,"axis":"y"},"from":[7,8,1],"to":[9,11,3],"faces":{"east":{"uv":[8,7.25,8.5,8],"texture":"#main"},"south":{"uv":[9.5,7.25,10,8],"texture":"#main"},"north":{"uv":[8.5,7.25,9,8],"texture":"#main"},"west":{"uv":[9,7.25,9.5,8],"texture":"#main"},"up":{"uv":[9,7.25,8.5,6.75],"texture":"#main"},"down":{"uv":[9.5,6.75,9,7.25],"texture":"#main"}}},{"rotation":{"origin":[11,7,17],"angle":0,"axis":"y"},"from":[7,1,7],"to":[9,6,9],"faces":{"east":{"uv":[0,0.5,0.5,1.75],"texture":"#main"},"south":{"uv":[1.5,0.5,2,1.75],"texture":"#main"},"north":{"uv":[0.5,0.5,1,1.75],"texture":"#main"},"west":{"uv":[1,0.5,1.5,1.75],"texture":"#main"},"up":{"uv":[1,0.5,0.5,0],"texture":"#main"},"down":{"uv":[1.5,0,1,0.5],"texture":"#main"}}},{"rotation":{"origin":[11,7,17],"angle":0,"axis":"y"},"from":[5,-1,6],"to":[11,1,9],"faces":{"east":{"uv":[5.5,6.25,6.25,6.75],"texture":"#main"},"south":{"uv":[8.5,6.25,10,6.75],"texture":"#main"},"north":{"uv":[6.25,6.25,7.75,6.75],"texture":"#main"},"west":{"uv":[7.75,6.25,8.5,6.75],"texture":"#main"},"up":{"uv":[7.75,6.25,6.25,5.5],"texture":"#main"},"down":{"uv":[9.25,5.5,7.75,6.25],"texture":"#main"}}},{"rotation":{"origin":[11,7,14],"angle":0,"axis":"y"},"from":[11,-1,4],"to":[12,0,7],"faces":{"east":{"uv":[0,9.75,0.75,10],"texture":"#main"},"south":{"uv":[1.75,9.75,2,10],"texture":"#main"},"north":{"uv":[0.75,9.75,1,10],"texture":"#main"},"west":{"uv":[1,9.75,1.75,10],"texture":"#main"},"up":{"uv":[1,9.75,0.75,9],"texture":"#main"},"down":{"uv":[1.25,9,1,9.75],"texture":"#main"}}},{"rotation":{"origin":[4,7,14],"angle":0,"axis":"y"},"from":[4,-1,4],"to":[5,0,7],"faces":{"east":{"uv":[2.75,9,3.5,9.25],"texture":"#main"},"south":{"uv":[4.5,9,4.75,9.25],"texture":"#main"},"north":{"uv":[3.5,9,3.75,9.25],"texture":"#main"},"west":{"uv":[3.75,9,4.5,9.25],"texture":"#main"},"up":{"uv":[3.75,9,3.5,8.25],"texture":"#main"},"down":{"uv":[4,8.25,3.75,9],"texture":"#main"}}},{"rotation":{"origin":[6,7,14],"angle":0,"axis":"y"},"from":[6,-1,4],"to":[7,0,6],"faces":{"east":{"uv":[6,7.25,6.5,7.5],"texture":"#main"},"south":{"uv":[7.25,7.25,7.5,7.5],"texture":"#main"},"north":{"uv":[6.5,7.25,6.75,7.5],"texture":"#main"},"west":{"uv":[6.75,7.25,7.25,7.5],"texture":"#main"},"up":{"uv":[6.75,7.25,6.5,6.75],"texture":"#main"},"down":{"uv":[7,6.75,6.75,7.25],"texture":"#main"}}},{"rotation":{"origin":[9,7,14],"angle":0,"axis":"y"},"from":[9,-1,4],"to":[10,0,6],"faces":{"east":{"uv":[0,2.25,0.5,2.5],"texture":"#main"},"south":{"uv":[1.25,2.25,1.5,2.5],"texture":"#main"},"north":{"uv":[0.5,2.25,0.75,2.5],"texture":"#main"},"west":{"uv":[0.75,2.25,1.25,2.5],"texture":"#main"},"up":{"uv":[0.75,2.25,0.5,1.75],"texture":"#main"},"down":{"uv":[1,1.75,0.75,2.25],"texture":"#main"}}},{"rotation":{"origin":[6,9,16],"angle":22.5,"axis":"z"},"from":[0,11,6],"to":[5,12,9],"faces":{"east":{"uv":[7.5,1.75,8.25,2],"texture":"#main"},"south":{"uv":[10.25,1.75,11.5,2],"texture":"#main"},"north":{"uv":[8.25,1.75,9.5,2],"texture":"#main"},"west":{"uv":[9.5,1.75,10.25,2],"texture":"#main"},"up":{"uv":[9.5,1.75,8.25,1],"texture":"#main"},"down":{"uv":[10.75,1,9.5,1.75],"texture":"#main"}}},{"rotation":{"origin":[10,9,16],"angle":-22.5,"axis":"z"},"from":[11,11,6],"to":[16,12,9],"faces":{"east":{"uv":[7.5,0.75,8.25,1],"texture":"#main"},"south":{"uv":[10.25,0.75,11.5,1],"texture":"#main"},"north":{"uv":[8.25,0.75,9.5,1],"texture":"#main"},"west":{"uv":[9.5,0.75,10.25,1],"texture":"#main"},"up":{"uv":[9.5,0.75,8.25,0],"texture":"#main"},"down":{"uv":[10.75,0,9.5,0.75],"texture":"#main"}}}],"display":{"head":{"translation":[0,-34,0]}}}