{"credit":"Made with Blockbench","texture_size":[64,64],"textures":{"particle":"pokemon/lumineon","main":"pokemon/lumineon"},"elements":[{"from":[6,3,2],"to":[10,12,15],"faces":{"north":{"uv":[1,7.5,2,9.75],"texture":"#main"},"east":{"uv":[0,0,3.25,2.25],"texture":"#main"},"south":{"uv":[7.5,7,8.5,9.25],"texture":"#main"},"west":{"uv":[0,2.25,3.25,4.5],"texture":"#main"},"up":{"uv":[7.5,10.25,6.5,7],"texture":"#main"},"down":{"uv":[1,7.5,0,10.75],"texture":"#main"}}},{"from":[7,8,14],"to":[9,10,21],"rotation":{"angle":-22.5,"axis":"x","origin":[8,8,21.5]},"faces":{"north":{"uv":[9,5,9.5,5.5],"texture":"#main"},"east":{"uv":[8.5,7,10.25,7.5],"texture":"#main"},"south":{"uv":[5.25,9,5.75,9.5],"texture":"#main"},"west":{"uv":[8.5,7.5,10.25,8],"texture":"#main"},"up":{"uv":[3.5,9.75,3,8],"texture":"#main"},"down":{"uv":[4,8,3.5,9.75],"texture":"#main"}}},{"from":[5,8,7],"to":[6,15,13],"rotation":{"angle":45,"axis":"x","origin":[5.5,9.5,10.5]},"faces":{"north":{"uv":[4,8,4.25,9.75],"texture":"#main"},"east":{"uv":[7.25,0,8.75,1.75],"texture":"#main"},"south":{"uv":[8.5,8.5,8.75,10.25],"texture":"#main"},"west":{"uv":[7.5,1.75,9,3.5],"texture":"#main"},"up":{"uv":[9.25,1.5,9,0],"texture":"#main"},"down":{"uv":[9.25,1.5,9,3],"texture":"#main"}}},{"from":[5.5,5.7,11],"to":[5.5,17.7,19],"rotation":{"angle":0,"axis":"y","origin":[5.5,12.2,14.5]},"faces":{"north":{"uv":[0,0,0,3],"texture":"#main"},"east":{"uv":[3.25,0,5.25,3],"texture":"#main"},"south":{"uv":[0,0,0,3],"texture":"#main"},"west":{"uv":[3.25,3,5.25,6],"texture":"#main"},"up":{"uv":[0,2,0,0],"texture":"#main"},"down":{"uv":[0,0,0,2],"texture":"#main"}}},{"from":[5.75,1.7,8],"to":[5.75,9.7,17],"rotation":{"angle":0,"axis":"y","origin":[5.5,9.5,10.5]},"faces":{"north":{"uv":[0,0,0,2],"texture":"#main"},"east":{"uv":[5.25,3,7.5,5],"texture":"#main"},"south":{"uv":[0,0,0,2],"texture":"#main"},"west":{"uv":[5.25,5,7.5,7],"texture":"#main"},"up":{"uv":[0,2.25,0,0],"texture":"#main"},"down":{"uv":[0,0,0,2.25],"texture":"#main"}}},{"from":[10.25,1.7,8],"to":[10.25,9.7,17],"rotation":{"angle":0,"axis":"y","origin":[10.5,9.5,10.5]},"faces":{"north":{"uv":[0,0,0,2],"texture":"#main"},"east":{"uv":[7.5,5,5.25,7],"texture":"#main"},"south":{"uv":[0,0,0,2],"texture":"#main"},"west":{"uv":[7.5,3,5.25,5],"texture":"#main"},"up":{"uv":[0,2.25,0,0],"texture":"#main"},"down":{"uv":[0,0,0,2.25],"texture":"#main"}}},{"from":[10,8,7],"to":[11,15,13],"rotation":{"angle":45,"axis":"x","origin":[10.5,9.5,10.5]},"faces":{"north":{"uv":[8.75,0,9,1.75],"texture":"#main"},"east":{"uv":[7.5,3.5,9,5.25],"texture":"#main"},"south":{"uv":[8.75,8.5,9,10.25],"texture":"#main"},"west":{"uv":[7.5,5.25,9,7],"texture":"#main"},"up":{"uv":[9.25,4.5,9,3],"texture":"#main"},"down":{"uv":[4.5,9,4.25,10.5],"texture":"#main"}}},{"from":[10.5,5.7,11],"to":[10.5,17.7,19],"rotation":{"angle":0,"axis":"y","origin":[10.5,12.2,14.5]},"faces":{"north":{"uv":[0,0,0,3],"texture":"#main"},"east":{"uv":[0,4.5,2,7.5],"texture":"#main"},"south":{"uv":[0,0,0,3],"texture":"#main"},"west":{"uv":[5.25,0,7.25,3],"texture":"#main"},"up":{"uv":[0,2,0,0],"texture":"#main"},"down":{"uv":[0,0,0,2],"texture":"#main"}}},{"from":[6.5,0,4],"to":[7.5,2,7],"rotation":{"angle":-22.5,"axis":"z","origin":[9.5,1.5,5]},"faces":{"north":{"uv":[7.25,2.5,7.5,3],"texture":"#main"},"east":{"uv":[4.25,6,5,6.5],"texture":"#main"},"south":{"uv":[9,8.5,9.25,9],"texture":"#main"},"west":{"uv":[4.25,6.5,5,7],"texture":"#main"},"up":{"uv":[5.25,6.75,5,6],"texture":"#main"},"down":{"uv":[7.5,1.75,7.25,2.5],"texture":"#main"}}},{"from":[8.5,0,4],"to":[9.5,2,7],"rotation":{"angle":22.5,"axis":"z","origin":[6.5,1.5,5]},"faces":{"north":{"uv":[9,9,9.25,9.5],"texture":"#main"},"east":{"uv":[4.5,9,5.25,9.5],"texture":"#main"},"south":{"uv":[9.25,0,9.5,0.5],"texture":"#main"},"west":{"uv":[9,4.5,9.75,5],"texture":"#main"},"up":{"uv":[9.25,6.75,9,6],"texture":"#main"},"down":{"uv":[6.5,9,6.25,9.75],"texture":"#main"}}},{"from":[5.5,6,1],"to":[10.5,8,3],"rotation":{"angle":0,"axis":"y","origin":[-0.5,0,0]},"faces":{"north":{"uv":[2,4.5,3.25,5],"texture":"#main"},"east":{"uv":[9,5.5,9.5,6],"texture":"#main"},"south":{"uv":[2,5,3.25,5.5],"texture":"#main"},"west":{"uv":[5.75,9,6.25,9.5],"texture":"#main"},"up":{"uv":[3.25,6,2,5.5],"texture":"#main"},"down":{"uv":[9.75,8,8.5,8.5],"texture":"#main"}}}],"display":{"head":{"translation":[0.25,-27.5,-1.5],"scale":[1.65,1.65,1.65]}},"groups":[{"name":"root","origin":[8,8,8],"color":0,"children":[0,1,2,3,4,5,6,7,8,9,10]}]}