{"parent":"physical_parent","textures":{"main":"pokemon/magby"},"texture_size":[128,128],"elements":[{"rotation":{"origin":[10.51134,1.00526,7.48341],"angle":-22.5,"axis":"y"},"from":[10,0,5],"to":[13,2,10],"faces":{"east":{"uv":[6,5.75,6.625,6],"texture":"#main"},"south":{"uv":[7.625,5.75,8,6],"texture":"#main"},"north":{"uv":[6.625,5.75,7,6],"texture":"#main"},"west":{"uv":[7,5.75,7.625,6],"texture":"#main"},"up":{"uv":[7,5.75,6.625,5.125],"texture":"#main"},"down":{"uv":[7.375,5.125,7,5.75],"texture":"#main"}}},{"rotation":{"origin":[5.48866,1.00526,7.48341],"angle":22.5,"axis":"y"},"from":[3,0,5],"to":[6,2,10],"faces":{"east":{"uv":[4,5.75,4.625,6],"texture":"#main"},"south":{"uv":[5.625,5.75,6,6],"texture":"#main"},"north":{"uv":[4.625,5.75,5,6],"texture":"#main"},"west":{"uv":[5,5.75,5.625,6],"texture":"#main"},"up":{"uv":[5,5.75,4.625,5.125],"texture":"#main"},"down":{"uv":[5.375,5.125,5,5.75],"texture":"#main"}}},{"rotation":{"origin":[5.48866,1.00526,7.48341],"angle":22.5,"axis":"y"},"from":[3,2,7],"to":[6,3,10],"faces":{"east":{"uv":[3,6.5,3.375,6.625],"texture":"#main"},"south":{"uv":[4.125,6.5,4.5,6.625],"texture":"#main"},"north":{"uv":[3.375,6.5,3.75,6.625],"texture":"#main"},"west":{"uv":[3.75,6.5,4.125,6.625],"texture":"#main"},"up":{"uv":[3.75,6.5,3.375,6.125],"texture":"#main"},"down":{"uv":[4.125,6.125,3.75,6.5],"texture":"#main"}}},{"rotation":{"origin":[10.51134,1.00526,7.48341],"angle":-22.5,"axis":"y"},"from":[10,2,7],"to":[13,3,10],"faces":{"east":{"uv":[1.5,6.5,1.875,6.625],"texture":"#main"},"south":{"uv":[2.625,6.5,3,6.625],"texture":"#main"},"north":{"uv":[1.875,6.5,2.25,6.625],"texture":"#main"},"west":{"uv":[2.25,6.5,2.625,6.625],"texture":"#main"},"up":{"uv":[2.25,6.5,1.875,6.125],"texture":"#main"},"down":{"uv":[2.625,6.125,2.25,6.5],"texture":"#main"}}},{"rotation":{"origin":[5.48866,1.00526,7.48341],"angle":22.5,"axis":"y"},"from":[2,3,6],"to":[6,7,10],"faces":{"east":{"uv":[0,5.625,0.5,6.125],"texture":"#main"},"south":{"uv":[1.5,5.625,2,6.125],"texture":"#main"},"north":{"uv":[0.5,5.625,1,6.125],"texture":"#main"},"west":{"uv":[1,5.625,1.5,6.125],"texture":"#main"},"up":{"uv":[1,5.625,0.5,5.125],"texture":"#main"},"down":{"uv":[1.5,5.125,1,5.625],"texture":"#main"}}},{"rotation":{"origin":[10.51134,1.00526,7.48341],"angle":-22.5,"axis":"y"},"from":[10,3,6],"to":[14,7,10],"faces":{"east":{"uv":[6.5,4.625,7,5.125],"texture":"#main"},"south":{"uv":[8,4.625,8.5,5.125],"texture":"#main"},"north":{"uv":[7,4.625,7.5,5.125],"texture":"#main"},"west":{"uv":[7.5,4.625,8,5.125],"texture":"#main"},"up":{"uv":[7.5,4.625,7,4.125],"texture":"#main"},"down":{"uv":[8,4.125,7.5,4.625],"texture":"#main"}}},{"from":[4,4,6],"to":[12,9,12],"faces":{"east":{"uv":[4,0.75,4.75,1.375],"texture":"#main"},"south":{"uv":[6.5,0.75,7.5,1.375],"texture":"#main"},"north":{"uv":[4.75,0.75,5.75,1.375],"texture":"#main"},"west":{"uv":[5.75,0.75,6.5,1.375],"texture":"#main"},"up":{"uv":[5.75,0.75,4.75,0],"texture":"#main"},"down":{"uv":[6.75,0,5.75,0.75],"texture":"#main"}}},{"from":[6,4,12],"to":[10,8,16],"faces":{"east":{"uv":[2.25,4.625,2.75,5.125],"texture":"#main"},"south":{"uv":[3.75,4.625,4.25,5.125],"texture":"#main"},"north":{"uv":[2.75,4.625,3.25,5.125],"texture":"#main"},"west":{"uv":[3.25,4.625,3.75,5.125],"texture":"#main"},"up":{"uv":[3.25,4.625,2.75,4.125],"texture":"#main"},"down":{"uv":[3.75,4.125,3.25,4.625],"texture":"#main"}}},{"rotation":{"origin":[8.02182,5.98168,18.49647],"angle":-22.5,"axis":"x"},"from":[6.5,6,15],"to":[9.5,9,20],"faces":{"east":{"uv":[2,5.75,2.625,6.125],"texture":"#main"},"south":{"uv":[3.625,5.75,4,6.125],"texture":"#main"},"north":{"uv":[2.625,5.75,3,6.125],"texture":"#main"},"west":{"uv":[3,5.75,3.625,6.125],"texture":"#main"},"up":{"uv":[3,5.75,2.625,5.125],"texture":"#main"},"down":{"uv":[3.375,5.125,3,5.75],"texture":"#main"}}},{"from":[4,4,5],"to":[12,10,6],"faces":{"east":{"uv":[0,4.25,0.125,5],"texture":"#main"},"south":{"uv":[1.25,4.25,2.25,5],"texture":"#main"},"north":{"uv":[0.125,4.25,1.125,5],"texture":"#main"},"west":{"uv":[1.125,4.25,1.25,5],"texture":"#main"},"up":{"uv":[1.125,4.25,0.125,4.125],"texture":"#main"},"down":{"uv":[2.125,4.125,1.125,4.25],"texture":"#main"}}},{"from":[4,9,6],"to":[12,14,11],"faces":{"east":{"uv":[7.5,0.625,8.125,1.25],"texture":"#main"},"south":{"uv":[9.75,0.625,10.75,1.25],"texture":"#main"},"north":{"uv":[8.125,0.625,9.125,1.25],"texture":"#main"},"west":{"uv":[9.125,0.625,9.75,1.25],"texture":"#main"},"up":{"uv":[9.125,0.625,8.125,0],"texture":"#main"},"down":{"uv":[10.125,0,9.125,0.625],"texture":"#main"}}},{"from":[6,14,6],"to":[10,15,11],"faces":{"east":{"uv":[4.25,4.75,4.875,4.875],"texture":"#main"},"south":{"uv":[6,4.75,6.5,4.875],"texture":"#main"},"north":{"uv":[4.875,4.75,5.375,4.875],"texture":"#main"},"west":{"uv":[5.375,4.75,6,4.875],"texture":"#main"},"up":{"uv":[5.375,4.75,4.875,4.125],"texture":"#main"},"down":{"uv":[5.875,4.125,5.375,4.75],"texture":"#main"}}},{"name":"head","from":[4,15,4.5],"to":[12,22,12.5],"faces":{"east":{"uv":[0,1,1,1.875],"texture":"#main"},"south":{"uv":[3,1,4,1.875],"texture":"#main"},"north":{"uv":[0,6.875,2,8.625],"texture":"#main"},"west":{"uv":[2,1,3,1.875],"texture":"#main"},"up":{"uv":[2,1,1,0],"texture":"#main"},"down":{"uv":[3,0,2,1],"texture":"#main"}}},{"rotation":{"origin":[4.97077,22.49864,5.78059],"angle":45,"axis":"y"},"from":[1.75,20.5,4],"to":[6.75,24.5,8],"faces":{"east":{"uv":[2.5,3.625,3.125,4.125],"texture":"#main"},"south":{"uv":[4.375,3.625,5,4.125],"texture":"#main"},"north":{"uv":[3.125,3.625,3.75,4.125],"texture":"#main"},"west":{"uv":[3.75,3.625,4.375,4.125],"texture":"#main"},"up":{"uv":[3.75,3.625,3.125,3],"texture":"#main"},"down":{"uv":[4.375,3,3.75,3.625],"texture":"#main"}}},{"rotation":{"origin":[4.98256,21.48861,11.52882],"angle":45,"axis":"y"},"from":[3.25,19.5,8.5],"to":[7.25,23.5,13.5],"faces":{"east":{"uv":[5,2.5,5.625,3],"texture":"#main"},"south":{"uv":[6.875,2.5,7.5,3],"texture":"#main"},"north":{"uv":[5.625,2.5,6.25,3],"texture":"#main"},"west":{"uv":[6.25,2.5,6.875,3],"texture":"#main"},"up":{"uv":[6.25,2.5,5.625,1.875],"texture":"#main"},"down":{"uv":[6.875,1.875,6.25,2.5],"texture":"#main"}}},{"rotation":{"origin":[7.97535,22.74843,7.90122],"angle":0,"axis":"x"},"from":[5.5,18.5,11],"to":[10.5,22.5,16],"faces":{"east":{"uv":[0,2.5,0.625,3],"texture":"#main"},"south":{"uv":[1.875,2.5,2.5,3],"texture":"#main"},"north":{"uv":[0.625,2.5,1.25,3],"texture":"#main"},"west":{"uv":[1.25,2.5,1.875,3],"texture":"#main"},"up":{"uv":[1.25,2.5,0.625,1.875],"texture":"#main"},"down":{"uv":[1.875,1.875,1.25,2.5],"texture":"#main"}}},{"rotation":{"origin":[10.97076,22.50913,5.77013],"angle":-45,"axis":"y"},"from":[9.25,20.5,3.75],"to":[14.25,24.5,7.75],"faces":{"east":{"uv":[0,3.625,0.625,4.125],"texture":"#main"},"south":{"uv":[1.875,3.625,2.5,4.125],"texture":"#main"},"north":{"uv":[0.625,3.625,1.25,4.125],"texture":"#main"},"west":{"uv":[1.25,3.625,1.875,4.125],"texture":"#main"},"up":{"uv":[1.25,3.625,0.625,3],"texture":"#main"},"down":{"uv":[1.875,3,1.25,3.625],"texture":"#main"}}},{"rotation":{"origin":[10.98254,21.4991,11.51837],"angle":45,"axis":"y"},"from":[9,19.5,9.25],"to":[14,23.5,13.25],"faces":{"east":{"uv":[2.5,2.5,3.125,3],"texture":"#main"},"south":{"uv":[4.375,2.5,5,3],"texture":"#main"},"north":{"uv":[3.125,2.5,3.75,3],"texture":"#main"},"west":{"uv":[3.75,2.5,4.375,3],"texture":"#main"},"up":{"uv":[3.75,2.5,3.125,1.875],"texture":"#main"},"down":{"uv":[4.375,1.875,3.75,2.5],"texture":"#main"}}},{"from":[6,15,2.5],"to":[10,18,4.5],"faces":{"east":{"uv":[0,6.375,0.25,6.75],"texture":"#main"},"south":{"uv":[1,6.375,1.5,6.75],"texture":"#main"},"north":{"uv":[2.125,6.875,3.125,7.625],"texture":"#main"},"west":{"uv":[0.75,6.375,1,6.75],"texture":"#main"},"up":{"uv":[0.75,6.375,0.25,6.125],"texture":"#main"},"down":{"uv":[1.25,6.125,0.75,6.375],"texture":"#main"}}},{"rotation":{"origin":[0.49304,12.486,8.52093],"angle":22.5,"axis":"z"},"from":[-2.5,9.25,7],"to":[4.5,12.25,10],"faces":{"east":{"uv":[7.5,3.375,7.875,3.75],"texture":"#main"},"south":{"uv":[9.125,3.375,10,3.75],"texture":"#main"},"north":{"uv":[7.875,3.375,8.75,3.75],"texture":"#main"},"west":{"uv":[8.75,3.375,9.125,3.75],"texture":"#main"},"up":{"uv":[8.75,3.375,7.875,3],"texture":"#main"},"down":{"uv":[9.625,3,8.75,3.375],"texture":"#main"}}},{"rotation":{"origin":[15.50696,12.486,8.52093],"angle":-22.5,"axis":"z"},"from":[11.5,9.25,7],"to":[18.5,12.25,10],"faces":{"east":{"uv":[5,3.375,5.375,3.75],"texture":"#main"},"south":{"uv":[6.625,3.375,7.5,3.75],"texture":"#main"},"north":{"uv":[5.375,3.375,6.25,3.75],"texture":"#main"},"west":{"uv":[6.25,3.375,6.625,3.75],"texture":"#main"},"up":{"uv":[6.25,3.375,5.375,3],"texture":"#main"},"down":{"uv":[7.125,3,6.25,3.375],"texture":"#main"}}}],"display":{"head":{"translation":[0,-34.75,0],"scale":[1.01875,1.01875,1.01875]}},"credit":"Made with Blockbench"}