{"credit":"Made with Blockbench","parent":"physical_parent","texture_size":[32,32],"textures":{"main":"pokemon/medicham","particle":"pokemon/medicham"},"elements":[{"from":[3.5,2,6],"to":[7.5,8,10],"rotation":{"angle":0,"axis":"y","origin":[-0.5,9,16]},"faces":{"north":{"uv":[7.5,5,9.5,8],"texture":"#main"},"east":{"uv":[7.5,8,9.5,11],"texture":"#main"},"south":{"uv":[0,8.5,2,11.5],"texture":"#main"},"west":{"uv":[2,8.5,4,11.5],"texture":"#main"},"up":{"uv":[6,12,4,10],"texture":"#main"},"down":{"uv":[13,4,11,6],"texture":"#main"}}},{"from":[6,3,6.5],"to":[10,10,9.5],"rotation":{"angle":0,"axis":"y","origin":[16,9,15.5]},"faces":{"north":{"uv":[0,0,2,3.5],"texture":"#main"},"east":{"uv":[9.5,5,11,8.5],"texture":"#main"},"south":{"uv":[2,0,4,3.5],"texture":"#main"},"west":{"uv":[9.5,8.5,11,12],"texture":"#main"},"up":{"uv":[8,12.5,6,11],"texture":"#main"},"down":{"uv":[13,6,11,7.5],"texture":"#main"}}},{"from":[6.5,10,7],"to":[9.5,13,9],"rotation":{"angle":0,"axis":"y","origin":[15.5,12,15]},"faces":{"north":{"uv":[11,7.5,12.5,9],"texture":"#main"},"east":{"uv":[4,8.5,5,10],"texture":"#main"},"south":{"uv":[8,11,9.5,12.5],"texture":"#main"},"west":{"uv":[11,11,12,12.5],"texture":"#main"},"up":{"uv":[7.5,11,6,10],"texture":"#main"},"down":{"uv":[1.5,11.5,0,12.5],"texture":"#main"}}},{"from":[2.5,11,4.5],"to":[7.5,11,8.5],"rotation":{"angle":22.5,"axis":"z","origin":[5,11.5,8]},"faces":{"north":{"uv":[0,0,2.5,0],"texture":"#main"},"east":{"uv":[0,0,2,0],"texture":"#main"},"south":{"uv":[0,0,2.5,0],"texture":"#main"},"west":{"uv":[0,0,2,0],"texture":"#main"},"up":{"uv":[11.5,2,9,0],"texture":"#main"},"down":{"uv":[12.5,2,10,4],"texture":"#main"}}},{"from":[5.5,13,5.5],"to":[10.5,18,10.5],"rotation":{"angle":0,"axis":"y","origin":[14.5,14,15.5]},"faces":{"north":{"uv":[0,3.5,2.5,6],"texture":"#main"},"east":{"uv":[2.5,3.5,5,6],"texture":"#main"},"south":{"uv":[4,0,6.5,2.5],"texture":"#main"},"west":{"uv":[5,2.5,7.5,5],"texture":"#main"},"up":{"uv":[7.5,7.5,5,5],"texture":"#main"},"down":{"uv":[2.5,6,0,8.5],"texture":"#main"}}},{"from":[3.13194,8.09496,5.5],"to":[3.13194,13.09496,10.5],"rotation":{"angle":-22.5,"axis":"z","origin":[14.13194,9.09496,15.5]},"faces":{"north":{"uv":[0,0,0,2.5],"texture":"#main"},"east":{"uv":[2.5,6,5,8.5],"texture":"#main"},"south":{"uv":[0,0,0,2.5],"texture":"#main"},"west":{"uv":[6.5,0,9,2.5],"texture":"#main"},"up":{"uv":[0,2.5,0,0],"texture":"#main"},"down":{"uv":[0,0,0,2.5],"texture":"#main"}}},{"from":[5.5,16.76777,11.26777],"to":[10.5,21.76777,11.26777],"rotation":{"angle":45,"axis":"x","origin":[8,19.76777,11.26777]},"faces":{"north":{"uv":[7.5,2.5,10,5],"texture":"#main"},"east":{"uv":[0,0,0,2.5],"texture":"#main"},"south":{"uv":[5,7.5,7.5,10],"texture":"#main"},"west":{"uv":[0,0,0,2.5],"texture":"#main"},"up":{"uv":[2.5,0,0,0],"texture":"#main"},"down":{"uv":[2.5,0,0,0],"texture":"#main"}}},{"from":[3.5,0,8],"to":[7.5,2,8],"rotation":{"angle":0,"axis":"y","origin":[-0.5,8,16]},"faces":{"north":{"uv":[11,9,13,10],"texture":"#main"},"east":{"uv":[0,0,0,1],"texture":"#main"},"south":{"uv":[11,10,13,11],"texture":"#main"},"west":{"uv":[0,0,0,1],"texture":"#main"},"up":{"uv":[2,0,0,0],"texture":"#main"},"down":{"uv":[2,0,0,0],"texture":"#main"}}},{"from":[12.86806,8.09496,5.5],"to":[12.86806,13.09496,10.5],"rotation":{"angle":22.5,"axis":"z","origin":[1.86806,9.09496,15.5]},"faces":{"north":{"uv":[0,0,0,2.5],"texture":"#main"},"east":{"uv":[9,0,6.5,2.5],"texture":"#main"},"south":{"uv":[0,0,0,2.5],"texture":"#main"},"west":{"uv":[5,6,2.5,8.5],"texture":"#main"},"up":{"uv":[0,2.5,0,0],"texture":"#main"},"down":{"uv":[0,0,0,2.5],"texture":"#main"}}},{"from":[8.5,11,4.5],"to":[13.5,11,8.5],"rotation":{"angle":-22.5,"axis":"z","origin":[11,11.5,8]},"faces":{"north":{"uv":[2.5,0,0,0],"texture":"#main"},"east":{"uv":[2,0,0,0],"texture":"#main"},"south":{"uv":[2.5,0,0,0],"texture":"#main"},"west":{"uv":[2,0,0,0],"texture":"#main"},"up":{"uv":[9,2,11.5,0],"texture":"#main"},"down":{"uv":[10,2,12.5,4],"texture":"#main"}}},{"from":[8.5,2,6],"to":[12.5,8,10],"rotation":{"angle":0,"axis":"y","origin":[16.5,9,16]},"faces":{"north":{"uv":[9.5,5,7.5,8],"texture":"#main"},"east":{"uv":[4,8.5,2,11.5],"texture":"#main"},"south":{"uv":[2,8.5,0,11.5],"texture":"#main"},"west":{"uv":[9.5,8,7.5,11],"texture":"#main"},"up":{"uv":[4,12,6,10],"texture":"#main"},"down":{"uv":[11,4,13,6],"texture":"#main"}}},{"from":[8.5,0,8],"to":[12.5,2,8],"rotation":{"angle":0,"axis":"y","origin":[16.5,8,16]},"faces":{"north":{"uv":[13,9,11,10],"texture":"#main"},"east":{"uv":[0,0,0,1],"texture":"#main"},"south":{"uv":[13,10,11,11],"texture":"#main"},"west":{"uv":[0,0,0,1],"texture":"#main"},"up":{"uv":[0,0,2,0],"texture":"#main"},"down":{"uv":[0,0,2,0],"texture":"#main"}}}],"display":{"head":{"translation":[0,-28.5,0],"scale":[1.8,1.8,1.8]}}}