{"parent":"physical_parent","textures":{"main":"pokemon/metang"},"texture_size":[64,64],"elements":[{"rotation":{"origin":[0,8,0],"angle":0,"axis":"y"},"from":[1,13,1],"to":[15,22,15],"faces":{"east":{"uv":[8,0,11.5,2.25],"texture":"#main"},"south":{"uv":[8,2.25,11.5,4.5],"texture":"#main"},"north":{"uv":[4.5,7,8,9.25],"texture":"#main"},"west":{"uv":[8,4.5,11.5,6.75],"texture":"#main"},"up":{"uv":[8,3.5,4.5,0],"texture":"#main"},"down":{"uv":[8,3.5,4.5,7],"texture":"#main"}}},{"rotation":{"origin":[0,8,1],"angle":0,"axis":"y"},"from":[8,16,-6],"to":[8,22,2],"faces":{"east":{"uv":[10,9.5,12,11],"texture":"#main"},"south":{"uv":[0,0,0,1.5],"texture":"#main"},"north":{"uv":[0,0,0,1.5],"texture":"#main"},"west":{"uv":[10.5,6.75,12.5,8.25],"texture":"#main"},"up":{"uv":[0,2,0,0],"texture":"#main"},"down":{"uv":[0,0,0,2],"texture":"#main"}}},{"rotation":{"origin":[-3,19,5],"angle":-22.5,"axis":"z"},"from":[-6,17,9],"to":[2,23,9],"faces":{"east":{"uv":[0,0,0,1.5],"texture":"#main"},"south":{"uv":[10.5,6.75,12.5,8.25],"texture":"#main"},"north":{"uv":[10,9.5,12,11],"texture":"#main"},"west":{"uv":[0,0,0,1.5],"texture":"#main"},"up":{"uv":[0,2,0,0],"texture":"#main","rotation":270},"down":{"uv":[0,0,0,2],"texture":"#main","rotation":90}}},{"rotation":{"origin":[19,19,5],"angle":22.5,"axis":"z"},"from":[14,17,9],"to":[22,23,9],"faces":{"east":{"uv":[0,0,0,1.5],"texture":"#main"},"south":{"uv":[12.5,6.75,10.5,8.25],"texture":"#main"},"north":{"uv":[12,9.5,10,11],"texture":"#main"},"west":{"uv":[0,0,0,1.5],"texture":"#main"},"up":{"uv":[0,0,0,2],"texture":"#main","rotation":270},"down":{"uv":[0,2,0,0],"texture":"#main","rotation":90}}},{"rotation":{"origin":[-3,19,5],"angle":-22.5,"axis":"z"},"from":[-6,17,9],"to":[2,23,9],"faces":{"east":{"uv":[0,0,0,1.5],"texture":"#main"},"south":{"uv":[10.5,6.75,12.5,8.25],"texture":"#main"},"north":{"uv":[10,9.5,12,11],"texture":"#main"},"west":{"uv":[0,0,0,1.5],"texture":"#main"},"up":{"uv":[0,2,0,0],"texture":"#main","rotation":270},"down":{"uv":[0,0,0,2],"texture":"#main","rotation":90}}},{"rotation":{"origin":[-2,19,5],"angle":-22.5,"axis":"z"},"from":[-5,17,12],"to":[3,23,12],"faces":{"east":{"uv":[0,0,0,1.5],"texture":"#main"},"south":{"uv":[10.5,6.75,12.5,8.25],"texture":"#main"},"north":{"uv":[10,9.5,12,11],"texture":"#main"},"west":{"uv":[0,0,0,1.5],"texture":"#main"},"up":{"uv":[0,2,0,0],"texture":"#main","rotation":270},"down":{"uv":[0,0,0,2],"texture":"#main","rotation":90}}},{"rotation":{"origin":[-2,19,5],"angle":-22.5,"axis":"z"},"from":[-5,17,12],"to":[3,23,12],"faces":{"east":{"uv":[0,0,0,1.5],"texture":"#main"},"south":{"uv":[10.5,6.75,12.5,8.25],"texture":"#main"},"north":{"uv":[10,9.5,12,11],"texture":"#main"},"west":{"uv":[0,0,0,1.5],"texture":"#main"},"up":{"uv":[0,2,0,0],"texture":"#main","rotation":270},"down":{"uv":[0,0,0,2],"texture":"#main","rotation":90}}},{"rotation":{"origin":[10,3,-4],"angle":0,"axis":"y"},"from":[-8,6,5],"to":[-2,14,11],"faces":{"east":{"uv":[11.5,0,13,2],"texture":"#main"},"south":{"uv":[11.5,2,13,4],"texture":"#main"},"north":{"uv":[10,11,11.5,13],"texture":"#main"},"west":{"uv":[11.5,4,13,6],"texture":"#main"},"up":{"uv":[8,13,6.5,11.5],"texture":"#main"},"down":{"uv":[9.5,11.5,8,13],"texture":"#main"}}},{"rotation":{"origin":[6,3,-4],"angle":0,"axis":"y"},"from":[18,6,5],"to":[24,14,11],"faces":{"east":{"uv":[13,4,11.5,6],"texture":"#main"},"south":{"uv":[13,2,11.5,4],"texture":"#main"},"north":{"uv":[11.5,11,10,13],"texture":"#main"},"west":{"uv":[13,0,11.5,2],"texture":"#main"},"up":{"uv":[6.5,13,8,11.5],"texture":"#main"},"down":{"uv":[8,11.5,9.5,13],"texture":"#main"}}},{"rotation":{"origin":[10,3,-4],"angle":0,"axis":"y"},"from":[-8,10,8],"to":[2,21,8],"faces":{"east":{"uv":[0,0,0,2.75],"texture":"#main"},"south":{"uv":[0,9,2.5,11.75],"texture":"#main"},"north":{"uv":[8,6.75,10.5,9.5],"texture":"#main"},"west":{"uv":[0,0,0,2.75],"texture":"#main"},"up":{"uv":[2.5,0,0,0],"texture":"#main"},"down":{"uv":[2.5,0,0,0],"texture":"#main"}}},{"rotation":{"origin":[6,3,-4],"angle":0,"axis":"y"},"from":[14,10,8],"to":[24,21,8],"faces":{"east":{"uv":[0,0,0,2.75],"texture":"#main"},"south":{"uv":[2.5,9,0,11.75],"texture":"#main"},"north":{"uv":[10.5,6.75,8,9.5],"texture":"#main"},"west":{"uv":[0,0,0,2.75],"texture":"#main"},"up":{"uv":[0,0,2.5,0],"texture":"#main"},"down":{"uv":[0,0,2.5,0],"texture":"#main"}}},{"rotation":{"origin":[6,3,-4],"angle":0,"axis":"y"},"from":[14,10,8],"to":[24,21,8],"faces":{"east":{"uv":[0,0,0,2.75],"texture":"#main"},"south":{"uv":[2.5,9,0,11.75],"texture":"#main"},"north":{"uv":[10.5,6.75,8,9.5],"texture":"#main"},"west":{"uv":[0,0,0,2.75],"texture":"#main"},"up":{"uv":[0,0,2.5,0],"texture":"#main"},"down":{"uv":[0,0,2.5,0],"texture":"#main"}}},{"rotation":{"origin":[10,3,-4],"angle":0,"axis":"y"},"from":[-4,6,4],"to":[-4,17,12],"faces":{"east":{"uv":[2.5,9,4.5,11.75],"texture":"#main"},"south":{"uv":[0,0,0,2.75],"texture":"#main"},"north":{"uv":[0,0,0,2.75],"texture":"#main"},"west":{"uv":[4.5,9.25,6.5,12],"texture":"#main"},"up":{"uv":[0,2,0,0],"texture":"#main"},"down":{"uv":[0,0,0,2],"texture":"#main"}}},{"rotation":{"origin":[6,3,-4],"angle":0,"axis":"y"},"from":[20,6,4],"to":[20,17,12],"faces":{"east":{"uv":[6.5,9.25,4.5,12],"texture":"#main"},"south":{"uv":[0,0,0,2.75],"texture":"#main"},"north":{"uv":[0,0,0,2.75],"texture":"#main"},"west":{"uv":[4.5,9,2.5,11.75],"texture":"#main"},"up":{"uv":[0,2,0,0],"texture":"#main"},"down":{"uv":[0,0,0,2],"texture":"#main"}}},{"rotation":{"origin":[10,3,-4],"angle":0,"axis":"y"},"from":[-5,0,4],"to":[-5,4,12],"faces":{"east":{"uv":[11.5,11.5,13.5,12.5],"texture":"#main"},"south":{"uv":[0,0,0,1],"texture":"#main"},"north":{"uv":[0,0,0,1],"texture":"#main"},"west":{"uv":[0,11.75,2,12.75],"texture":"#main"},"up":{"uv":[0,2,0,0],"texture":"#main"},"down":{"uv":[0,0,0,2],"texture":"#main"}}},{"rotation":{"origin":[6,3,-4],"angle":0,"axis":"y"},"from":[21,0,4],"to":[21,4,12],"faces":{"east":{"uv":[2,11.75,0,12.75],"texture":"#main"},"south":{"uv":[0,0,0,1],"texture":"#main"},"north":{"uv":[0,0,0,1],"texture":"#main"},"west":{"uv":[13.5,11.5,11.5,12.5],"texture":"#main"},"up":{"uv":[0,2,0,0],"texture":"#main"},"down":{"uv":[0,0,0,2],"texture":"#main"}}},{"rotation":{"origin":[1.5,-1,13],"angle":0,"axis":"y"},"from":[-9.5,0,8],"to":[-1.5,4,8],"faces":{"east":{"uv":[0,0,0,1],"texture":"#main"},"south":{"uv":[4,12,6,13],"texture":"#main"},"north":{"uv":[2,11.75,4,12.75],"texture":"#main"},"west":{"uv":[0,0,0,1],"texture":"#main"},"up":{"uv":[2,0,0,0],"texture":"#main"},"down":{"uv":[2,0,0,0],"texture":"#main"}}},{"rotation":{"origin":[14.5,-1,13],"angle":0,"axis":"y"},"from":[17.5,0,8],"to":[25.5,4,8],"faces":{"east":{"uv":[0,0,0,1],"texture":"#main"},"south":{"uv":[6,12,4,13],"texture":"#main"},"north":{"uv":[4,11.75,2,12.75],"texture":"#main"},"west":{"uv":[0,0,0,1],"texture":"#main"},"up":{"uv":[0,0,2,0],"texture":"#main"},"down":{"uv":[0,0,2,0],"texture":"#main"}}},{"rotation":{"origin":[10,5,-4],"angle":0,"axis":"y"},"from":[-9,4,4],"to":[-2,6,12],"faces":{"east":{"uv":[12,9.25,14,9.75],"texture":"#main"},"south":{"uv":[12.5,6.5,14.25,7],"texture":"#main"},"north":{"uv":[12,10.25,13.75,10.75],"texture":"#main"},"west":{"uv":[12,9.75,14,10.25],"texture":"#main"},"up":{"uv":[8.25,11.5,6.5,9.5],"texture":"#main"},"down":{"uv":[10,9.5,8.25,11.5],"texture":"#main"}}},{"rotation":{"origin":[6,5,-4],"angle":0,"axis":"y"},"from":[18,4,4],"to":[25,6,12],"faces":{"east":{"uv":[14,9.75,12,10.25],"texture":"#main"},"south":{"uv":[14.25,6.5,12.5,7],"texture":"#main"},"north":{"uv":[13.75,10.25,12,10.75],"texture":"#main"},"west":{"uv":[14,9.25,12,9.75],"texture":"#main"},"up":{"uv":[6.5,11.5,8.25,9.5],"texture":"#main"},"down":{"uv":[8.25,9.5,10,11.5],"texture":"#main"}}},{"rotation":{"origin":[0,8,0],"angle":0,"axis":"y"},"from":[-1,15,-1],"to":[17,17,17],"faces":{"east":{"uv":[10.5,8.75,15,9.25],"texture":"#main"},"south":{"uv":[11.5,6,16,6.5],"texture":"#main"},"north":{"uv":[10.5,8.25,15,8.75],"texture":"#main"},"west":{"uv":[11.5,11,16,11.5],"texture":"#main"},"up":{"uv":[4.5,4.5,0,0],"texture":"#main"},"down":{"uv":[4.5,4.5,0,9],"texture":"#main"}}}],"display":{"head":{"translation":[0,-27,0],"scale":[1.6,1.6,1.6]}}}