{"parent":"physical_parent","textures":{"main":"pokemon/noctowl"},"elements":[{"rotation":{"origin":[12,8,12],"angle":0,"axis":"y"},"from":[4,0,4],"to":[12,12,12],"faces":{"east":{"uv":[5.5,6.5,6.5,8],"texture":"#main"},"south":{"uv":[8.5,6.5,9.5,8],"texture":"#main"},"north":{"uv":[6.5,6.5,7.5,8],"texture":"#main"},"west":{"uv":[7.5,6.5,8.5,8],"texture":"#main"},"up":{"uv":[7.5,6.5,6.5,5.5],"texture":"#main"},"down":{"uv":[8.5,5.5,7.5,6.5],"texture":"#main"}}},{"rotation":{"origin":[12,22,12],"angle":0,"axis":"y"},"from":[3.5,14,3.5],"to":[12.5,23,12.5],"faces":{"east":{"uv":[4.5,2.625,5.625,3.75],"texture":"#main"},"south":{"uv":[7.875,2.625,9,3.75],"texture":"#main"},"north":{"uv":[5.625,2.625,6.75,3.75],"texture":"#main"},"west":{"uv":[6.75,2.625,7.875,3.75],"texture":"#main"},"up":{"uv":[6.75,2.625,5.625,1.5],"texture":"#main"},"down":{"uv":[7.875,1.5,6.75,2.625],"texture":"#main"}}},{"rotation":{"origin":[20,8,12],"angle":-22.5,"axis":"z"},"from":[14,-1.499,2.5],"to":[25,-1.499,13.5],"faces":{"north":{"uv":[7.5,0.375,8.875,0.5],"texture":"#main"},"up":{"uv":[5,1.375,3.625,0],"texture":"#main"},"down":{"uv":[9.75,1.375,8.375,0],"texture":"#main"}}},{"rotation":{"origin":[-1,17,21],"angle":0,"axis":"z"},"from":[8.499,7,11.5],"to":[8.499,22,27.5],"faces":{"east":{"uv":[2.125,2,4.125,3.875],"texture":"#main"},"west":{"uv":[4.375,4.25,6.375,6.125],"texture":"#main"}}},{"rotation":{"origin":[-1,17,-2],"angle":0,"axis":"z"},"from":[8.499,7,-11.5],"to":[8.499,22,4.5],"faces":{"east":{"uv":[0,2,2,3.875],"texture":"#main"},"west":{"uv":[2.125,2,4.125,3.875],"texture":"#main"}}},{"rotation":{"origin":[13,22,12],"angle":0,"axis":"y"},"from":[3.601,17,2.5],"to":[3.601,28,13.5],"faces":{"east":{"uv":[3.125,8,4.5,9.375],"texture":"#main"},"south":{"uv":[5,7.75,5.125,9.125],"texture":"#main"},"north":{"uv":[3.875,6.75,4,8.125],"texture":"#main"},"west":{"uv":[3.125,8,4.5,9.375],"texture":"#main"},"up":{"uv":[4,7.75,3.875,6.375],"texture":"#main"},"down":{"uv":[3.625,6.375,3.5,7.75],"texture":"#main"}}},{"rotation":{"origin":[12,22,11],"angle":0,"axis":"y"},"from":[1.5,15,7],"to":[3.5,18,9],"faces":{"east":{"uv":[2.25,1,2.5,1.375],"texture":"#main"},"south":{"uv":[3,1,3.25,1.375],"texture":"#main"},"north":{"uv":[2.5,1,2.75,1.375],"texture":"#main"},"west":{"uv":[2.75,1,3,1.375],"texture":"#main"},"up":{"uv":[2.75,1,2.5,0.75],"texture":"#main"},"down":{"uv":[3,0.75,2.75,1],"texture":"#main"}}},{"rotation":{"origin":[12,8,12],"angle":0,"axis":"y"},"from":[5,-1,5],"to":[11,14,11],"faces":{"east":{"uv":[0,6.125,0.75,8],"texture":"#main"},"south":{"uv":[2.25,6.125,3,8],"texture":"#main"},"north":{"uv":[0.75,6.125,1.5,8],"texture":"#main"},"west":{"uv":[1.5,6.125,2.25,8],"texture":"#main"},"up":{"uv":[1.5,6.125,0.75,5.375],"texture":"#main"},"down":{"uv":[2.25,5.375,1.5,6.125],"texture":"#main"}}},{"rotation":{"origin":[12,8,11],"angle":0,"axis":"y"},"from":[7,-4,4],"to":[9,0,6],"faces":{"east":{"uv":[0,4.125,0.25,4.625],"texture":"#main"},"south":{"uv":[0.75,4.125,1,4.625],"texture":"#main"},"north":{"uv":[0.25,4.125,0.5,4.625],"texture":"#main"},"west":{"uv":[0.5,4.125,0.75,4.625],"texture":"#main"},"up":{"uv":[0.5,4.125,0.25,3.875],"texture":"#main"},"down":{"uv":[0.75,3.875,0.5,4.125],"texture":"#main"}}},{"rotation":{"origin":[12,8,17],"angle":0,"axis":"y"},"from":[7,-4,10],"to":[9,0,12],"faces":{"east":{"uv":[2.25,0.25,2.5,0.75],"texture":"#main"},"south":{"uv":[3,0.25,3.25,0.75],"texture":"#main"},"north":{"uv":[2.5,0.25,2.75,0.75],"texture":"#main"},"west":{"uv":[2.75,0.25,3,0.75],"texture":"#main"},"up":{"uv":[2.75,0.25,2.5,0],"texture":"#main"},"down":{"uv":[3,0,2.75,0.25],"texture":"#main"}}},{"rotation":{"origin":[11.09285,6,17.61521],"angle":0,"axis":"y"},"from":[3.09285,-4,10.61521],"to":[8.09285,-3,11.61521],"faces":{"east":{"uv":[0,1.375,0.125,1.5],"texture":"#main"},"south":{"uv":[0.875,1.375,1.5,1.5],"texture":"#main"},"north":{"uv":[0.125,1.375,0.75,1.5],"texture":"#main"},"west":{"uv":[0.75,1.375,0.875,1.5],"texture":"#main"},"up":{"uv":[0.75,1.375,0.125,1.25],"texture":"#main"},"down":{"uv":[1.375,1.25,0.75,1.375],"texture":"#main"}}},{"rotation":{"origin":[11.09285,6,11.61521],"angle":0,"axis":"y"},"from":[3.09285,-4,4.61521],"to":[8.09285,-3,5.61521],"faces":{"east":{"uv":[0,0.375,0.125,0.5],"texture":"#main"},"south":{"uv":[0.875,0.375,1.5,0.5],"texture":"#main"},"north":{"uv":[0.125,0.375,0.75,0.5],"texture":"#main"},"west":{"uv":[0.75,0.375,0.875,0.5],"texture":"#main"},"up":{"uv":[0.75,0.375,0.125,0.25],"texture":"#main"},"down":{"uv":[1.375,0.25,0.75,0.375],"texture":"#main"}}},{"rotation":{"origin":[9.09285,6,17.61521],"angle":-22.5,"axis":"y"},"from":[1.09285,-4,10.61521],"to":[6.09285,-3,11.61521],"faces":{"east":{"uv":[0,0.875,0.125,1],"texture":"#main"},"south":{"uv":[0.875,0.875,1.5,1],"texture":"#main"},"north":{"uv":[0.125,0.875,0.75,1],"texture":"#main"},"west":{"uv":[0.75,0.875,0.875,1],"texture":"#main"},"up":{"uv":[0.75,0.875,0.125,0.75],"texture":"#main"},"down":{"uv":[1.375,0.75,0.75,0.875],"texture":"#main"}}},{"rotation":{"origin":[9.09285,6,11.61521],"angle":-22.5,"axis":"y"},"from":[1.09285,-4,4.61521],"to":[6.09285,-3,5.61521],"faces":{"east":{"uv":[0,0.625,0.125,0.75],"texture":"#main"},"south":{"uv":[0.875,0.625,1.5,0.75],"texture":"#main"},"north":{"uv":[0.125,0.625,0.75,0.75],"texture":"#main"},"west":{"uv":[0.75,0.625,0.875,0.75],"texture":"#main"},"up":{"uv":[0.75,0.625,0.125,0.5],"texture":"#main"},"down":{"uv":[1.375,0.5,0.75,0.625],"texture":"#main"}}},{"rotation":{"origin":[3.90506,6,20.60474],"angle":22.5,"axis":"y"},"from":[6.90506,-4,13.60474],"to":[11.90506,-3,14.60474],"faces":{"east":{"uv":[0,1.125,0.125,1.25],"texture":"#main"},"south":{"uv":[0.875,1.125,1.5,1.25],"texture":"#main"},"north":{"uv":[0.125,1.125,0.75,1.25],"texture":"#main"},"west":{"uv":[0.75,1.125,0.875,1.25],"texture":"#main"},"up":{"uv":[0.75,1.125,0.125,1],"texture":"#main"},"down":{"uv":[1.375,1,0.75,1.125],"texture":"#main"}}},{"rotation":{"origin":[3.90506,6,14.60474],"angle":22.5,"axis":"y"},"from":[6.90506,-4,7.60474],"to":[11.90506,-3,8.60474],"faces":{"east":{"uv":[0,0.125,0.125,0.25],"texture":"#main"},"south":{"uv":[0.875,0.125,1.5,0.25],"texture":"#main"},"north":{"uv":[0.125,0.125,0.75,0.25],"texture":"#main"},"west":{"uv":[0.75,0.125,0.875,0.25],"texture":"#main"},"up":{"uv":[0.75,0.125,0.125,0],"texture":"#main"},"down":{"uv":[1.375,0,0.75,0.125],"texture":"#main"}}}],"display":{"head":{"rotation":[0,-90,0],"translation":[0,-30.25,0],"scale":[1.07617,1.07617,1.07617]}}}