{"parent":"physical_parent","textures":{"main":"pokemon/nosepass"},"texture_size":[64,64],"elements":[{"rotation":{"origin":[10,8,13.5],"angle":0,"axis":"y"},"from":[4,0,5.5],"to":[7,2,9.5],"faces":{"east":{"uv":[2.75,2,3.75,2.5],"texture":"#main"},"south":{"uv":[2,5.5,2.75,6],"texture":"#main"},"north":{"uv":[4.75,2,5.5,2.5],"texture":"#main"},"west":{"uv":[3.75,2,4.75,2.5],"texture":"#main"},"up":{"uv":[8.25,3,7.5,2],"texture":"#main"},"down":{"uv":[8.25,3,7.5,4],"texture":"#main"}}},{"rotation":{"origin":[5,8,13.5],"angle":0,"axis":"y"},"from":[9,0,5.5],"to":[12,2,9.5],"faces":{"east":{"uv":[5.5,5,6.5,5.5],"texture":"#main"},"south":{"uv":[8,6,8.75,6.5],"texture":"#main"},"north":{"uv":[7.5,7,8.25,7.5],"texture":"#main"},"west":{"uv":[6.5,5,7.5,5.5],"texture":"#main"},"up":{"uv":[8.25,5,7.5,4],"texture":"#main"},"down":{"uv":[8.25,5,7.5,6],"texture":"#main"}}},{"rotation":{"origin":[6.5,10,13.5],"angle":0,"axis":"y"},"from":[2.5,2,3.5],"to":[13.5,16,11.5],"faces":{"east":{"uv":[0,3.5,2,7],"texture":"#main"},"south":{"uv":[2.75,2.75,5.5,6.25],"texture":"#main"},"north":{"uv":[0,0,2.75,3.5],"texture":"#main"},"west":{"uv":[5.5,5.5,7.5,9],"texture":"#main"},"up":{"uv":[5.5,2,2.75,0],"texture":"#main"},"down":{"uv":[8.25,0,5.5,2],"texture":"#main"}}},{"rotation":{"origin":[7.5,7,10.5],"angle":0,"axis":"y"},"from":[13.5,5,0.5],"to":[15.5,9,8.5],"faces":{"east":{"uv":[5.5,2,7.5,3],"texture":"#main"},"south":{"uv":[7.5,6,8,7],"texture":"#main"},"north":{"uv":[5,7.25,5.5,8.25],"texture":"#main"},"west":{"uv":[5.5,3,7.5,4],"texture":"#main"},"up":{"uv":[2.5,5.5,2,3.5],"texture":"#main"},"down":{"uv":[1.75,7,1.25,9],"texture":"#main"}}},{"rotation":{"origin":[1.5,7,6.5],"angle":-22.5,"axis":"x"},"from":[0.5,5,0.5],"to":[2.5,9,8.5],"faces":{"east":{"uv":[5.5,4,7.5,5],"texture":"#main"},"south":{"uv":[0.5,8,1,9],"texture":"#main"},"north":{"uv":[0,8,0.5,9],"texture":"#main"},"west":{"uv":[2,6.25,4,7.25],"texture":"#main"},"up":{"uv":[2.25,9.25,1.75,7.25],"texture":"#main"},"down":{"uv":[2.75,7.25,2.25,9.25],"texture":"#main"}}},{"rotation":{"origin":[8,10,3],"angle":-22.5,"axis":"x"},"from":[6.5,8,0],"to":[9.5,12,5],"faces":{"east":{"uv":[4,6.25,5.25,7.25],"texture":"#main"},"south":{"uv":[7.5,7.5,8.25,8.5],"texture":"#main"},"north":{"uv":[4.25,7.25,5,8.25],"texture":"#main"},"west":{"uv":[0,7,1.25,8],"texture":"#main"},"up":{"uv":[3.5,8.5,2.75,7.25],"texture":"#main"},"down":{"uv":[4.25,7.25,3.5,8.5],"texture":"#main"}}}],"display":{"head":{"translation":[0,-31.5,0],"scale":[1.45,1.45,1.45]}}}