{"parent":"physical_parent","textures":{"main":"pokemon/qwilfish"},"texture_size":[64,64],"elements":[{"rotation":{"origin":[8,7,9],"angle":0,"axis":"y"},"name":"head","from":[4,3,5],"to":[12,11,13],"faces":{"east":{"uv":[0,2,2,4],"texture":"#main"},"south":{"uv":[6,2,8,4],"texture":"#main"},"north":{"uv":[2,2,4,4],"texture":"#main"},"west":{"uv":[4,2,6,4],"texture":"#main"},"up":{"uv":[4,2,2,0],"texture":"#main"},"down":{"uv":[6,0,4,2],"texture":"#main"}}},{"from":[3,4,6],"to":[4,10,12],"faces":{"east":{"uv":[0,8.5,1.5,10],"texture":"#main"},"south":{"uv":[3.25,8.5,3.5,10],"texture":"#main"},"north":{"uv":[1.5,8.5,1.75,10],"texture":"#main"},"west":{"uv":[1.75,8.5,3.25,10],"texture":"#main"},"up":{"uv":[1.75,8.5,1.5,7],"texture":"#main"},"down":{"uv":[2,7,1.75,8.5],"texture":"#main"}}},{"rotation":{"origin":[7,8,9],"angle":0,"axis":"y"},"from":[5,4,13],"to":[11,10,14],"faces":{"east":{"uv":[0,10.25,0.25,11.75],"texture":"#main"},"south":{"uv":[2,10.25,3.5,11.75],"texture":"#main"},"north":{"uv":[0.25,10.25,1.75,11.75],"texture":"#main"},"west":{"uv":[1.75,10.25,2,11.75],"texture":"#main"},"up":{"uv":[1.75,10.25,0.25,10],"texture":"#main"},"down":{"uv":[3.25,10,1.75,10.25],"texture":"#main"}}},{"rotation":{"origin":[7.75,7,14],"angle":0,"axis":"x"},"from":[8,2.25,14],"to":[8,12.25,27],"faces":{"east":{"uv":[8,2.75,11.5,5.25],"texture":"#main"},"south":{"uv":[13.5,2.75,13.5,5.25],"texture":"#main"},"north":{"uv":[10.75,2.75,10.75,5.25],"texture":"#main"},"west":{"uv":[11.5,2.75,8,5.25],"texture":"#main"},"up":{"uv":[10.75,2.75,10.75,0],"texture":"#main"},"down":{"uv":[10.75,0,10.75,2.75],"texture":"#main"}}},{"rotation":{"origin":[7,7,10],"angle":0,"axis":"y"},"from":[5,2,6],"to":[11,3,12],"faces":{"east":{"uv":[6,6.75,7.5,7],"texture":"#main"},"south":{"uv":[10.5,6.75,12,7],"texture":"#main"},"north":{"uv":[7.5,6.75,9,7],"texture":"#main"},"west":{"uv":[9,6.75,10.5,7],"texture":"#main"},"up":{"uv":[9,6.75,7.5,5.25],"texture":"#main"},"down":{"uv":[10.5,5.25,9,6.75],"texture":"#main"}}},{"from":[12,4,6],"to":[13,10,12],"faces":{"east":{"uv":[3.5,8.5,5,10],"texture":"#main"},"south":{"uv":[6.75,8.5,7,10],"texture":"#main"},"north":{"uv":[5,8.5,5.25,10],"texture":"#main"},"west":{"uv":[5.25,8.5,6.75,10],"texture":"#main"},"up":{"uv":[5.25,8.5,5,7],"texture":"#main"},"down":{"uv":[5.5,7,5.25,8.5],"texture":"#main"}}},{"rotation":{"origin":[7,8,9],"angle":0,"axis":"y"},"from":[5,4,4],"to":[11,10,5],"faces":{"east":{"uv":[7,7.25,7.25,8.75],"texture":"#main"},"south":{"uv":[9,7.25,10.5,8.75],"texture":"#main"},"north":{"uv":[7.25,7.25,8.75,8.75],"texture":"#main"},"west":{"uv":[8.75,7.25,9,8.75],"texture":"#main"},"up":{"uv":[8.75,7.25,7.25,7],"texture":"#main"},"down":{"uv":[10.25,7,8.75,7.25],"texture":"#main"}}},{"rotation":{"origin":[7,8,9],"angle":0,"axis":"y"},"from":[6.5,5.75,3],"to":[9.5,7.75,4],"faces":{"east":{"uv":[0,12,0.25,12.5],"texture":"#main"},"south":{"uv":[1.25,12,2,12.5],"texture":"#main"},"north":{"uv":[0,12.5,1.5,13.5],"texture":"#main"},"west":{"uv":[1,12,1.25,12.5],"texture":"#main"},"up":{"uv":[1,12,0.25,11.75],"texture":"#main"},"down":{"uv":[1.75,11.75,1,12],"texture":"#main"}}},{"rotation":{"origin":[10.24301,8.7596,4.7474],"angle":22.5,"axis":"z"},"from":[8.75,7.5,3.75],"to":[11.75,9.5,5.75],"faces":{"east":{"uv":[6,11,6.5,12],"texture":"#main"},"south":{"uv":[7.75,10.5,8.5,11],"texture":"#main"},"north":{"uv":[6.5,11,8,12],"texture":"#main"},"west":{"uv":[7.25,10.5,7.75,11],"texture":"#main"},"up":{"uv":[7.25,10.5,6.5,10],"texture":"#main"},"down":{"uv":[8,10,7.25,10.5],"texture":"#main"}}},{"rotation":{"origin":[5.75699,8.7596,4.7474],"angle":-22.5,"axis":"z"},"from":[4.25,7.5,3.75],"to":[7.25,9.5,5.75],"faces":{"east":{"uv":[3.5,10.5,4,11],"texture":"#main"},"south":{"uv":[5.25,10.5,6,11],"texture":"#main"},"north":{"uv":[8,11,6.5,12],"texture":"#main"},"west":{"uv":[4.75,10.5,5.25,11],"texture":"#main"},"up":{"uv":[4.75,10.5,4,10],"texture":"#main"},"down":{"uv":[5.5,10,4.75,10.5],"texture":"#main"}}},{"rotation":{"origin":[7,7,10],"angle":0,"axis":"y"},"from":[5,11,6],"to":[11,12,12],"faces":{"east":{"uv":[0,6.75,1.5,7],"texture":"#main"},"south":{"uv":[4.5,6.75,6,7],"texture":"#main"},"north":{"uv":[1.5,6.75,3,7],"texture":"#main"},"west":{"uv":[3,6.75,4.5,7],"texture":"#main"},"up":{"uv":[3,6.75,1.5,5.25],"texture":"#main"},"down":{"uv":[4.5,5.25,3,6.75],"texture":"#main"}}},{"rotation":{"origin":[14.99911,9.51049,8.49042],"angle":45,"axis":"z"},"from":[12.75,11.75,7.5],"to":[14.75,13.75,9.5],"faces":{"east":{"uv":[8.5,10.5,9,11],"texture":"#main"},"south":{"uv":[10,10.5,10.5,11],"texture":"#main"},"north":{"uv":[9,10.5,9.5,11],"texture":"#main"},"west":{"uv":[9.5,10.5,10,11],"texture":"#main"},"up":{"uv":[9.5,10.5,9,10],"texture":"#main"},"down":{"uv":[10,10,9.5,10.5],"texture":"#main"}}},{"rotation":{"origin":[14.99911,9.51049,8.49042],"angle":45,"axis":"z"},"from":[14.75,12,8.5],"to":[17.5,13.5,8.5],"faces":{"east":{"uv":[2,11.75,2,12.25],"texture":"#main"},"south":{"uv":[5,11.25,3.75,12],"texture":"#main"},"north":{"uv":[3.75,11.25,5,12],"texture":"#main"},"west":{"uv":[2.5,11.75,2.5,12.25],"texture":"#main"},"up":{"uv":[2.5,11.75,2,11.75],"texture":"#main"},"down":{"uv":[3,11.75,2.5,11.75],"texture":"#main"}}},{"rotation":{"origin":[1.00089,9.51049,8.49042],"angle":-45,"axis":"z"},"from":[1.25,11.75,7.5],"to":[3.25,13.75,9.5],"faces":{"east":{"uv":[10,10.5,9.5,11],"texture":"#main"},"south":{"uv":[10.5,10.5,10,11],"texture":"#main"},"north":{"uv":[9.5,10.5,9,11],"texture":"#main"},"west":{"uv":[9,10.5,8.5,11],"texture":"#main"},"up":{"uv":[9,10.5,9.5,10],"texture":"#main"},"down":{"uv":[9.5,10,10,10.5],"texture":"#main"}}},{"rotation":{"origin":[1.00089,9.51049,8.49042],"angle":-45,"axis":"z"},"from":[-1.5,12,8.5],"to":[1.25,13.5,8.5],"faces":{"east":{"uv":[2.5,11.75,2.5,12.25],"texture":"#main"},"south":{"uv":[3.75,11.25,5,12],"texture":"#main"},"north":{"uv":[5,11.25,3.75,12],"texture":"#main"},"west":{"uv":[2,11.75,2,12.25],"texture":"#main"},"up":{"uv":[2,11.75,2.5,11.75],"texture":"#main"},"down":{"uv":[2.5,11.75,3,11.75],"texture":"#main"}}},{"rotation":{"origin":[9.75004,10.58667,5.10893],"angle":-45,"axis":"x"},"from":[8.75959,9.58196,4.10216],"to":[10.75959,11.58196,6.10216],"faces":{"east":{"uv":[10,10,9.5,10.5],"texture":"#main","rotation":270},"south":{"uv":[10,10.5,10.5,11],"texture":"#main","rotation":270},"north":{"uv":[9,10.5,9.5,11],"texture":"#main","rotation":90},"west":{"uv":[9.5,10.5,9,10],"texture":"#main","rotation":270},"up":{"uv":[8.5,10.5,9,11],"texture":"#main","rotation":270},"down":{"uv":[9.5,10.5,10,11],"texture":"#main","rotation":270}}},{"rotation":{"origin":[14.99911,9.51049,8.99042],"angle":-45,"axis":"x"},"from":[9.00959,14.01138,7],"to":[10.50959,16.76138,7],"faces":{"east":{"uv":[3,11.75,2.5,11.75],"texture":"#main","rotation":270},"south":{"uv":[5,11.25,3.75,12],"texture":"#main","rotation":270},"north":{"uv":[3.75,11.25,5,12],"texture":"#main","rotation":90},"west":{"uv":[2.5,11.75,2,11.75],"texture":"#main","rotation":270},"up":{"uv":[2,11.75,2,12.25],"texture":"#main","rotation":270},"down":{"uv":[2.5,11.75,2.5,12.25],"texture":"#main","rotation":270}}},{"rotation":{"origin":[14.99911,9.51049,8.99042],"angle":-45,"axis":"x"},"from":[5.25959,12.01138,6],"to":[7.25959,14.01138,8],"faces":{"east":{"uv":[10,10,9.5,10.5],"texture":"#main","rotation":270},"south":{"uv":[10,10.5,10.5,11],"texture":"#main","rotation":270},"north":{"uv":[9,10.5,9.5,11],"texture":"#main","rotation":90},"west":{"uv":[9.5,10.5,9,10],"texture":"#main","rotation":270},"up":{"uv":[8.5,10.5,9,11],"texture":"#main","rotation":270},"down":{"uv":[9.5,10.5,10,11],"texture":"#main","rotation":270}}},{"rotation":{"origin":[14.99911,9.51049,8.99042],"angle":-45,"axis":"x"},"from":[5.50959,14.01138,7],"to":[7.00959,16.76138,7],"faces":{"east":{"uv":[3,11.75,2.5,11.75],"texture":"#main","rotation":270},"south":{"uv":[5,11.25,3.75,12],"texture":"#main","rotation":270},"north":{"uv":[3.75,11.25,5,12],"texture":"#main","rotation":90},"west":{"uv":[2.5,11.75,2,11.75],"texture":"#main","rotation":270},"up":{"uv":[2,11.75,2,12.25],"texture":"#main","rotation":270},"down":{"uv":[2.5,11.75,2.5,12.25],"texture":"#main","rotation":270}}},{"rotation":{"origin":[14.99911,9.51049,8.49042],"angle":-45,"axis":"y"},"from":[14.75,8.25,12.75],"to":[16.75,10.25,14.75],"faces":{"east":{"uv":[8.5,10.5,9,11],"texture":"#main"},"south":{"uv":[10,10.5,10.5,11],"texture":"#main"},"north":{"uv":[9,10.5,9.5,11],"texture":"#main"},"west":{"uv":[9.5,10.5,10,11],"texture":"#main"},"up":{"uv":[9.5,10.5,9,10],"texture":"#main"},"down":{"uv":[10,10,9.5,10.5],"texture":"#main"}}},{"rotation":{"origin":[14.99911,9.51049,8.49042],"angle":-45,"axis":"y"},"from":[16.75,8.5,13.75],"to":[19.5,10,13.75],"faces":{"east":{"uv":[2,11.75,2,12.25],"texture":"#main"},"south":{"uv":[5,11.25,3.75,12],"texture":"#main"},"north":{"uv":[3.75,11.25,5,12],"texture":"#main"},"west":{"uv":[2.5,11.75,2.5,12.25],"texture":"#main"},"up":{"uv":[2.5,11.75,2,11.75],"texture":"#main"},"down":{"uv":[3,11.75,2.5,11.75],"texture":"#main"}}},{"rotation":{"origin":[1.00089,9.51049,8.49042],"angle":45,"axis":"y"},"from":[-0.75,8.25,12.75],"to":[1.25,10.25,14.75],"faces":{"east":{"uv":[10,10.5,9.5,11],"texture":"#main"},"south":{"uv":[10.5,10.5,10,11],"texture":"#main"},"north":{"uv":[9.5,10.5,9,11],"texture":"#main"},"west":{"uv":[9,10.5,8.5,11],"texture":"#main"},"up":{"uv":[9,10.5,9.5,10],"texture":"#main"},"down":{"uv":[9.5,10,10,10.5],"texture":"#main"}}},{"rotation":{"origin":[1.00089,9.51049,8.49042],"angle":45,"axis":"y"},"from":[-3.5,8.5,13.75],"to":[-0.75,10,13.75],"faces":{"east":{"uv":[2.5,11.75,2.5,12.25],"texture":"#main"},"south":{"uv":[3.75,11.25,5,12],"texture":"#main"},"north":{"uv":[5,11.25,3.75,12],"texture":"#main"},"west":{"uv":[2,11.75,2,12.25],"texture":"#main"},"up":{"uv":[2,11.75,2.5,11.75],"texture":"#main"},"down":{"uv":[2.5,11.75,3,11.75],"texture":"#main"}}},{"rotation":{"origin":[9.74711,3.66325,-3.52104],"angle":-45,"axis":"x"},"from":[9.75959,-3.34561,1.69038],"to":[11.75959,-1.34561,3.69038],"faces":{"east":{"uv":[11.25,10.5,10.75,11],"texture":"#main"},"south":{"uv":[9.5,10.5,10,11],"texture":"#main","rotation":270},"north":{"uv":[10.75,10.5,11.25,11],"texture":"#main","rotation":90},"west":{"uv":[11.25,11,10.75,10.5],"texture":"#main","rotation":180},"up":{"uv":[10.75,10.5,11.25,11],"texture":"#main","rotation":270},"down":{"uv":[10.75,10.5,11.25,11],"texture":"#main","rotation":270}}},{"rotation":{"origin":[9.74711,3.66325,-3.52104],"angle":-45,"axis":"x"},"from":[10.00959,-2.34561,-1.05962],"to":[11.50959,-2.34561,1.69038],"faces":{"east":{"uv":[3,11.75,2.5,11.75],"texture":"#main"},"south":{"uv":[2.5,11.75,2.5,12.25],"texture":"#main","rotation":270},"north":{"uv":[2,11.75,2,12.25],"texture":"#main","rotation":90},"west":{"uv":[2.5,11.75,2,11.75],"texture":"#main","rotation":180},"up":{"uv":[5,12,3.75,12.75],"texture":"#main","rotation":270},"down":{"uv":[3.75,12,5,12.75],"texture":"#main","rotation":270}}},{"rotation":{"origin":[6.25289,3.66325,-3.52104],"angle":-45,"axis":"x"},"from":[4.24041,-3.34561,1.69038],"to":[6.24041,-1.34561,3.69038],"faces":{"east":{"uv":[10.75,11,11.25,10.5],"texture":"#main","rotation":180},"south":{"uv":[9.5,11,10,10.5],"texture":"#main","rotation":270},"north":{"uv":[10.75,11,11.25,10.5],"texture":"#main","rotation":90},"west":{"uv":[10.75,10.5,11.25,11],"texture":"#main"},"up":{"uv":[10.75,11,11.25,10.5],"texture":"#main","rotation":270},"down":{"uv":[10.75,11,11.25,10.5],"texture":"#main","rotation":270}}},{"rotation":{"origin":[6.25289,3.66325,-3.52104],"angle":-45,"axis":"x"},"from":[4.49041,-2.34561,-1.05962],"to":[5.99041,-2.34561,1.69038],"faces":{"east":{"uv":[2,11.75,2.5,11.75],"texture":"#main","rotation":180},"south":{"uv":[2.5,12.25,2.5,11.75],"texture":"#main","rotation":270},"north":{"uv":[2,12.25,2,11.75],"texture":"#main","rotation":90},"west":{"uv":[2.5,11.75,3,11.75],"texture":"#main"},"up":{"uv":[5,12.75,3.75,12],"texture":"#main","rotation":270},"down":{"uv":[3.75,12.75,5,12],"texture":"#main","rotation":270}}},{"rotation":{"origin":[13.72899,5.66267,8.97737],"angle":-22.5,"axis":"z"},"from":[11.53569,3.67675,7.98565],"to":[13.53569,5.67675,9.98565],"faces":{"east":{"uv":[10.75,10.5,11.25,11],"texture":"#main","rotation":180},"south":{"uv":[10.75,10.5,11.25,11],"texture":"#main","rotation":180},"north":{"uv":[10.75,10.5,11.25,11],"texture":"#main","rotation":180},"west":{"uv":[9.5,10.5,10,11],"texture":"#main","rotation":180},"up":{"uv":[11.25,10.5,10.75,11],"texture":"#main"},"down":{"uv":[11.25,11,10.75,10.5],"texture":"#main"}}},{"rotation":{"origin":[13.72899,5.66267,8.97737],"angle":-22.5,"axis":"z"},"from":[13.53569,3.92675,8.98565],"to":[16.28569,5.42675,8.98565],"faces":{"east":{"uv":[2,11.75,2,12.25],"texture":"#main","rotation":180},"south":{"uv":[3.75,12,5,12.75],"texture":"#main","rotation":180},"north":{"uv":[5,12,3.75,12.75],"texture":"#main","rotation":180},"west":{"uv":[2.5,11.75,2.5,12.25],"texture":"#main","rotation":180},"up":{"uv":[3,11.75,2.5,11.75],"texture":"#main"},"down":{"uv":[2.5,11.75,2,11.75],"texture":"#main"}}},{"rotation":{"origin":[2.27101,5.66267,8.97737],"angle":22.5,"axis":"z"},"from":[2.46431,3.67675,7.98565],"to":[4.46431,5.67675,9.98565],"faces":{"east":{"uv":[10,10.5,9.5,11],"texture":"#main","rotation":180},"south":{"uv":[11.25,10.5,10.75,11],"texture":"#main","rotation":180},"north":{"uv":[11.25,10.5,10.75,11],"texture":"#main","rotation":180},"west":{"uv":[11.25,10.5,10.75,11],"texture":"#main","rotation":180},"up":{"uv":[10.75,10.5,11.25,11],"texture":"#main"},"down":{"uv":[10.75,11,11.25,10.5],"texture":"#main"}}},{"rotation":{"origin":[2.27101,5.66267,8.97737],"angle":22.5,"axis":"z"},"from":[-0.28569,3.92675,8.98565],"to":[2.46431,5.42675,8.98565],"faces":{"east":{"uv":[2.5,11.75,2.5,12.25],"texture":"#main","rotation":180},"south":{"uv":[5,12,3.75,12.75],"texture":"#main","rotation":180},"north":{"uv":[3.75,12,5,12.75],"texture":"#main","rotation":180},"west":{"uv":[2,11.75,2,12.25],"texture":"#main","rotation":180},"up":{"uv":[2.5,11.75,3,11.75],"texture":"#main"},"down":{"uv":[2,11.75,2.5,11.75],"texture":"#main"}}},{"rotation":{"origin":[10.76188,2.97813,4.26672],"angle":-45,"axis":"y"},"from":[16.07278,2.72584,8.53434],"to":[18.07278,4.72584,10.53434],"faces":{"east":{"uv":[10.75,10.5,11.25,11],"texture":"#main","rotation":180},"south":{"uv":[10.75,10.5,11.25,11],"texture":"#main","rotation":180},"north":{"uv":[10.75,10.5,11.25,11],"texture":"#main","rotation":180},"west":{"uv":[9.5,10.5,10,11],"texture":"#main","rotation":180},"up":{"uv":[11.25,10.5,10.75,11],"texture":"#main"},"down":{"uv":[11.25,11,10.75,10.5],"texture":"#main"}}},{"rotation":{"origin":[10.76188,2.97813,4.26672],"angle":-45,"axis":"y"},"from":[18.07278,2.97584,9.53434],"to":[20.82278,4.47584,9.53434],"faces":{"east":{"uv":[2,11.75,2,12.25],"texture":"#main","rotation":180},"south":{"uv":[3.75,12,5,12.75],"texture":"#main","rotation":180},"north":{"uv":[5,12,3.75,12.75],"texture":"#main","rotation":180},"west":{"uv":[2.5,11.75,2.5,12.25],"texture":"#main","rotation":180},"up":{"uv":[3,11.75,2.5,11.75],"texture":"#main"},"down":{"uv":[2.5,11.75,2,11.75],"texture":"#main"}}},{"rotation":{"origin":[5.23812,2.97813,4.26672],"angle":45,"axis":"y"},"from":[-2.07278,2.72584,8.53434],"to":[-0.07278,4.72584,10.53434],"faces":{"east":{"uv":[10,10.5,9.5,11],"texture":"#main","rotation":180},"south":{"uv":[11.25,10.5,10.75,11],"texture":"#main","rotation":180},"north":{"uv":[11.25,10.5,10.75,11],"texture":"#main","rotation":180},"west":{"uv":[11.25,10.5,10.75,11],"texture":"#main","rotation":180},"up":{"uv":[10.75,10.5,11.25,11],"texture":"#main"},"down":{"uv":[10.75,11,11.25,10.5],"texture":"#main"}}},{"rotation":{"origin":[5.23812,2.97813,4.26672],"angle":45,"axis":"y"},"from":[-4.82278,2.97584,9.53434],"to":[-2.07278,4.47584,9.53434],"faces":{"east":{"uv":[2.5,11.75,2.5,12.25],"texture":"#main","rotation":180},"south":{"uv":[5,12,3.75,12.75],"texture":"#main","rotation":180},"north":{"uv":[3.75,12,5,12.75],"texture":"#main","rotation":180},"west":{"uv":[2,11.75,2,12.25],"texture":"#main","rotation":180},"up":{"uv":[2.5,11.75,3,11.75],"texture":"#main"},"down":{"uv":[2,11.75,2.5,11.75],"texture":"#main"}}}],"display":{"head":{"translation":[0,-27.5,-0.75],"scale":[1.6,1.6,1.6]}},"groups":[0,1,2,3,4,5,6,7,8,9,10,{"children":[11,12],"origin":[14.99911,9.51049,8.99042],"name":"spike"},{"children":[13,14],"origin":[14.99911,9.51049,8.99042],"name":"spike"},{"children":[15,16],"origin":[14.99911,9.51049,8.99042],"name":"spike"},{"children":[17,18],"origin":[14.99911,9.51049,8.99042],"name":"spike"},{"children":[19,20],"origin":[14.99911,9.51049,8.99042],"name":"spike"},{"children":[21,22],"origin":[14.99911,9.51049,8.99042],"name":"spike"},{"children":[23,24],"origin":[14.99911,9.51049,8.99042],"name":"spike"},{"children":[25,26],"origin":[14.99911,9.51049,8.99042],"name":"spike"},{"children":[27,28],"origin":[14.99911,9.51049,8.99042],"name":"spike"},{"children":[29,30],"origin":[14.99911,9.51049,8.99042],"name":"spike"},{"children":[31,32],"origin":[14.99911,9.51049,8.99042],"name":"spike"},{"children":[33,34],"origin":[14.99911,9.51049,8.99042],"name":"spike"}],"credit":"Made with Blockbench"}