{"credit":"Made with Blockbench","texture_size":[128,128],"textures":{"particle":"pokemon/rhyperior","main":"pokemon/rhyperior"},"elements":[{"from":[-3,-4,-2],"to":[19,21,14],"rotation":{"angle":0,"axis":"y","origin":[-3,-3,-2]},"faces":{"north":{"uv":[0,0,2.75,3.125],"texture":"#main"},"east":{"uv":[0,5.375,2,8.5],"texture":"#main"},"south":{"uv":[2.75,0,5.5,3.125],"texture":"#main"},"west":{"uv":[2,5.375,4,8.5],"texture":"#main"},"up":{"uv":[6.75,7.375,4,5.375],"texture":"#main"},"down":{"uv":[8.25,0,5.5,2],"texture":"#main"}}},{"from":[0.67678,-7.25,22],"to":[10.67678,2.75,32],"rotation":{"angle":45,"axis":"z","origin":[8.17678,0,22]},"faces":{"north":{"uv":[10,2,11.25,3.25],"texture":"#main"},"east":{"uv":[10,6.75,11.25,8],"texture":"#main"},"south":{"uv":[10.25,0,11.5,1.25],"texture":"#main"},"west":{"uv":[2,10.25,3.25,11.5],"texture":"#main"},"up":{"uv":[1.25,11.625,0,10.375],"texture":"#main"},"down":{"uv":[10.5,10.375,9.25,11.625],"texture":"#main"}}},{"from":[5,-3.75,12],"to":[11,1.25,29],"rotation":{"angle":22.5,"axis":"x","origin":[8,-2.5,21.5]},"faces":{"north":{"uv":[13.5,7.25,14.25,7.875],"texture":"#main"},"east":{"uv":[10.25,1.25,12.375,1.875],"texture":"#main"},"south":{"uv":[13.5,13,14.25,13.625],"texture":"#main"},"west":{"uv":[10.75,6,12.875,6.625],"texture":"#main"},"up":{"uv":[10.75,6.75,10,4.625],"texture":"#main"},"down":{"uv":[9.25,10,8.5,12.125],"texture":"#main"}}},{"from":[20.5,10,3],"to":[24.5,21,8],"rotation":{"angle":45,"axis":"z","origin":[21,14,5.5]},"faces":{"north":{"uv":[7.75,12.375,8.25,13.75],"texture":"#main"},"east":{"uv":[0,12.875,0.625,14.25],"texture":"#main"},"south":{"uv":[2.75,13,3.25,14.375],"texture":"#main"},"west":{"uv":[0.625,12.875,1.25,14.25],"texture":"#main"},"up":{"uv":[9,2.625,8.5,2],"texture":"#main"},"down":{"uv":[9.875,13.625,9.375,14.25],"texture":"#main"}}},{"from":[-8.5,10,3],"to":[-4.5,21,8],"rotation":{"angle":-45,"axis":"z","origin":[-5,14,5.5]},"faces":{"north":{"uv":[8.25,12.375,7.75,13.75],"texture":"#main"},"east":{"uv":[1.25,12.875,0.625,14.25],"texture":"#main"},"south":{"uv":[3.25,13,2.75,14.375],"texture":"#main"},"west":{"uv":[0.625,12.875,0,14.25],"texture":"#main"},"up":{"uv":[8.5,2.625,9,2],"texture":"#main"},"down":{"uv":[9.375,13.625,9.875,14.25],"texture":"#main"}}},{"from":[22.5,9,2],"to":[27.5,21,9],"rotation":{"angle":22.5,"axis":"x","origin":[21,14,5.5]},"faces":{"north":{"uv":[8.25,12.125,8.875,13.625],"texture":"#main"},"east":{"uv":[7.375,10.875,8.25,12.375],"texture":"#main"},"south":{"uv":[11.125,12.25,11.75,13.75],"texture":"#main"},"west":{"uv":[1.25,11.5,2.125,13],"texture":"#main"},"up":{"uv":[13.5,13.875,12.875,13],"texture":"#main"},"down":{"uv":[6.375,13.125,5.75,14],"texture":"#main"}}},{"from":[21,0,1.5],"to":[28,10,9.5],"rotation":{"angle":22.5,"axis":"x","origin":[21,14,5.5]},"faces":{"north":{"uv":[11.625,8.5,12.5,9.75],"texture":"#main"},"east":{"uv":[11.5,0,12.5,1.25],"texture":"#main"},"south":{"uv":[9.25,11.625,10.125,12.875],"texture":"#main"},"west":{"uv":[0,11.625,1,12.875],"texture":"#main"},"up":{"uv":[13.375,10.75,12.5,9.75],"texture":"#main"},"down":{"uv":[13.375,10.75,12.5,11.75],"texture":"#main"}}},{"from":[25,5,1],"to":[29,12,3],"rotation":{"angle":22.5,"axis":"x","origin":[21,14,5.5]},"faces":{"north":{"uv":[6.75,14.75,7.25,15.625],"texture":"#main"},"east":{"uv":[8.375,14.75,8.625,15.625],"texture":"#main"},"south":{"uv":[5.875,14.625,6.375,15.5],"texture":"#main"},"west":{"uv":[9.125,14.875,9.375,15.75],"texture":"#main"},"up":{"uv":[10.25,15.5,9.75,15.25],"texture":"#main"},"down":{"uv":[8.125,15,7.625,15.25],"texture":"#main"}}},{"from":[25,-3,1.5],"to":[28,0,4.5],"rotation":{"angle":22.5,"axis":"x","origin":[21,14,5.5]},"faces":{"north":{"uv":[9.25,10,9.625,10.375],"texture":"#main"},"east":{"uv":[11.25,2.75,11.625,3.125],"texture":"#main"},"south":{"uv":[11.25,7.5,11.625,7.875],"texture":"#main"},"west":{"uv":[10.125,11.625,10.5,12],"texture":"#main"},"up":{"uv":[6.125,13,5.75,12.625],"texture":"#main"},"down":{"uv":[14.25,1.75,13.875,2.125],"texture":"#main"}}},{"from":[25,-3,6.5],"to":[28,0,9.5],"rotation":{"angle":22.5,"axis":"x","origin":[21,14,5.5]},"faces":{"north":{"uv":[13.875,2.125,14.25,2.5],"texture":"#main"},"east":{"uv":[7,13.875,7.375,14.25],"texture":"#main"},"south":{"uv":[7.375,13.875,7.75,14.25],"texture":"#main"},"west":{"uv":[13.875,11.625,14.25,12],"texture":"#main"},"up":{"uv":[13.25,14.25,12.875,13.875],"texture":"#main"},"down":{"uv":[14.375,4.25,14,4.625],"texture":"#main"}}},{"from":[21,-3,6.5],"to":[24,0,9.5],"rotation":{"angle":22.5,"axis":"x","origin":[21,14,5.5]},"faces":{"north":{"uv":[4.5,14,4.875,14.375],"texture":"#main"},"east":{"uv":[14,4.625,14.375,5],"texture":"#main"},"south":{"uv":[4.875,14,5.25,14.375],"texture":"#main"},"west":{"uv":[14,5,14.375,5.375],"texture":"#main"},"up":{"uv":[5.625,14.375,5.25,14],"texture":"#main"},"down":{"uv":[14.375,5.375,14,5.75],"texture":"#main"}}},{"from":[-11.5,9,2],"to":[-6.5,21,9],"rotation":{"angle":22.5,"axis":"x","origin":[-5,14,5.5]},"faces":{"north":{"uv":[11.75,12.25,12.375,13.75],"texture":"#main"},"east":{"uv":[2.125,11.5,3,13],"texture":"#main"},"south":{"uv":[7.125,12.375,7.75,13.875],"texture":"#main"},"west":{"uv":[3,11.5,3.875,13],"texture":"#main"},"up":{"uv":[7,14,6.375,13.125],"texture":"#main"},"down":{"uv":[14,9.75,13.375,10.625],"texture":"#main"}}},{"from":[-12,0,1.5],"to":[-5,10,9.5],"rotation":{"angle":22.5,"axis":"x","origin":[-5,14,5.5]},"faces":{"north":{"uv":[11.625,9.75,12.5,11],"texture":"#main"},"east":{"uv":[11.625,2.75,12.625,4],"texture":"#main"},"south":{"uv":[11.625,11,12.5,12.25],"texture":"#main"},"west":{"uv":[3.875,11.625,4.875,12.875],"texture":"#main"},"up":{"uv":[13.5,3.75,12.625,2.75],"texture":"#main"},"down":{"uv":[5.75,12.625,4.875,13.625],"texture":"#main"}}},{"from":[-12,-3,6.5],"to":[-9,0,9.5],"rotation":{"angle":22.5,"axis":"x","origin":[-5,14,5.5]},"faces":{"north":{"uv":[5.625,14,6,14.375],"texture":"#main"},"east":{"uv":[14,5.75,14.375,6.125],"texture":"#main"},"south":{"uv":[6,14,6.375,14.375],"texture":"#main"},"west":{"uv":[6.375,14,6.75,14.375],"texture":"#main"},"up":{"uv":[8.625,14.375,8.25,14],"texture":"#main"},"down":{"uv":[14.375,8.5,14,8.875],"texture":"#main"}}},{"from":[-12,-3,1.5],"to":[-9,0,4.5],"rotation":{"angle":22.5,"axis":"x","origin":[-5,14,5.5]},"faces":{"north":{"uv":[8.625,14,9,14.375],"texture":"#main"},"east":{"uv":[14,8.875,14.375,9.25],"texture":"#main"},"south":{"uv":[9,14,9.375,14.375],"texture":"#main"},"west":{"uv":[14,9.25,14.375,9.625],"texture":"#main"},"up":{"uv":[14.375,10,14,9.625],"texture":"#main"},"down":{"uv":[14.375,10,14,10.375],"texture":"#main"}}},{"from":[-8,-3,6.5],"to":[-5,0,9.5],"rotation":{"angle":22.5,"axis":"x","origin":[-5,14,5.5]},"faces":{"north":{"uv":[14,13.625,14.375,14],"texture":"#main"},"east":{"uv":[14,14,14.375,14.375],"texture":"#main"},"south":{"uv":[1.25,14.125,1.625,14.5],"texture":"#main"},"west":{"uv":[1.625,14.125,2,14.5],"texture":"#main"},"up":{"uv":[2.375,14.5,2,14.125],"texture":"#main"},"down":{"uv":[2.75,14.125,2.375,14.5],"texture":"#main"}}},{"from":[3.5,-5,-3],"to":[12.5,1,7],"rotation":{"angle":0,"axis":"y","origin":[-3.5,-3,-2]},"faces":{"north":{"uv":[12.75,1.75,13.875,2.5],"texture":"#main"},"east":{"uv":[12.375,12.25,13.625,13],"texture":"#main"},"south":{"uv":[8.875,12.875,10,13.625],"texture":"#main"},"west":{"uv":[12.5,0,13.75,0.75],"texture":"#main"},"up":{"uv":[11.625,12,10.5,10.75],"texture":"#main"},"down":{"uv":[7.375,10.875,6.25,12.125],"texture":"#main"}}},{"from":[-4,3,-3],"to":[20,10,15],"rotation":{"angle":0,"axis":"y","origin":[-3,-3,-2]},"faces":{"north":{"uv":[5.5,2,8.5,2.875],"texture":"#main"},"east":{"uv":[8.25,3.75,10.5,4.625],"texture":"#main"},"south":{"uv":[6,2.875,9,3.75],"texture":"#main"},"west":{"uv":[6.5,8.25,8.75,9.125],"texture":"#main"},"up":{"uv":[3,5.375,0,3.125],"texture":"#main"},"down":{"uv":[6,3.125,3,5.375],"texture":"#main"}}},{"from":[14,13,-3],"to":[20,22,15],"rotation":{"angle":0,"axis":"y","origin":[-3,-3,-2]},"faces":{"north":{"uv":[3.25,10.25,4,11.375],"texture":"#main"},"east":{"uv":[6,3.75,8.25,4.875],"texture":"#main"},"south":{"uv":[1.25,10.375,2,11.5],"texture":"#main"},"west":{"uv":[6.75,4.875,9,6],"texture":"#main"},"up":{"uv":[4.75,11.625,4,9.375],"texture":"#main"},"down":{"uv":[5.5,9.375,4.75,11.625],"texture":"#main"}}},{"from":[-4,13,-3],"to":[2,22,15],"rotation":{"angle":0,"axis":"y","origin":[19,-3,-2]},"faces":{"north":{"uv":[1.25,13,2,14.125],"texture":"#main"},"east":{"uv":[6.75,6,9,7.125],"texture":"#main"},"south":{"uv":[2,13,2.75,14.125],"texture":"#main"},"west":{"uv":[6.75,7.125,9,8.25],"texture":"#main"},"up":{"uv":[6.25,11.625,5.5,9.375],"texture":"#main"},"down":{"uv":[10.5,8.125,9.75,10.375],"texture":"#main"}}},{"from":[-6.5,-12,-1.5],"to":[2.5,-9,9.5],"rotation":{"angle":22.5,"axis":"y","origin":[-2.5,-4,5]},"faces":{"north":{"uv":[4.5,13.625,5.625,14],"texture":"#main"},"east":{"uv":[12.5,11.75,13.875,12.125],"texture":"#main"},"south":{"uv":[8.25,13.625,9.375,14],"texture":"#main"},"west":{"uv":[13.375,11.25,14.75,11.625],"texture":"#main"},"up":{"uv":[11.625,4.625,10.5,3.25],"texture":"#main"},"down":{"uv":[11.625,8,10.5,9.375],"texture":"#main"}}},{"from":[-6,-12,1],"to":[2,2,9],"rotation":{"angle":22.5,"axis":"y","origin":[-2.5,-4,5]},"faces":{"north":{"uv":[2,8.5,3,10.25],"texture":"#main"},"east":{"uv":[3,8.5,4,10.25],"texture":"#main"},"south":{"uv":[8.75,8.25,9.75,10],"texture":"#main"},"west":{"uv":[9,2,10,3.75],"texture":"#main"},"up":{"uv":[12.875,5,11.875,4],"texture":"#main"},"down":{"uv":[12.875,5,11.875,6],"texture":"#main"}}},{"from":[-5,-6,0],"to":[0,-1,8],"rotation":{"angle":22.5,"axis":"y","origin":[-2.5,-4,5]},"faces":{"north":{"uv":[15,4.75,15.625,5.375],"texture":"#main"},"east":{"uv":[15,6.625,16,7.25],"texture":"#main"},"south":{"uv":[15,12.875,15.625,13.5],"texture":"#main"},"west":{"uv":[15,11,16,11.625],"texture":"#main"},"up":{"uv":[15.625,9.625,15,8.625],"texture":"#main"},"down":{"uv":[15.625,9.75,15,10.75],"texture":"#main"}}},{"from":[16,-6,0],"to":[21,-1,8],"rotation":{"angle":-22.5,"axis":"y","origin":[18.5,-4,5]},"faces":{"north":{"uv":[15.625,4.75,15,5.375],"texture":"#main"},"east":{"uv":[16,11,15,11.625],"texture":"#main"},"south":{"uv":[15.625,12.875,15,13.5],"texture":"#main"},"west":{"uv":[16,6.625,15,7.25],"texture":"#main"},"up":{"uv":[15,9.625,15.625,8.625],"texture":"#main"},"down":{"uv":[15,9.75,15.625,10.75],"texture":"#main"}}},{"from":[14,-12,1],"to":[22,2,9],"rotation":{"angle":-22.5,"axis":"y","origin":[18.5,-4,5]},"faces":{"north":{"uv":[9,4.625,10,6.375],"texture":"#main"},"east":{"uv":[9,6.375,10,8.125],"texture":"#main"},"south":{"uv":[6.5,9.125,7.5,10.875],"texture":"#main"},"west":{"uv":[7.5,9.125,8.5,10.875],"texture":"#main"},"up":{"uv":[11.125,13,10.125,12],"texture":"#main"},"down":{"uv":[7.125,12.125,6.125,13.125],"texture":"#main"}}},{"from":[13.5,-12,-1.5],"to":[22.5,-9,9.5],"rotation":{"angle":-22.5,"axis":"y","origin":[18.5,-4,5]},"faces":{"north":{"uv":[13.625,12.125,14.75,12.5],"texture":"#main"},"east":{"uv":[13.5,2.5,14.875,2.875],"texture":"#main"},"south":{"uv":[13.625,12.5,14.75,12.875],"texture":"#main"},"west":{"uv":[13.5,2.875,14.875,3.25],"texture":"#main"},"up":{"uv":[11.625,10.75,10.5,9.375],"texture":"#main"},"down":{"uv":[11.875,4.625,10.75,6],"texture":"#main"}}},{"from":[19.5,-11,-3.5],"to":[21.5,-8,-0.5],"rotation":{"angle":-22.5,"axis":"y","origin":[18.5,-4,5]},"faces":{"north":{"uv":[6.5,4.875,6.75,5.25],"texture":"#main"},"east":{"uv":[11,14.125,11.375,14.5],"texture":"#main"},"south":{"uv":[6.5,7.375,6.75,7.75],"texture":"#main"},"west":{"uv":[11.375,14.125,11.75,14.5],"texture":"#main"},"up":{"uv":[6.75,8.125,6.5,7.75],"texture":"#main"},"down":{"uv":[8.75,9.125,8.5,9.5],"texture":"#main"}}},{"from":[14.5,-11,-3.5],"to":[16.5,-8,-0.5],"rotation":{"angle":-22.5,"axis":"y","origin":[18.5,-4,5]},"faces":{"north":{"uv":[6.25,9.375,6.5,9.75],"texture":"#main"},"east":{"uv":[11.75,14.125,12.125,14.5],"texture":"#main"},"south":{"uv":[8.5,9.5,8.75,9.875],"texture":"#main"},"west":{"uv":[0,14.25,0.375,14.625],"texture":"#main"},"up":{"uv":[6.5,10.125,6.25,9.75],"texture":"#main"},"down":{"uv":[6.5,10.125,6.25,10.5],"texture":"#main"}}},{"from":[-0.5,-11,-3.5],"to":[1.5,-8,-0.5],"rotation":{"angle":22.5,"axis":"y","origin":[-2.5,-4,5]},"faces":{"north":{"uv":[6.25,10.5,6.5,10.875],"texture":"#main"},"east":{"uv":[14.25,0,14.625,0.375],"texture":"#main"},"south":{"uv":[8.25,10.875,8.5,11.25],"texture":"#main"},"west":{"uv":[0.375,14.25,0.75,14.625],"texture":"#main"},"up":{"uv":[8.5,11.625,8.25,11.25],"texture":"#main"},"down":{"uv":[1.25,11.625,1,12],"texture":"#main"}}},{"from":[-5.5,-11,-3.5],"to":[-3.5,-8,-0.5],"rotation":{"angle":22.5,"axis":"y","origin":[-2.5,-4,5]},"faces":{"north":{"uv":[11.625,4,11.875,4.375],"texture":"#main"},"east":{"uv":[14.25,0.375,14.625,0.75],"texture":"#main"},"south":{"uv":[8.25,11.625,8.5,12],"texture":"#main"},"west":{"uv":[0.75,14.25,1.125,14.625],"texture":"#main"},"up":{"uv":[1.25,12.375,1,12],"texture":"#main"},"down":{"uv":[1.25,12.375,1,12.75],"texture":"#main"}}},{"from":[3,20,-8],"to":[13,28,8],"rotation":{"angle":0,"axis":"x","origin":[8,22,0]},"faces":{"north":{"uv":[4.875,11.625,6.125,12.625],"texture":"#main"},"east":{"uv":[8.25,0,10.25,1],"texture":"#main"},"south":{"uv":[11.625,7.5,12.875,8.5],"texture":"#main"},"west":{"uv":[8.25,1,10.25,2],"texture":"#main"},"up":{"uv":[5.25,9.375,4,7.375],"texture":"#main"},"down":{"uv":[6.5,7.375,5.25,9.375],"texture":"#main"}}},{"from":[3.5,18,-7.5],"to":[3.5,20,-1.5],"rotation":{"angle":0,"axis":"x","origin":[8,22,0]},"faces":{"north":{"uv":[4.875,11.625,4.875,11.875],"texture":"#main"},"east":{"uv":[15,1.25,15.75,1.5],"texture":"#main"},"south":{"uv":[11.625,7.5,12.875,8.5],"texture":"#main"},"west":{"uv":[15,1.875,15.75,2.125],"texture":"#main"},"up":{"uv":[5.25,9.375,4,7.375],"texture":"#main"},"down":{"uv":[6.5,7.375,5.25,9.375],"texture":"#main"}}},{"from":[12.5,18,-7.5],"to":[12.5,20,-1.5],"rotation":{"angle":0,"axis":"x","origin":[8,22,0]},"faces":{"north":{"uv":[4.875,11.625,4.875,11.875],"texture":"#main"},"east":{"uv":[15.75,1.875,15,2.125],"texture":"#main"},"south":{"uv":[12.875,7.5,11.625,8.5],"texture":"#main"},"west":{"uv":[15.75,1.25,15,1.5],"texture":"#main"},"up":{"uv":[4,9.375,5.25,7.375],"texture":"#main"},"down":{"uv":[5.25,7.375,6.5,9.375],"texture":"#main"}}},{"from":[6,22,-16],"to":[10,26,-8],"rotation":{"angle":0,"axis":"x","origin":[8,22,11]},"faces":{"north":{"uv":[6,4.875,6.5,5.375],"texture":"#main"},"east":{"uv":[13.5,3.25,14.5,3.75],"texture":"#main"},"south":{"uv":[10,3.25,10.5,3.75],"texture":"#main"},"west":{"uv":[13.5,3.75,14.5,4.25],"texture":"#main"},"up":{"uv":[14,5.25,13.5,4.25],"texture":"#main"},"down":{"uv":[14,5.25,13.5,6.25],"texture":"#main"}}},{"from":[6.5,29,-12],"to":[9.5,32,-7],"rotation":{"angle":45,"axis":"x","origin":[8,26.5,-11]},"faces":{"north":{"uv":[14.25,1.25,14.625,1.625],"texture":"#main"},"east":{"uv":[11,13.75,11.625,14.125],"texture":"#main"},"south":{"uv":[14.25,1.625,14.625,2],"texture":"#main"},"west":{"uv":[11.625,13.75,12.25,14.125],"texture":"#main"},"up":{"uv":[9.25,12.75,8.875,12.125],"texture":"#main"},"down":{"uv":[4.875,12.875,4.5,13.5],"texture":"#main"}}},{"from":[4,17,-7],"to":[12,21,8],"rotation":{"angle":0,"axis":"x","origin":[8,22,0]},"faces":{"north":{"uv":[13.5,6.25,14.5,6.75],"texture":"#main"},"east":{"uv":[12.375,1.25,14.25,1.75],"texture":"#main"},"south":{"uv":[13.5,6.75,14.5,7.25],"texture":"#main"},"west":{"uv":[12.5,0.75,14.375,1.25],"texture":"#main"},"up":{"uv":[1,10.375,0,8.5],"texture":"#main"},"down":{"uv":[2,8.5,1,10.375],"texture":"#main"}}},{"from":[2,24,-2],"to":[14,29,5],"rotation":{"angle":0,"axis":"x","origin":[9,22,0]},"faces":{"north":{"uv":[12.5,8.5,14,9.125],"texture":"#main"},"east":{"uv":[12.875,7.875,13.75,8.5],"texture":"#main"},"south":{"uv":[12.5,9.125,14,9.75],"texture":"#main"},"west":{"uv":[13.375,10.625,14.25,11.25],"texture":"#main"},"up":{"uv":[12.75,2.75,11.25,1.875],"texture":"#main"},"down":{"uv":[12.75,6.625,11.25,7.5],"texture":"#main"}}}],"gui_light":"front","display":{"head":{"translation":[0.25,-10.75,6.25],"scale":[1.625,1.625,1.625]}},"groups":[{"name":"root","origin":[0,0,0],"color":0,"children":[0,1,2,3,4,5,6,7,8,9,10,11,12,13,14,15,16,17,18,19,20,21,22,23,24,25,26,27,28,29,30,31,32,33,34,35,36]}]}