{"parent":"physical_parent","textures":{"main":"pokemon/roselia"},"texture_size":[64,64],"elements":[{"rotation":{"origin":[13,8,17],"angle":0,"axis":"y"},"from":[5,0,9],"to":[7,4,11],"faces":{"east":{"uv":[5,7.5,5.5,8.5],"texture":"#main"},"south":{"uv":[6.5,7.5,7,8.5],"texture":"#main"},"north":{"uv":[5.5,7.5,6,8.5],"texture":"#main"},"west":{"uv":[6,7.5,6.5,8.5],"texture":"#main"},"up":{"uv":[6,7.5,5.5,7],"texture":"#main"},"down":{"uv":[6.5,7,6,7.5],"texture":"#main"}}},{"rotation":{"origin":[13,12,17],"angle":0,"axis":"y"},"from":[5,4,8.5],"to":[10,10,11.5],"faces":{"east":{"uv":[3.75,4.75,4.5,6.25],"texture":"#main"},"south":{"uv":[6.5,4.75,7.75,6.25],"texture":"#main"},"north":{"uv":[4.5,4.75,5.75,6.25],"texture":"#main"},"west":{"uv":[5.75,4.75,6.5,6.25],"texture":"#main"},"up":{"uv":[5.75,4.75,4.5,4],"texture":"#main"},"down":{"uv":[7,4,5.75,4.75],"texture":"#main"}}},{"rotation":{"origin":[13,18,17],"angle":0,"axis":"y"},"from":[5,10,8],"to":[10,15,12],"faces":{"east":{"uv":[0,3.5,1,4.75],"texture":"#main"},"south":{"uv":[3.25,3.5,4.5,4.75],"texture":"#main"},"north":{"uv":[1,3.5,2.25,4.75],"texture":"#main"},"west":{"uv":[2.25,3.5,3.25,4.75],"texture":"#main"},"up":{"uv":[2.25,3.5,1,2.5],"texture":"#main"},"down":{"uv":[3.5,2.5,2.25,3.5],"texture":"#main"}}},{"rotation":{"origin":[16,8,17],"angle":0,"axis":"y"},"from":[8,0,9],"to":[10,4,11],"faces":{"east":{"uv":[3,7.5,3.5,8.5],"texture":"#main"},"south":{"uv":[4.5,7.5,5,8.5],"texture":"#main"},"north":{"uv":[3.5,7.5,4,8.5],"texture":"#main"},"west":{"uv":[4,7.5,4.5,8.5],"texture":"#main"},"up":{"uv":[4,7.5,3.5,7],"texture":"#main"},"down":{"uv":[4.5,7,4,7.5],"texture":"#main"}}},{"rotation":{"origin":[13,23,17],"angle":0,"axis":"y"},"from":[2,10,10],"to":[13,20,10],"faces":{"east":{"uv":[0,0,0,2.5],"texture":"#main"},"south":{"uv":[2.75,0,5.5,2.5],"texture":"#main"},"north":{"uv":[0,0,2.75,2.5],"texture":"#main"},"west":{"uv":[2.75,0,2.75,2.5],"texture":"#main"},"up":{"uv":[2.75,0,0,0],"texture":"#main"},"down":{"uv":[5.5,0,2.75,0],"texture":"#main"}}},{"rotation":{"origin":[7,12,18],"angle":-22.5,"axis":"y"},"from":[-2.3,7.7,10.2],"to":[3.3,9.3,11.8],"faces":{"east":{"uv":[4.5,3.75,4.75,4],"texture":"#main"},"south":{"uv":[6.25,3.75,7.5,4],"texture":"#main"},"north":{"uv":[4.75,3.75,6,4],"texture":"#main"},"west":{"uv":[6,3.75,6.25,4],"texture":"#main"},"up":{"uv":[6,3.75,4.75,3.5],"texture":"#main"},"down":{"uv":[7.25,3.5,6,3.75],"texture":"#main"}}},{"rotation":{"origin":[8,12,18],"angle":-22.5,"axis":"y"},"from":[-5.5,6.5,9],"to":[-1.5,11.5,13],"faces":{"east":{"uv":[4.75,2.5,5.5,3.5],"texture":"#main"},"south":{"uv":[7,2.5,7.75,3.5],"texture":"#main"},"north":{"uv":[5.5,2.5,6.25,3.5],"texture":"#main"},"west":{"uv":[6.25,2.5,7,3.5],"texture":"#main"},"up":{"uv":[6.25,2.5,5.5,1.75],"texture":"#main"},"down":{"uv":[7,1.75,6.25,2.5],"texture":"#main"}}},{"rotation":{"origin":[9,12,19],"angle":22.5,"axis":"y"},"from":[12.7,7.7,9.9],"to":[17.3,9.3,11.5],"faces":{"east":{"uv":[0,7,0.25,7.25],"texture":"#main"},"south":{"uv":[1.5,7,2.5,7.25],"texture":"#main"},"north":{"uv":[0.25,7,1.25,7.25],"texture":"#main"},"west":{"uv":[1.25,7,1.5,7.25],"texture":"#main"},"up":{"uv":[1.25,7,0.25,6.75],"texture":"#main"},"down":{"uv":[2.25,6.75,1.25,7],"texture":"#main"}}},{"rotation":{"origin":[7,12,19],"angle":22.5,"axis":"y"},"from":[16.5,6.5,9.7],"to":[20.5,11.5,13.7],"faces":{"east":{"uv":[5.5,0.75,6.25,1.75],"texture":"#main"},"south":{"uv":[7.75,0.75,8.5,1.75],"texture":"#main"},"north":{"uv":[6.25,0.75,7,1.75],"texture":"#main"},"west":{"uv":[7,0.75,7.75,1.75],"texture":"#main"},"up":{"uv":[7,0.75,6.25,0],"texture":"#main"},"down":{"uv":[7.75,0,7,0.75],"texture":"#main"}}},{"rotation":{"origin":[15,16,16],"angle":0,"axis":"y"},"from":[4,2,8.499],"to":[11,10,8.499],"faces":{"east":{"uv":[0,4.75,0,6.75],"texture":"#main"},"south":{"uv":[1.75,4.75,3.5,6.75],"texture":"#main"},"north":{"uv":[0,4.75,1.75,6.75],"texture":"#main"},"west":{"uv":[1.75,4.75,1.75,6.75],"texture":"#main"},"up":{"uv":[1.75,4.75,0,4.75],"texture":"#main"},"down":{"uv":[3.5,4.75,1.75,4.75],"texture":"#main"}}},{"rotation":{"origin":[6,17,17],"angle":-22.5,"axis":"y"},"from":[-1,9.3,9],"to":[3,9.3,12],"faces":{"east":{"uv":[4.75,7,5.5,7],"texture":"#main"},"south":{"uv":[7.25,7,8.25,7],"texture":"#main"},"north":{"uv":[5.5,7,6.5,7],"texture":"#main"},"west":{"uv":[6.5,7,7.25,7],"texture":"#main"},"up":{"uv":[6.5,7,5.5,6.25],"texture":"#main"},"down":{"uv":[7.5,6.25,6.5,7],"texture":"#main"}}},{"rotation":{"origin":[9,17,18],"angle":22.5,"axis":"y"},"from":[12,9.3,9],"to":[16,9.3,12],"faces":{"east":{"uv":[2.75,7,3.5,7],"texture":"#main"},"south":{"uv":[5.25,7,6.25,7],"texture":"#main"},"north":{"uv":[3.5,7,4.5,7],"texture":"#main"},"west":{"uv":[4.5,7,5.25,7],"texture":"#main"},"up":{"uv":[4.5,7,3.5,6.25],"texture":"#main"},"down":{"uv":[5.5,6.25,4.5,7],"texture":"#main"}}}],"display":{"head":{"translation":[0.5,-32.5,-2.25],"scale":[1.32,1.32,1.32]}},"groups":[{"children":[0,1,2,3],"origin":[8,8,8],"name":"group"},{"children":[4],"origin":[8,8,8],"name":"group"},{"children":[5,6],"origin":[8,8,8],"name":"group"},{"children":[7,8],"origin":[8,8,8],"name":"group"},{"children":[9,10,11],"origin":[8,8,8],"name":"group"}]}