{"credit":"Made with Blockbench","texture_size":[32,32],"textures":{"main":"pokemon/shelmet"},"elements":[{"from":[-2.1,1.43155,-5.27304],"to":[2.1,3.88155,-0.72304],"rotation":{"angle":0,"axis":"y","origin":[-11.2,0.73155,-12.62304]},"faces":{"north":{"uv":[8,6.5,9.5,7.5],"texture":"#main"},"east":{"uv":[9.5,8,11.25,9],"texture":"#main"},"south":{"uv":[3,10,4.5,11],"texture":"#main"},"west":{"uv":[9.5,9,11.25,10],"texture":"#main"},"up":{"uv":[3.5,8.25,2,6.5],"texture":"#main"},"down":{"uv":[1.5,7,0,8.75],"texture":"#main"}}},{"from":[-1.75,0.03155,-1.77304],"to":[-1.75,2.48155,1.02696],"rotation":{"angle":0,"axis":"y","origin":[-10.85,-0.66845,-9.12304]},"faces":{"north":{"uv":[0,0,0,1],"texture":"#main"},"east":{"uv":[1,10.5,0,11.5],"texture":"#main"},"south":{"uv":[0,0,0,1],"texture":"#main"},"west":{"uv":[0,10.5,1,11.5],"texture":"#main"},"up":{"uv":[0,1,0,0],"texture":"#main"},"down":{"uv":[0,0,0,1],"texture":"#main"}}},{"from":[1.75,0.03155,-1.77304],"to":[1.75,2.48155,1.02696],"rotation":{"angle":0,"axis":"y","origin":[10.85,-0.66845,-9.12304]},"faces":{"north":{"uv":[0,0,0,1],"texture":"#main"},"east":{"uv":[1,10.5,0,11.5],"texture":"#main"},"south":{"uv":[0,0,0,1],"texture":"#main"},"west":{"uv":[0,10.5,1,11.5],"texture":"#main"},"up":{"uv":[0,1,0,0],"texture":"#main"},"down":{"uv":[0,0,0,1],"texture":"#main"}}},{"from":[-1.4,3.88155,0.32696],"to":[1.4,10.88155,6.97696],"rotation":{"angle":0,"axis":"y","origin":[-11.2,3.18155,-5.62304]},"faces":{"north":{"uv":[3.5,7.5,4.5,10],"texture":"#main"},"east":{"uv":[0,0,2.5,2.5],"texture":"#main"},"south":{"uv":[4.5,7.5,5.5,10],"texture":"#main"},"west":{"uv":[0,2.5,2.5,5],"texture":"#main"},"up":{"uv":[6.5,10,5.5,7.5],"texture":"#main"},"down":{"uv":[7.5,7.5,6.5,10],"texture":"#main"}}},{"from":[-2.8,6.61155,-2.47304],"to":[2.8,10.18155,3.47696],"rotation":{"angle":22.5,"axis":"x","origin":[0,8.08155,-1.94804]},"faces":{"north":{"uv":[6.5,4.5,8.5,5.75],"texture":"#main"},"east":{"uv":[6.5,1.5,8.75,2.75],"texture":"#main"},"south":{"uv":[7.5,7.5,9.5,8.75],"texture":"#main"},"west":{"uv":[6.5,3,8.75,4.25],"texture":"#main"},"up":{"uv":[4.5,2.25,2.5,0],"texture":"#main"},"down":{"uv":[4.5,2.5,2.5,4.75],"texture":"#main"}}},{"from":[-2.45,1.71788,-2.1357],"to":[2.45,5.28788,2.4143],"rotation":{"angle":-45,"axis":"x","origin":[0,3.50288,0.1393]},"faces":{"north":{"uv":[8.5,0,10.25,1.25],"texture":"#main"},"east":{"uv":[9,1.5,10.75,2.75],"texture":"#main"},"south":{"uv":[9,3,10.75,4.25],"texture":"#main"},"west":{"uv":[7.5,9,9.25,10.25],"texture":"#main"},"up":{"uv":[6.25,1.75,4.5,0],"texture":"#main"},"down":{"uv":[6.25,2,4.5,3.75],"texture":"#main"}}},{"from":[-2.45,6.89155,-6.39304],"to":[2.45,8.99155,-1.84304],"rotation":{"angle":22.5,"axis":"x","origin":[0,8.29155,-2.36804]},"faces":{"north":{"uv":[4.5,10,6.25,10.75],"texture":"#main"},"east":{"uv":[10,4.5,11.75,5.25],"texture":"#main"},"south":{"uv":[10,5.5,11.75,6.25],"texture":"#main"},"west":{"uv":[9.5,10,11.25,10.75],"texture":"#main"},"up":{"uv":[6.25,5.75,4.5,4],"texture":"#main"},"down":{"uv":[1.75,5,0,6.75],"texture":"#main"}}},{"from":[-1.75,3.53155,-4.22304],"to":[1.75,7.73155,1.37696],"rotation":{"angle":0,"axis":"y","origin":[0,3.53155,-4.22304]},"faces":{"north":{"uv":[0,9,1.25,10.5],"texture":"#main"},"east":{"uv":[2,5,4,6.5],"texture":"#main"},"south":{"uv":[9.5,6.5,10.75,8],"texture":"#main"},"west":{"uv":[4,6,6,7.5],"texture":"#main"},"up":{"uv":[2.75,10.5,1.5,8.5],"texture":"#main"},"down":{"uv":[9.75,4.5,8.5,6.5],"texture":"#main"}}},{"from":[0,3.53155,-9.82304],"to":[0,7.73155,-4.22304],"rotation":{"angle":0,"axis":"y","origin":[1.75,3.53155,-9.82304]},"faces":{"north":{"uv":[0,0,0,1.5],"texture":"#main"},"east":{"uv":[6,6,8,7.5],"texture":"#main"},"south":{"uv":[0,0,0,1.5],"texture":"#main"},"west":{"uv":[6.5,0,8.5,1.5],"texture":"#main"},"up":{"uv":[0,2,0,0],"texture":"#main"},"down":{"uv":[0,0,0,2],"texture":"#main"}}}],"display":{"head":{"translation":[8,-35,8]}},"groups":[{"name":"Shelmet","origin":[0,-0.07888,0.05759],"color":0,"children":[{"name":"body","origin":[0,0.07112,0.40759],"color":0,"children":[0,1,2,3,4,5,6,7,8]}]}]}