{"parent":"physical_parent","textures":{"main":"pokemon/snorlax"},"elements":[{"from":[0,3,0],"to":[16,19,16],"faces":{"east":{"uv":[8.5,0,12.5,4],"texture":"#main"},"south":{"uv":[8.5,0,12.5,4],"texture":"#main"},"north":{"uv":[0,0,4,4],"texture":"#main"},"west":{"uv":[4.25,0,8.25,4],"texture":"#main"},"up":{"uv":[4.25,4.25,8.25,8.25],"texture":"#main"},"down":{"uv":[4.25,0,8.25,4],"texture":"#main"}}},{"from":[4,19,4],"to":[12,27,12],"faces":{"east":{"uv":[0,6.5,2,8.5],"texture":"#main"},"south":{"uv":[0,6.5,2,8.5],"texture":"#main"},"north":{"uv":[0,4.25,2,6.25],"texture":"#main"},"west":{"uv":[0,6.5,2,8.5],"texture":"#main"},"up":{"uv":[0,6.5,2,8.5],"texture":"#main"}}},{"from":[3,23,8],"to":[13,29,8.1],"faces":{"south":{"uv":[0,8.75,2.5,10.25],"texture":"#main"},"north":{"uv":[0,8.75,2.5,10.25],"texture":"#main"}}},{"rotation":{"origin":[13.5,1.5,7.5],"angle":-45,"axis":"y"},"from":[11,0,4],"to":[16,3,11],"faces":{"east":{"uv":[0,13,1.75,13.75],"texture":"#main","rotation":180},"south":{"uv":[2,14,3.25,14.75],"texture":"#main"},"north":{"uv":[2,13,3.25,13.75],"texture":"#main"},"west":{"uv":[3.5,13,5.25,13.75],"texture":"#main","rotation":180},"up":{"uv":[0.5,11,1.75,12.75],"texture":"#main"},"down":{"uv":[0.5,11,1.75,12.75],"texture":"#main","rotation":180}}},{"rotation":{"origin":[2.5,1.5,8.5],"angle":45,"axis":"y"},"from":[0,0,5],"to":[5,3,12],"faces":{"east":{"uv":[0,13,1.75,13.75],"texture":"#main","rotation":180},"south":{"uv":[2,14,3.25,14.75],"texture":"#main"},"north":{"uv":[2,13,3.25,13.75],"texture":"#main"},"west":{"uv":[3.5,13,5.25,13.75],"texture":"#main","rotation":180},"up":{"uv":[0.5,11,1.75,12.75],"texture":"#main"},"down":{"uv":[0.5,11,1.75,12.75],"texture":"#main","rotation":180}}},{"from":[-4,6,5],"to":[0,17,9],"faces":{"east":{"uv":[7.25,8.75,8.25,11.5],"texture":"#main"},"south":{"uv":[7.25,8.75,8.25,11.5],"texture":"#main"},"north":{"uv":[3.25,8.75,4.25,11.5],"texture":"#main"},"west":{"uv":[6,8.75,7,11.5],"texture":"#main"},"up":{"uv":[6,8.75,7,9.75],"texture":"#main","rotation":270},"down":{"uv":[6,11.75,7,12.75],"texture":"#main","rotation":180}}},{"from":[16,6,5],"to":[20,17,9],"faces":{"east":{"uv":[4.75,8.75,5.75,11.5],"texture":"#main"},"south":{"uv":[7.25,8.75,8.25,11.5],"texture":"#main"},"north":{"uv":[3.25,8.75,4.25,11.5],"texture":"#main"},"west":{"uv":[7.25,8.75,8.25,11.5],"texture":"#main"},"up":{"uv":[6,8.75,7,9.75],"texture":"#main","rotation":90},"down":{"uv":[6,11.75,7,12.75],"texture":"#main","rotation":180}}}],"display":{"head":{"translation":[0,-23.63,0],"scale":[3.2,2.7,2.9]}}}