{"parent":"physical_parent","textures":{"main":"pokemon/torchic"},"texture_size":[64,64],"elements":[{"rotation":{"origin":[8,10,8.5],"angle":0,"axis":"y"},"from":[4,6.5,5],"to":[12,13.5,12],"faces":{"east":{"uv":[0,1.75,1.75,3.5],"texture":"#main"},"south":{"uv":[5.5,1.75,7.5,3.5],"texture":"#main"},"north":{"uv":[1.75,1.75,3.75,3.5],"texture":"#main"},"west":{"uv":[3.75,1.75,5.5,3.5],"texture":"#main"},"up":{"uv":[3.75,1.75,1.75,0],"texture":"#main"},"down":{"uv":[5.75,0,3.75,1.75],"texture":"#main"}}},{"rotation":{"origin":[8,15.81008,11.95578],"angle":22.5,"axis":"x"},"from":[4,13.31008,11.95578],"to":[12,18.31008,11.95578],"faces":{"east":{"uv":[4.75,3.5,4.75,4.75],"texture":"#main"},"south":{"uv":[6.75,3.5,8.75,4.75],"texture":"#main"},"north":{"uv":[4.75,3.5,6.75,4.75],"texture":"#main"},"west":{"uv":[6.75,3.5,6.75,4.75],"texture":"#main"},"up":{"uv":[6.75,3.5,4.75,3.5],"texture":"#main"},"down":{"uv":[8.75,3.5,6.75,3.5],"texture":"#main"}}},{"rotation":{"origin":[8,8,4.5],"angle":0,"axis":"y"},"from":[6.5,7.5,4],"to":[9.5,8.5,5],"faces":{"east":{"uv":[4.75,5,5,5.25],"texture":"#main"},"south":{"uv":[6,5,6.75,5.25],"texture":"#main"},"north":{"uv":[5,5,5.75,5.25],"texture":"#main"},"west":{"uv":[5.75,5,6,5.25],"texture":"#main"},"up":{"uv":[5.75,5,5,4.75],"texture":"#main"},"down":{"uv":[6.5,4.75,5.75,5],"texture":"#main"}}},{"rotation":{"origin":[8,4.53806,10.30866],"angle":22.5,"axis":"x"},"from":[5,2.03806,6.80866],"to":[11,7.03806,13.80866],"faces":{"east":{"uv":[0,5.25,1.75,6.5],"texture":"#main"},"south":{"uv":[5,5.25,6.5,6.5],"texture":"#main"},"north":{"uv":[1.75,5.25,3.25,6.5],"texture":"#main"},"west":{"uv":[3.25,5.25,5,6.5],"texture":"#main"},"up":{"uv":[3.25,5.25,1.75,3.5],"texture":"#main"},"down":{"uv":[4.75,3.5,3.25,5.25],"texture":"#main"}}},{"rotation":{"origin":[4.28806,5.7088,9.7521],"angle":-22.5,"axis":"z"},"shade":false,"from":[4.28806,3.7088,7.2521],"to":[4.28806,8.7088,12.2521],"faces":{"east":{"uv":[2.5,6.5,1.25,7.75],"texture":"#main"},"south":{"uv":[2.5,6.5,2.5,7.75],"texture":"#main"},"north":{"uv":[1.25,6.5,1.25,7.75],"texture":"#main"},"west":{"uv":[1.25,6.5,0,7.75],"texture":"#main"},"up":{"uv":[1.25,6.5,1.25,5.25],"texture":"#main"},"down":{"uv":[1.25,5.25,1.25,6.5],"texture":"#main"}}},{"rotation":{"origin":[11.71194,5.7088,9.7521],"angle":22.5,"axis":"z"},"from":[11.71194,3.7088,7.2521],"to":[11.71194,8.7088,12.2521],"faces":{"east":{"uv":[0,6.5,1.25,7.75],"texture":"#main"},"south":{"uv":[2.5,6.5,2.5,7.75],"texture":"#main"},"north":{"uv":[1.25,6.5,1.25,7.75],"texture":"#main"},"west":{"uv":[1.25,6.5,2.5,7.75],"texture":"#main"},"up":{"uv":[1.25,6.5,1.25,5.25],"texture":"#main"},"down":{"uv":[1.25,5.25,1.25,6.5],"texture":"#main"}}},{"rotation":{"origin":[11.46194,6.2088,11.5021],"angle":22.5,"axis":"z"},"from":[11.46194,4.2088,9.0021],"to":[11.46194,9.2088,14.0021],"faces":{"east":{"uv":[0,6.5,1.25,7.75],"texture":"#main"},"south":{"uv":[2.5,6.5,2.5,7.75],"texture":"#main"},"north":{"uv":[1.25,6.5,1.25,7.75],"texture":"#main"},"west":{"uv":[1.25,6.5,2.5,7.75],"texture":"#main"},"up":{"uv":[1.25,6.5,1.25,5.25],"texture":"#main"},"down":{"uv":[1.25,5.25,1.25,6.5],"texture":"#main"}}},{"rotation":{"origin":[9.46194,2.4588,9.5021],"angle":0,"axis":"y"},"from":[9,-0.0412,9.5021],"to":[10,3.9588,9.5021],"faces":{"east":{"uv":[0.5,0.5,0.5,1.5],"texture":"#main"},"south":{"uv":[0.75,0.5,1,1.5],"texture":"#main"},"north":{"uv":[0.5,0.5,0.75,1.5],"texture":"#main"},"west":{"uv":[0.75,0.5,0.75,1.5],"texture":"#main"},"up":{"uv":[0.75,0.5,0.5,0.5],"texture":"#main"},"down":{"uv":[1,0.5,0.75,0.5],"texture":"#main"}}},{"rotation":{"origin":[6.46194,2.4588,9.5021],"angle":0,"axis":"y"},"from":[6,-0.0412,9.5021],"to":[7,3.9588,9.5021],"faces":{"east":{"uv":[0,0,0,1],"texture":"#main"},"south":{"uv":[0.25,0,0.5,1],"texture":"#main"},"north":{"uv":[0,0,0.25,1],"texture":"#main"},"west":{"uv":[0.25,0,0.25,1],"texture":"#main"},"up":{"uv":[0.25,0,0,0],"texture":"#main"},"down":{"uv":[0.5,0,0.25,0],"texture":"#main"}}},{"rotation":{"origin":[9.46194,-0.0412,9.0021],"angle":0,"axis":"y"},"from":[9,-0.0412,8.5021],"to":[10,-0.0412,9.5021],"faces":{"east":{"uv":[0.25,0.25,0.5,0.25],"texture":"#main"},"south":{"uv":[1,0.25,1.25,0.25],"texture":"#main"},"north":{"uv":[0.5,0.25,0.75,0.25],"texture":"#main"},"west":{"uv":[0.75,0.25,1,0.25],"texture":"#main"},"up":{"uv":[0.75,0.25,0.5,0],"texture":"#main"},"down":{"uv":[1,0,0.75,0.25],"texture":"#main"}}},{"rotation":{"origin":[6.46194,-0.0412,9.0021],"angle":0,"axis":"y"},"from":[6,-0.0412,8.5021],"to":[7,-0.0412,9.5021],"faces":{"east":{"uv":[0.25,0.5,0.5,0.5],"texture":"#main"},"south":{"uv":[1,0.5,1.25,0.5],"texture":"#main"},"north":{"uv":[0.5,0.5,0.75,0.5],"texture":"#main"},"west":{"uv":[0.75,0.5,1,0.5],"texture":"#main"},"up":{"uv":[0.75,0.5,0.5,0.25],"texture":"#main"},"down":{"uv":[1,0.25,0.75,0.5],"texture":"#main"}}},{"rotation":{"origin":[8,6.06775,8.11837],"angle":0,"axis":"x"},"from":[6,3.56775,6.11837],"to":[10,8.56775,10.11837],"faces":{"east":{"uv":[5.5,6.5,6.5,7.75],"texture":"#main"},"south":{"uv":[8.5,6.5,9.5,7.75],"texture":"#main"},"north":{"uv":[6.5,6.5,7.5,7.75],"texture":"#main"},"west":{"uv":[7.5,6.5,8.5,7.75],"texture":"#main"},"up":{"uv":[7.5,6.5,6.5,5.5],"texture":"#main"},"down":{"uv":[8.5,5.5,7.5,6.5],"texture":"#main"}}}],"display":{"head":{"translation":[0,-31,-2],"scale":[1.5,1.5,1.5]}},"groups":[{"children":[{"children":[0,1,2],"origin":[0,0,0],"name":"head"},{"children":[3,4,5,6,7,8,9,10,11],"origin":[0,0,0],"name":"body"}],"origin":[0,0,0],"name":"torchic"}]}