{"credit":"Made with Blockbench","texture_size":[32,32],"textures":{"main":"pokemon/tranquill"},"elements":[{"from":[-2.1,3.23999,0.07308],"to":[2.1,6.83999,3.67308],"rotation":{"angle":-45,"axis":"x","origin":[0,0.74533,0.37353]},"faces":{"north":{"uv":[4,11,6,12.75],"texture":"#main"},"east":{"uv":[12,10,13.75,11.75],"texture":"#main"},"south":{"uv":[11.5,4,13.5,5.75],"texture":"#main"},"west":{"uv":[12,12,13.75,13.75],"texture":"#main"},"up":{"uv":[13.5,7.75,11.5,6],"texture":"#main"},"down":{"uv":[13.5,8,11.5,9.75],"texture":"#main"}}},{"from":[-2.4,2.3,-1.6],"to":[2.4,5.9,4.4],"rotation":{"angle":0,"axis":"y","origin":[0,0.74533,0.37353]},"faces":{"north":{"uv":[11,0,13.5,1.75],"texture":"#main"},"east":{"uv":[0,9,3,10.75],"texture":"#main"},"south":{"uv":[11.5,2,14,3.75],"texture":"#main"},"west":{"uv":[3,9,6,10.75],"texture":"#main"},"up":{"uv":[2.5,9,0,6],"texture":"#main"},"down":{"uv":[5,6,2.5,9],"texture":"#main"}}},{"from":[-2.43,2.6,-2.2],"to":[-2.43,6.2,8.2],"rotation":{"angle":0,"axis":"y","origin":[0,0.74533,0.37353]},"faces":{"north":{"uv":[0,0,0,1.75],"texture":"#main"},"east":{"uv":[0,0,5.25,1.75],"texture":"#main"},"south":{"uv":[0,0,0,1.75],"texture":"#main"},"west":{"uv":[0,2,5.25,3.75],"texture":"#main"},"up":{"uv":[0,5.25,0,0],"texture":"#main"},"down":{"uv":[0,0,0,5.25],"texture":"#main"}}},{"from":[2.43,2.6,-2.2],"to":[2.43,6.2,8.2],"rotation":{"angle":0,"axis":"y","origin":[0,0.74533,0.37353]},"faces":{"north":{"uv":[0,0,0,1.75],"texture":"#main"},"east":{"uv":[0,4,5.25,5.75],"texture":"#main"},"south":{"uv":[0,0,0,1.75],"texture":"#main"},"west":{"uv":[5.5,0,10.75,1.75],"texture":"#main"},"up":{"uv":[0,5.25,0,0],"texture":"#main"},"down":{"uv":[0,0,0,5.25],"texture":"#main"}}},{"from":[-2.4,1.71882,6.44131],"to":[2.4,1.71882,13.24131],"rotation":{"angle":-45,"axis":"x","origin":[0,1.34533,0.37353]},"faces":{"north":{"uv":[0,0,2.5,0],"texture":"#main"},"east":{"uv":[0,0,3.5,0],"texture":"#main"},"south":{"uv":[0,0,2.5,0],"texture":"#main"},"west":{"uv":[0,0,3.5,0],"texture":"#main"},"up":{"uv":[8,5.5,5.5,2],"texture":"#main"},"down":{"uv":[8,5.5,5.5,9],"texture":"#main"}}},{"from":[-1.55,4.7,-3.75],"to":[1.55,11.8,-0.6],"rotation":{"angle":0,"axis":"y","origin":[0,0.74533,0.37353]},"faces":{"north":{"uv":[6,9,7.5,12.5],"texture":"#main"},"east":{"uv":[7.5,10,9,13.5],"texture":"#main"},"south":{"uv":[9,10,10.5,13.5],"texture":"#main"},"west":{"uv":[10.5,10,12,13.5],"texture":"#main"},"up":{"uv":[7.5,14,6,12.5],"texture":"#main"},"down":{"uv":[15,4,13.5,5.5],"texture":"#main"}}},{"from":[0,7.75,-7.45],"to":[0,10.45,-3.75],"rotation":{"angle":0,"axis":"y","origin":[0,0.74533,0.37353]},"faces":{"north":{"uv":[0,0,0,1.25],"texture":"#main"},"east":{"uv":[13.5,5.5,15.25,6.75],"texture":"#main"},"south":{"uv":[0,0,0,1.25],"texture":"#main"},"west":{"uv":[13.5,7,15.25,8.25],"texture":"#main"},"up":{"uv":[0,1.75,0,0],"texture":"#main"},"down":{"uv":[0,0,0,1.75],"texture":"#main"}}},{"from":[0,10.11349,-2.53608],"to":[0,14.81349,1.36392],"rotation":{"angle":45,"axis":"x","origin":[0,10.50208,-0.64893]},"faces":{"north":{"uv":[0,0,0,2.25],"texture":"#main"},"east":{"uv":[0,11,2,13.25],"texture":"#main"},"south":{"uv":[0,0,0,2.25],"texture":"#main"},"west":{"uv":[2,11,4,13.25],"texture":"#main"},"up":{"uv":[0,2,0,0],"texture":"#main"},"down":{"uv":[0,0,0,2],"texture":"#main"}}},{"from":[-3.55,7.875,-0.7],"to":[3.55,7.875,3.45],"rotation":{"angle":-22.5,"axis":"x","origin":[0,7.8,-0.525]},"faces":{"north":{"uv":[0,0,3.5,0],"texture":"#main"},"east":{"uv":[0,0,2,0],"texture":"#main"},"south":{"uv":[0,0,3.5,0],"texture":"#main"},"west":{"uv":[0,0,2,0],"texture":"#main"},"up":{"uv":[11.5,8,8,6],"texture":"#main"},"down":{"uv":[11.5,8,8,10],"texture":"#main"}}},{"from":[-3.55,7.775,-0.7],"to":[3.55,7.775,3.45],"rotation":{"angle":22.5,"axis":"x","origin":[0,7.7,-0.525]},"faces":{"north":{"uv":[0,0,3.5,0],"texture":"#main"},"east":{"uv":[0,0,2,0],"texture":"#main"},"south":{"uv":[0,0,3.5,0],"texture":"#main"},"west":{"uv":[0,0,2,0],"texture":"#main"},"up":{"uv":[11.5,4,8,2],"texture":"#main"},"down":{"uv":[11.5,4,8,6],"texture":"#main"}}},{"from":[-2.15,1.45,-0.35],"to":[-1.1,2.3,0.975],"rotation":{"angle":0,"axis":"y","origin":[0,-2.85467,-0.62647]},"faces":{"north":{"uv":[13.5,9,14,9.5],"texture":"#main"},"east":{"uv":[13.5,1.5,14.25,2],"texture":"#main"},"south":{"uv":[13.5,9.5,14,10],"texture":"#main"},"west":{"uv":[7.5,13.5,8.25,14],"texture":"#main"},"up":{"uv":[5.5,6.75,5,6],"texture":"#main"},"down":{"uv":[5.5,7,5,7.75],"texture":"#main"}}},{"from":[-1.92,0.05,0],"to":[-1.35,2.3,0.6],"rotation":{"angle":0,"axis":"y","origin":[0,-0.00467,-0.12647]},"faces":{"north":{"uv":[9.5,13.5,9.75,14.75],"texture":"#main"},"east":{"uv":[10,13.5,10.25,14.75],"texture":"#main"},"south":{"uv":[10.5,13.5,10.75,14.75],"texture":"#main"},"west":{"uv":[11,13.5,11.25,14.75],"texture":"#main"},"up":{"uv":[7.75,14.25,7.5,14],"texture":"#main"},"down":{"uv":[8.25,14,8,14.25],"texture":"#main"}}},{"from":[-3.3,0.05,-1.4],"to":[0,0.05,1.6],"rotation":{"angle":0,"axis":"y","origin":[0,-0.00467,-0.12647]},"faces":{"north":{"uv":[0,0,1.75,0],"texture":"#main"},"east":{"uv":[0,0,1.5,0],"texture":"#main"},"south":{"uv":[0,0,1.75,0],"texture":"#main"},"west":{"uv":[0,0,1.5,0],"texture":"#main"},"up":{"uv":[5.75,14.5,4,13],"texture":"#main"},"down":{"uv":[1.75,13.5,0,15],"texture":"#main"}}},{"from":[1.1,1.45,-0.35],"to":[2.15,2.3,0.975],"rotation":{"angle":0,"axis":"y","origin":[0,-2.85467,-0.62647]},"faces":{"north":{"uv":[14,3.5,14.5,4],"texture":"#main"},"east":{"uv":[8.5,13.5,9.25,14],"texture":"#main"},"south":{"uv":[7,14,7.5,14.5],"texture":"#main"},"west":{"uv":[13.5,8.5,14.25,9],"texture":"#main"},"up":{"uv":[5.5,8.75,5,8],"texture":"#main"},"down":{"uv":[8,9,7.5,9.75],"texture":"#main"}}},{"from":[1.35,0.05,0],"to":[1.92,2.3,0.6],"rotation":{"angle":0,"axis":"y","origin":[0,-0.00467,-0.12647]},"faces":{"north":{"uv":[11.5,13.5,11.75,14.75],"texture":"#main"},"east":{"uv":[14,2,14.25,3.25],"texture":"#main"},"south":{"uv":[6,14,6.25,15.25],"texture":"#main"},"west":{"uv":[6.5,14,6.75,15.25],"texture":"#main"},"up":{"uv":[8.75,14.25,8.5,14],"texture":"#main"},"down":{"uv":[9.25,14,9,14.25],"texture":"#main"}}},{"from":[0,0.05,-1.4],"to":[3.3,0.05,1.6],"rotation":{"angle":0,"axis":"y","origin":[0,-0.00467,-0.12647]},"faces":{"north":{"uv":[0,0,1.75,0],"texture":"#main"},"east":{"uv":[0,0,1.5,0],"texture":"#main"},"south":{"uv":[0,0,1.75,0],"texture":"#main"},"west":{"uv":[0,0,1.5,0],"texture":"#main"},"up":{"uv":[15.25,1.5,13.5,0],"texture":"#main"},"down":{"uv":[3.75,13.5,2,15],"texture":"#main"}}}],"display":{"head":{"translation":[8,-35,6.25]}},"groups":[{"name":"tranquill","origin":[0,-0.18251,0.5934],"color":0,"children":[{"name":"body","origin":[0,3.47123,0.89855],"color":0,"children":[0,1,{"name":"wing_l","origin":[-2.43,4.4,-2.2],"color":0,"children":[2]},{"name":"wing_r","origin":[2.43,4.4,-2.2],"color":0,"children":[3]},{"name":"tail","origin":[0,5.90416,4.40416],"color":0,"children":[4]},{"name":"head","origin":[0,5.71663,-2.15636],"color":0,"children":[5,6,7,8,9]}]},{"name":"leg_l","origin":[-1.63667,2.28333,0.2375],"color":0,"children":[10,11,12]},{"name":"leg_r","origin":[1.63667,2.28333,0.2375],"color":0,"children":[13,14,15]}]}]}