{"credit":"Made with Blockbench","texture_size":[128,128],"textures":{"main":"pokemon/trevenant"},"elements":[{"from":[6.00227,3.39323,5.001],"to":[10.00227,6.89323,9.501],"rotation":{"angle":0,"axis":"y","origin":[8.00227,3.39323,7.001]},"faces":{"north":{"uv":[4.125,7.125,5.125,8],"texture":"#main"},"east":{"uv":[6.25,1,7.375,1.875],"texture":"#main"},"south":{"uv":[7.375,1,8.375,1.875],"texture":"#main"},"west":{"uv":[6.875,4.125,8,5],"texture":"#main"},"up":{"uv":[3.125,8,2.125,6.875],"texture":"#main"},"down":{"uv":[7.875,3,6.875,4.125],"texture":"#main"}}},{"from":[5.25227,1.14323,4.251],"to":[10.75227,5.14323,10.251],"rotation":{"angle":0,"axis":"y","origin":[8.00227,0.89323,7.001]},"faces":{"north":{"uv":[6,2,7.375,3],"texture":"#main"},"east":{"uv":[4.75,0,6.25,1],"texture":"#main"},"south":{"uv":[6.25,0,7.625,1],"texture":"#main"},"west":{"uv":[4.75,1,6.25,2],"texture":"#main"},"up":{"uv":[1.375,4.75,0,3.25],"texture":"#main"},"down":{"uv":[4.625,2.875,3.25,4.375],"texture":"#main"}}},{"from":[1.75227,2.14323,4.251],"to":[5.25227,4.64323,6.251],"rotation":{"angle":0,"axis":"y","origin":[2.50227,0.89323,6.501]},"faces":{"north":{"uv":[3.25,8.25,4.125,8.875],"texture":"#main"},"east":{"uv":[2.25,9.375,2.75,10],"texture":"#main"},"south":{"uv":[8.375,6.625,9.25,7.25],"texture":"#main"},"west":{"uv":[2.75,9.375,3.25,10],"texture":"#main"},"up":{"uv":[9,9.25,8.125,8.75],"texture":"#main"},"down":{"uv":[2.375,8.875,1.5,9.375],"texture":"#main"}}},{"from":[-0.18523,1.89323,4.501],"to":[3.31477,4.01823,6.001],"rotation":{"angle":45,"axis":"z","origin":[1.87727,2.45573,5.251]},"faces":{"north":{"uv":[2.375,8.875,3.25,9.375],"texture":"#main"},"east":{"uv":[1.375,4.5,1.75,5],"texture":"#main"},"south":{"uv":[3.25,8.875,4.125,9.375],"texture":"#main"},"west":{"uv":[1.375,5,1.75,5.5],"texture":"#main"},"up":{"uv":[1.375,9.75,0.5,9.375],"texture":"#main"},"down":{"uv":[2.25,9.375,1.375,9.75],"texture":"#main"}}},{"from":[-0.77213,0.82594,4.626],"to":[2.72787,1.95094,5.876],"rotation":{"angle":45,"axis":"z","origin":[0.97787,0.88844,5.251]},"faces":{"north":{"uv":[2.125,8,3,8.25],"texture":"#main"},"east":{"uv":[1.375,5.5,1.75,5.75],"texture":"#main"},"south":{"uv":[8.625,0.5,9.5,0.75],"texture":"#main"},"west":{"uv":[2.625,6.625,3,6.875],"texture":"#main"},"up":{"uv":[10.25,1.75,9.375,1.375],"texture":"#main"},"down":{"uv":[10.25,1.75,9.375,2.125],"texture":"#main"}}},{"from":[1.75227,2.14323,6.251],"to":[5.25227,4.64323,8.251],"rotation":{"angle":0,"axis":"y","origin":[2.50227,0.89323,8.501]},"faces":{"north":{"uv":[3.25,8.25,4.125,8.875],"texture":"#main"},"east":{"uv":[2.25,9.375,2.75,10],"texture":"#main"},"south":{"uv":[8.375,6.625,9.25,7.25],"texture":"#main"},"west":{"uv":[2.75,9.375,3.25,10],"texture":"#main"},"up":{"uv":[9,9.25,8.125,8.75],"texture":"#main"},"down":{"uv":[2.375,8.875,1.5,9.375],"texture":"#main"}}},{"from":[-0.18523,1.89323,6.501],"to":[3.31477,4.01823,8.001],"rotation":{"angle":45,"axis":"z","origin":[1.87727,2.45573,7.251]},"faces":{"north":{"uv":[2.375,8.875,3.25,9.375],"texture":"#main"},"east":{"uv":[1.375,4.5,1.75,5],"texture":"#main"},"south":{"uv":[3.25,8.875,4.125,9.375],"texture":"#main"},"west":{"uv":[1.375,5,1.75,5.5],"texture":"#main"},"up":{"uv":[1.375,9.75,0.5,9.375],"texture":"#main"},"down":{"uv":[2.25,9.375,1.375,9.75],"texture":"#main"}}},{"from":[-0.77213,0.82594,6.626],"to":[2.72787,1.95094,7.876],"rotation":{"angle":45,"axis":"z","origin":[0.97787,0.88844,7.251]},"faces":{"north":{"uv":[2.125,8,3,8.25],"texture":"#main"},"east":{"uv":[1.375,5.5,1.75,5.75],"texture":"#main"},"south":{"uv":[8.625,0.5,9.5,0.75],"texture":"#main"},"west":{"uv":[2.625,6.625,3,6.875],"texture":"#main"},"up":{"uv":[10.25,1.75,9.375,1.375],"texture":"#main"},"down":{"uv":[10.25,1.75,9.375,2.125],"texture":"#main"}}},{"from":[-0.77213,0.82594,8.626],"to":[2.72787,1.95094,9.876],"rotation":{"angle":45,"axis":"z","origin":[0.97787,0.88844,9.251]},"faces":{"north":{"uv":[2.125,8,3,8.25],"texture":"#main"},"east":{"uv":[1.375,5.5,1.75,5.75],"texture":"#main"},"south":{"uv":[8.625,0.5,9.5,0.75],"texture":"#main"},"west":{"uv":[2.625,6.625,3,6.875],"texture":"#main"},"up":{"uv":[10.25,1.75,9.375,1.375],"texture":"#main"},"down":{"uv":[10.25,1.75,9.375,2.125],"texture":"#main"}}},{"from":[-0.18523,1.89323,8.501],"to":[3.31477,4.01823,10.001],"rotation":{"angle":45,"axis":"z","origin":[1.87727,2.45573,9.251]},"faces":{"north":{"uv":[2.375,8.875,3.25,9.375],"texture":"#main"},"east":{"uv":[1.375,4.5,1.75,5],"texture":"#main"},"south":{"uv":[3.25,8.875,4.125,9.375],"texture":"#main"},"west":{"uv":[1.375,5,1.75,5.5],"texture":"#main"},"up":{"uv":[1.375,9.75,0.5,9.375],"texture":"#main"},"down":{"uv":[2.25,9.375,1.375,9.75],"texture":"#main"}}},{"from":[1.75227,2.14323,8.251],"to":[5.25227,4.64323,10.251],"rotation":{"angle":0,"axis":"y","origin":[2.50227,0.89323,10.501]},"faces":{"north":{"uv":[3.25,8.25,4.125,8.875],"texture":"#main"},"east":{"uv":[2.25,9.375,2.75,10],"texture":"#main"},"south":{"uv":[8.375,6.625,9.25,7.25],"texture":"#main"},"west":{"uv":[2.75,9.375,3.25,10],"texture":"#main"},"up":{"uv":[9,9.25,8.125,8.75],"texture":"#main"},"down":{"uv":[2.375,8.875,1.5,9.375],"texture":"#main"}}},{"from":[13.27667,0.82594,8.626],"to":[16.77667,1.95094,9.876],"rotation":{"angle":-45,"axis":"z","origin":[15.02667,0.88844,9.251]},"faces":{"north":{"uv":[3,8,2.125,8.25],"texture":"#main"},"east":{"uv":[3,6.625,2.625,6.875],"texture":"#main"},"south":{"uv":[9.5,0.5,8.625,0.75],"texture":"#main"},"west":{"uv":[1.75,5.5,1.375,5.75],"texture":"#main"},"up":{"uv":[9.375,1.75,10.25,1.375],"texture":"#main"},"down":{"uv":[9.375,1.75,10.25,2.125],"texture":"#main"}}},{"from":[12.68977,1.89323,8.501],"to":[16.18977,4.01823,10.001],"rotation":{"angle":-45,"axis":"z","origin":[14.12727,2.45573,9.251]},"faces":{"north":{"uv":[3.25,8.875,2.375,9.375],"texture":"#main"},"east":{"uv":[1.75,5,1.375,5.5],"texture":"#main"},"south":{"uv":[4.125,8.875,3.25,9.375],"texture":"#main"},"west":{"uv":[1.75,4.5,1.375,5],"texture":"#main"},"up":{"uv":[0.5,9.75,1.375,9.375],"texture":"#main"},"down":{"uv":[1.375,9.375,2.25,9.75],"texture":"#main"}}},{"from":[10.75227,2.14323,8.251],"to":[14.25227,4.64323,10.251],"rotation":{"angle":0,"axis":"y","origin":[13.50227,0.89323,10.501]},"faces":{"north":{"uv":[4.125,8.25,3.25,8.875],"texture":"#main"},"east":{"uv":[3.25,9.375,2.75,10],"texture":"#main"},"south":{"uv":[9.25,6.625,8.375,7.25],"texture":"#main"},"west":{"uv":[2.75,9.375,2.25,10],"texture":"#main"},"up":{"uv":[8.125,9.25,9,8.75],"texture":"#main"},"down":{"uv":[1.5,8.875,2.375,9.375],"texture":"#main"}}},{"from":[10.75227,2.14323,6.251],"to":[14.25227,4.64323,8.251],"rotation":{"angle":0,"axis":"y","origin":[13.50227,0.89323,8.501]},"faces":{"north":{"uv":[4.125,8.25,3.25,8.875],"texture":"#main"},"east":{"uv":[3.25,9.375,2.75,10],"texture":"#main"},"south":{"uv":[9.25,6.625,8.375,7.25],"texture":"#main"},"west":{"uv":[2.75,9.375,2.25,10],"texture":"#main"},"up":{"uv":[8.125,9.25,9,8.75],"texture":"#main"},"down":{"uv":[1.5,8.875,2.375,9.375],"texture":"#main"}}},{"from":[12.68977,1.89323,6.501],"to":[16.18977,4.01823,8.001],"rotation":{"angle":-45,"axis":"z","origin":[14.12727,2.45573,7.251]},"faces":{"north":{"uv":[3.25,8.875,2.375,9.375],"texture":"#main"},"east":{"uv":[1.75,5,1.375,5.5],"texture":"#main"},"south":{"uv":[4.125,8.875,3.25,9.375],"texture":"#main"},"west":{"uv":[1.75,4.5,1.375,5],"texture":"#main"},"up":{"uv":[0.5,9.75,1.375,9.375],"texture":"#main"},"down":{"uv":[1.375,9.375,2.25,9.75],"texture":"#main"}}},{"from":[13.27667,0.82594,6.626],"to":[16.77667,1.95094,7.876],"rotation":{"angle":-45,"axis":"z","origin":[15.02667,0.88844,7.251]},"faces":{"north":{"uv":[3,8,2.125,8.25],"texture":"#main"},"east":{"uv":[3,6.625,2.625,6.875],"texture":"#main"},"south":{"uv":[9.5,0.5,8.625,0.75],"texture":"#main"},"west":{"uv":[1.75,5.5,1.375,5.75],"texture":"#main"},"up":{"uv":[9.375,1.75,10.25,1.375],"texture":"#main"},"down":{"uv":[9.375,1.75,10.25,2.125],"texture":"#main"}}},{"from":[12.68977,1.89323,4.501],"to":[16.18977,4.01823,6.001],"rotation":{"angle":-45,"axis":"z","origin":[14.12727,2.45573,5.251]},"faces":{"north":{"uv":[3.25,8.875,2.375,9.375],"texture":"#main"},"east":{"uv":[1.75,5,1.375,5.5],"texture":"#main"},"south":{"uv":[4.125,8.875,3.25,9.375],"texture":"#main"},"west":{"uv":[1.75,4.5,1.375,5],"texture":"#main"},"up":{"uv":[0.5,9.75,1.375,9.375],"texture":"#main"},"down":{"uv":[1.375,9.375,2.25,9.75],"texture":"#main"}}},{"from":[13.27667,0.82594,4.626],"to":[16.77667,1.95094,5.876],"rotation":{"angle":-45,"axis":"z","origin":[15.02667,0.88844,5.251]},"faces":{"north":{"uv":[3,8,2.125,8.25],"texture":"#main"},"east":{"uv":[3,6.625,2.625,6.875],"texture":"#main"},"south":{"uv":[9.5,0.5,8.625,0.75],"texture":"#main"},"west":{"uv":[1.75,5.5,1.375,5.75],"texture":"#main"},"up":{"uv":[9.375,1.75,10.25,1.375],"texture":"#main"},"down":{"uv":[9.375,1.75,10.25,2.125],"texture":"#main"}}},{"from":[10.75227,2.14323,4.251],"to":[14.25227,4.64323,6.251],"rotation":{"angle":0,"axis":"y","origin":[13.50227,0.89323,6.501]},"faces":{"north":{"uv":[4.125,8.25,3.25,8.875],"texture":"#main"},"east":{"uv":[3.25,9.375,2.75,10],"texture":"#main"},"south":{"uv":[9.25,6.625,8.375,7.25],"texture":"#main"},"west":{"uv":[2.75,9.375,2.25,10],"texture":"#main"},"up":{"uv":[8.125,9.25,9,8.75],"texture":"#main"},"down":{"uv":[1.5,8.875,2.375,9.375],"texture":"#main"}}},{"from":[5.62727,12.89323,4.626],"to":[10.37727,17.39323,9.876],"rotation":{"angle":0,"axis":"y","origin":[8.00227,13.89323,7.001]},"faces":{"north":{"uv":[5.25,5.625,6.5,6.75],"texture":"#main"},"east":{"uv":[4.625,2.75,6,3.875],"texture":"#main"},"south":{"uv":[1.375,5.75,2.625,6.875],"texture":"#main"},"west":{"uv":[0,4.75,1.375,5.875],"texture":"#main"},"up":{"uv":[4.75,1.375,3.5,0],"texture":"#main"},"down":{"uv":[4.75,1.375,3.5,2.75],"texture":"#main"}}},{"from":[7.37727,16.26823,3.876],"to":[8.62727,17.76823,5.376],"rotation":{"angle":-45,"axis":"x","origin":[8.00227,17.01823,4.626]},"faces":{"north":{"uv":[9.75,8.5,10.125,8.875],"texture":"#main"},"east":{"uv":[9.75,8.875,10.125,9.25],"texture":"#main"},"south":{"uv":[9.75,9.625,10.125,10],"texture":"#main"},"west":{"uv":[0,9.875,0.375,10.25],"texture":"#main"},"up":{"uv":[3.625,10.25,3.25,9.875],"texture":"#main"},"down":{"uv":[4,9.875,3.625,10.25],"texture":"#main"}}},{"from":[7.50227,17.14323,4.001],"to":[8.50227,18.76823,5.251],"rotation":{"angle":0,"axis":"y","origin":[8.00227,18.01823,4.501]},"faces":{"north":{"uv":[5.75,2,6,2.375],"texture":"#main"},"east":{"uv":[4,9.875,4.375,10.25],"texture":"#main"},"south":{"uv":[5.75,2.375,6,2.75],"texture":"#main"},"west":{"uv":[4.375,9.875,4.75,10.25],"texture":"#main"},"up":{"uv":[1.375,6.25,1.125,5.875],"texture":"#main"},"down":{"uv":[1.375,6.25,1.125,6.625],"texture":"#main"}}},{"from":[7.87727,17.14323,3.501],"to":[7.87727,20.76823,5.251],"rotation":{"angle":0,"axis":"y","origin":[8.37727,19.51823,4.501]},"faces":{"north":{"uv":[0,0,0,0.875],"texture":"#main"},"east":{"uv":[2.625,5.75,3.125,6.625],"texture":"#main"},"south":{"uv":[0,0,0,0.875],"texture":"#main"},"west":{"uv":[9,2.5,9.5,3.375],"texture":"#main"},"up":{"uv":[0,0.5,0,0],"texture":"#main"},"down":{"uv":[0,0,0,0.5],"texture":"#main"}}},{"from":[3.37727,14.89323,6.126],"to":[6.12727,16.89323,8.376],"rotation":{"angle":0,"axis":"y","origin":[4.25227,13.89323,7.001]},"faces":{"north":{"uv":[5.75,5.125,6.5,5.625],"texture":"#main"},"east":{"uv":[3.25,9.375,3.875,9.875],"texture":"#main"},"south":{"uv":[9,3.375,9.75,3.875],"texture":"#main"},"west":{"uv":[9.375,4.625,10,5.125],"texture":"#main"},"up":{"uv":[1.5,9.375,0.75,8.75],"texture":"#main"},"down":{"uv":[8.125,8.75,7.375,9.375],"texture":"#main"}}},{"from":[0.87727,16.89323,7.251],"to":[4.62727,22.89323,7.251],"rotation":{"angle":0,"axis":"y","origin":[4.25227,13.89323,7.001]},"faces":{"north":{"uv":[3.25,5.625,4.25,7.125],"texture":"#main"},"east":{"uv":[0,0,0,1.5],"texture":"#main"},"south":{"uv":[4.25,5.625,5.25,7.125],"texture":"#main"},"west":{"uv":[0,0,0,1.5],"texture":"#main"},"up":{"uv":[1,0,0,0],"texture":"#main"},"down":{"uv":[1,0,0,0],"texture":"#main"}}},{"from":[1.00227,16.01823,6.626],"to":[3.75227,18.01823,7.876],"rotation":{"angle":-45,"axis":"z","origin":[2.25227,15.89323,7.251]},"faces":{"north":{"uv":[5.125,9,5.875,9.5],"texture":"#main"},"east":{"uv":[7,9.5,7.375,10],"texture":"#main"},"south":{"uv":[9,8.75,9.75,9.25],"texture":"#main"},"west":{"uv":[1.75,9.75,2.125,10.25],"texture":"#main"},"up":{"uv":[9,2.875,8.25,2.5],"texture":"#main"},"down":{"uv":[10.125,2.125,9.375,2.5],"texture":"#main"}}},{"from":[6.50227,5.39323,5.501],"to":[9.50227,16.89323,9.001],"rotation":{"angle":0,"axis":"y","origin":[8.00227,5.39323,7.001]},"faces":{"north":{"uv":[1.75,2.875,2.5,5.75],"texture":"#main"},"east":{"uv":[1.75,0,2.625,2.875],"texture":"#main"},"south":{"uv":[2.5,2.875,3.25,5.75],"texture":"#main"},"west":{"uv":[2.625,0,3.5,2.875],"texture":"#main"},"up":{"uv":[6.75,3.875,6,3],"texture":"#main"},"down":{"uv":[0.75,8.25,0,9.125],"texture":"#main"}}},{"from":[7.00227,13.51823,4.7885],"to":[9.00227,16.01823,4.7885],"rotation":{"angle":0,"axis":"y","origin":[9.50227,5.64323,7.001]},"faces":{"north":{"uv":[7.375,1.875,8.25,2.875],"texture":"#main"},"east":{"uv":[0,0,0,1],"texture":"#main"},"south":{"uv":[8.25,1.875,7.375,2.875],"texture":"#main"},"west":{"uv":[0,0,0,1],"texture":"#main"},"up":{"uv":[0.875,0,0,0],"texture":"#main"},"down":{"uv":[0.875,0,0,0],"texture":"#main"}}},{"from":[6.00227,6.89323,5.001],"to":[10.00227,12.01823,9.501],"rotation":{"angle":0,"axis":"y","origin":[8.00227,5.39323,7.001]},"faces":{"north":{"uv":[5.25,6.75,6.25,8],"texture":"#main"},"east":{"uv":[5.75,3.875,6.875,5.125],"texture":"#main"},"south":{"uv":[1.125,6.875,2.125,8.125],"texture":"#main"},"west":{"uv":[0,5.875,1.125,7.125],"texture":"#main"},"up":{"uv":[1,8.25,0,7.125],"texture":"#main"},"down":{"uv":[4.125,7.125,3.125,8.25],"texture":"#main"}}},{"from":[2.00227,9.89323,6.501],"to":[6.00227,11.51823,8.001],"rotation":{"angle":0,"axis":"y","origin":[4.00227,8.39323,6.001]},"faces":{"north":{"uv":[5.25,8,6.25,8.375],"texture":"#main"},"east":{"uv":[4.75,9.875,5.125,10.25],"texture":"#main"},"south":{"uv":[9.125,3.875,10.125,4.25],"texture":"#main"},"west":{"uv":[5.125,9.875,5.5,10.25],"texture":"#main"},"up":{"uv":[5.125,9.5,4.125,9.125],"texture":"#main"},"down":{"uv":[10.125,4.25,9.125,4.625],"texture":"#main"}}},{"from":[2.00227,9.64323,6.251],"to":[6.00227,11.76823,8.251],"rotation":{"angle":0,"axis":"y","origin":[4.00227,8.14323,6.251]},"faces":{"north":{"uv":[4.625,3.875,5.625,4.375],"texture":"#main"},"east":{"uv":[9.375,7,9.875,7.5],"texture":"#main"},"south":{"uv":[8.375,1.375,9.375,1.875],"texture":"#main"},"west":{"uv":[7.375,9.375,7.875,9.875],"texture":"#main"},"up":{"uv":[9.375,7.75,8.375,7.25],"texture":"#main"},"down":{"uv":[9.375,7.75,8.375,8.25],"texture":"#main"}}},{"from":[-1.99773,9.64323,6.251],"to":[2.00227,11.76823,8.251],"rotation":{"angle":0,"axis":"y","origin":[0.00227,8.14323,6.251]},"faces":{"north":{"uv":[8.375,8.25,9.375,8.75],"texture":"#main"},"east":{"uv":[9.375,7.5,9.875,8],"texture":"#main"},"south":{"uv":[8.625,0,9.625,0.5],"texture":"#main"},"west":{"uv":[9.375,8,9.875,8.5],"texture":"#main"},"up":{"uv":[5.125,9.125,4.125,8.625],"texture":"#main"},"down":{"uv":[7.375,8.625,6.375,9.125],"texture":"#main"}}},{"from":[-3.99773,9.14323,4.751],"to":[-1.49773,14.26823,9.751],"rotation":{"angle":0,"axis":"y","origin":[-3.49773,8.64323,6.251]},"faces":{"north":{"uv":[7.125,7.375,7.75,8.625],"texture":"#main"},"east":{"uv":[3.25,4.375,4.5,5.625],"texture":"#main"},"south":{"uv":[7.625,5,8.25,6.25],"texture":"#main"},"west":{"uv":[4.5,4.375,5.75,5.625],"texture":"#main"},"up":{"uv":[8.375,7.5,7.75,6.25],"texture":"#main"},"down":{"uv":[8.375,7.5,7.75,8.75],"texture":"#main"}}},{"from":[-1.66023,9.14323,3.751],"to":[-1.66023,15.76823,10.751],"rotation":{"angle":0,"axis":"y","origin":[-3.49773,8.64323,6.251]},"faces":{"north":{"uv":[0,0,0,1.625],"texture":"#main"},"east":{"uv":[0,0,1.75,1.625],"texture":"#main"},"south":{"uv":[0,0,0,1.625],"texture":"#main"},"west":{"uv":[0,1.625,1.75,3.25],"texture":"#main"},"up":{"uv":[0,1.75,0,0],"texture":"#main"},"down":{"uv":[0,0,0,1.75],"texture":"#main"}}},{"from":[5.50227,16.39323,4.976],"to":[10.00227,19.01823,9.476],"rotation":{"angle":-45,"axis":"y","origin":[7.75227,18.70573,7.476]},"faces":{"north":{"uv":[7.875,2.875,9,3.5],"texture":"#main"},"east":{"uv":[7.875,3.5,9,4.125],"texture":"#main"},"south":{"uv":[4.125,8,5.25,8.625],"texture":"#main"},"west":{"uv":[8,4.125,9.125,4.75],"texture":"#main"},"up":{"uv":[7.625,6.25,6.5,5.125],"texture":"#main"},"down":{"uv":[7.625,6.25,6.5,7.375],"texture":"#main"}}},{"from":[3.33806,19.01823,8.48323],"to":[7.83806,21.64323,8.48323],"rotation":{"angle":-45,"axis":"y","origin":[6.33806,20.33073,9.98323]},"faces":{"north":{"uv":[8.25,1.875,9.375,2.5],"texture":"#main"},"east":{"uv":[0,0,0,0.625],"texture":"#main"},"south":{"uv":[1,8.125,2.125,8.75],"texture":"#main"},"west":{"uv":[0,0,0,0.625],"texture":"#main"},"up":{"uv":[0,1.125,0,0],"rotation":90,"texture":"#main"},"down":{"uv":[0,0,0,1.125],"rotation":270,"texture":"#main"}}},{"from":[5.50227,19.01823,4.751],"to":[5.50227,21.64323,9.251],"rotation":{"angle":-45,"axis":"y","origin":[7.75227,18.70573,7.251]},"faces":{"north":{"uv":[0,0,0,0.625],"texture":"#main"},"east":{"uv":[2.125,8.25,3.25,8.875],"texture":"#main"},"south":{"uv":[0,0,0,0.625],"texture":"#main"},"west":{"uv":[8.25,4.75,9.375,5.375],"texture":"#main"},"up":{"uv":[0,1.125,0,0],"texture":"#main"},"down":{"uv":[0,0,0,1.125],"texture":"#main"}}},{"from":[10.25227,19.01823,6.001],"to":[10.25227,21.64323,10.501],"rotation":{"angle":-45,"axis":"y","origin":[10.25227,20.33073,7.251]},"faces":{"north":{"uv":[0,0,0,0.625],"texture":"#main"},"east":{"uv":[8.25,5.375,9.375,6],"texture":"#main"},"south":{"uv":[0,0,0,0.625],"texture":"#main"},"west":{"uv":[8.375,0.75,9.5,1.375],"texture":"#main"},"up":{"uv":[0,1.125,0,0],"texture":"#main"},"down":{"uv":[0,0,0,1.125],"texture":"#main"}}},{"from":[9.50227,19.01823,6.251],"to":[9.50227,21.64323,10.751],"rotation":{"angle":45,"axis":"y","origin":[5.75227,20.33073,7.251]},"faces":{"north":{"uv":[0,0,0,0.625],"texture":"#main"},"east":{"uv":[5.25,8.375,6.375,9],"texture":"#main"},"south":{"uv":[0,0,0,0.625],"texture":"#main"},"west":{"uv":[8.375,6,9.5,6.625],"texture":"#main"},"up":{"uv":[0,1.125,0,0],"texture":"#main"},"down":{"uv":[0,0,0,1.125],"texture":"#main"}}},{"from":[-5.49773,10.14323,5.751],"to":[-3.49773,11.76823,8.751],"rotation":{"angle":0,"axis":"y","origin":[-5.49773,9.64323,6.251]},"faces":{"north":{"uv":[9.75,3.25,10.25,3.625],"texture":"#main"},"east":{"uv":[9.375,5.125,10.125,5.5],"texture":"#main"},"south":{"uv":[5.75,9.75,6.25,10.125],"texture":"#main"},"west":{"uv":[9.375,5.5,10.125,5.875],"texture":"#main"},"up":{"uv":[6.375,9.75,5.875,9],"texture":"#main"},"down":{"uv":[0.5,9.125,0,9.875],"texture":"#main"}}},{"from":[-5.49773,9.89323,3.8135],"to":[-3.99773,11.51823,6.3135],"rotation":{"angle":-45,"axis":"x","origin":[-4.74773,10.95573,5.751]},"faces":{"north":{"uv":[6.25,9.875,6.625,10.25],"texture":"#main"},"east":{"uv":[9.5,0.5,10.125,0.875],"texture":"#main"},"south":{"uv":[6.625,9.875,7,10.25],"texture":"#main"},"west":{"uv":[9.5,0.875,10.125,1.25],"texture":"#main"},"up":{"uv":[1.75,3.875,1.375,3.25],"texture":"#main"},"down":{"uv":[1.75,3.875,1.375,4.5],"texture":"#main"}}},{"from":[-4.74773,7.61214,3.78945],"to":[-4.74773,10.11214,5.41445],"rotation":{"angle":0,"axis":"x","origin":[-4.74773,8.86214,4.60195]},"faces":{"north":{"uv":[0,0.625,0,0],"rotation":180,"texture":"#main"},"east":{"uv":[9.5,2.5,10.125,2.875],"rotation":90,"texture":"#main"},"south":{"uv":[0,0,0,0.625],"texture":"#main"},"west":{"uv":[9.5,2.875,10.125,3.25],"rotation":270,"texture":"#main"},"up":{"uv":[0,0,0,0.375],"texture":"#main"},"down":{"uv":[0,0,0,0.375],"rotation":180,"texture":"#main"}}},{"from":[-7.91064,9.35259,5.626],"to":[-5.41064,10.97759,7.126],"rotation":{"angle":45,"axis":"z","origin":[-6.41064,11.26509,6.376]},"faces":{"north":{"uv":[3.875,9.5,4.5,9.875],"texture":"#main"},"east":{"uv":[9.875,7,10.25,7.375],"texture":"#main"},"south":{"uv":[4.5,9.5,5.125,9.875],"texture":"#main"},"west":{"uv":[7.375,9.875,7.75,10.25],"texture":"#main"},"up":{"uv":[5.75,9.875,5.125,9.5],"texture":"#main"},"down":{"uv":[10.125,5.875,9.5,6.25],"texture":"#main"}}},{"from":[-8,9.08755,6.376],"to":[-5.5,10.71255,6.376],"rotation":{"angle":-45,"axis":"z","origin":[-7.82486,8.52505,6.376]},"faces":{"north":{"uv":[9.5,6.25,10.125,6.625],"texture":"#main"},"east":{"uv":[0,0,0,0.375],"texture":"#main"},"south":{"uv":[6.375,9.5,7,9.875],"texture":"#main"},"west":{"uv":[0,0,0,0.375],"texture":"#main"},"up":{"uv":[0.625,0,0,0],"texture":"#main"},"down":{"uv":[0.625,0,0,0],"texture":"#main"}}},{"from":[-7.91064,9.35259,7.251],"to":[-5.41064,10.97759,8.751],"rotation":{"angle":45,"axis":"z","origin":[-6.41064,11.26509,8.001]},"faces":{"north":{"uv":[9.625,0,10.25,0.375],"texture":"#main"},"east":{"uv":[9.875,7.375,10.25,7.75],"texture":"#main"},"south":{"uv":[7.875,9.625,8.5,10],"texture":"#main"},"west":{"uv":[9.875,7.75,10.25,8.125],"texture":"#main"},"up":{"uv":[9.125,10,8.5,9.625],"texture":"#main"},"down":{"uv":[9.75,9.625,9.125,10],"texture":"#main"}}},{"from":[-8,9.08755,8.001],"to":[-5.5,10.71255,8.001],"rotation":{"angle":-45,"axis":"z","origin":[-7.82486,8.52505,8.001]},"faces":{"north":{"uv":[0.5,9.75,1.125,10.125],"texture":"#main"},"east":{"uv":[0,0,0,0.375],"texture":"#main"},"south":{"uv":[1.125,9.75,1.75,10.125],"texture":"#main"},"west":{"uv":[0,0,0,0.375],"texture":"#main"},"up":{"uv":[0.625,0,0,0],"texture":"#main"},"down":{"uv":[0.625,0,0,0],"texture":"#main"}}},{"from":[-1.99773,11.76823,7.376],"to":[2.00227,14.89323,7.376],"rotation":{"angle":0,"axis":"y","origin":[0.00227,10.26823,5.376]},"faces":{"north":{"uv":[4.75,2,5.75,2.75],"texture":"#main"},"east":{"uv":[0,0,0,0.75],"texture":"#main"},"south":{"uv":[7.625,0,8.625,0.75],"texture":"#main"},"west":{"uv":[0,0,0,0.75],"texture":"#main"},"up":{"uv":[1,0,0,0],"texture":"#main"},"down":{"uv":[1,0,0,0],"texture":"#main"}}},{"from":[3.50227,11.76823,7.376],"to":[4.50227,12.89323,7.376],"rotation":{"angle":0,"axis":"y","origin":[4.00227,11.70573,7.376]},"faces":{"north":{"uv":[1.125,6.625,1.375,6.875],"texture":"#main"},"east":{"uv":[0,0,0,0.25],"texture":"#main"},"south":{"uv":[3,6.625,3.25,6.875],"texture":"#main"},"west":{"uv":[0,0,0,0.25],"texture":"#main"},"up":{"uv":[0.25,0,0,0],"texture":"#main"},"down":{"uv":[0.25,0,0,0],"texture":"#main"}}},{"from":[-1.24773,13.26823,7.376],"to":[-0.24773,14.39323,7.376],"rotation":{"angle":-22.5,"axis":"y","origin":[-0.49773,13.33073,7.376]},"faces":{"north":{"uv":[6.25,6.75,6.5,7],"texture":"#main"},"east":{"uv":[0,0,0,0.25],"texture":"#main"},"south":{"uv":[6.25,7,6.5,7.25],"texture":"#main"},"west":{"uv":[0,0,0,0.25],"texture":"#main"},"up":{"uv":[0.25,0,0,0],"texture":"#main"},"down":{"uv":[0.25,0,0,0],"texture":"#main"}}},{"from":[0.581,13.26823,7.36204],"to":[1.581,14.39323,7.36204],"rotation":{"angle":-45,"axis":"z","origin":[1.581,13.83073,8.23704]},"faces":{"north":{"uv":[7.625,0.75,7.875,1],"texture":"#main"},"east":{"uv":[0,0,0,0.25],"texture":"#main"},"south":{"uv":[7.875,0.75,8.125,1],"texture":"#main"},"west":{"uv":[0,0,0,0.25],"texture":"#main"},"up":{"uv":[0.25,0,0,0],"texture":"#main"},"down":{"uv":[0.25,0,0,0],"texture":"#main"}}},{"from":[-1.99773,9.89323,6.501],"to":[2.00227,11.51823,8.001],"rotation":{"angle":0,"axis":"y","origin":[0.00227,8.39323,6.001]},"faces":{"north":{"uv":[6.375,9.125,7.375,9.5],"texture":"#main"},"east":{"uv":[9.875,8.125,10.25,8.5],"texture":"#main"},"south":{"uv":[9.25,6.625,10.25,7],"texture":"#main"},"west":{"uv":[2.125,10,2.5,10.375],"texture":"#main"},"up":{"uv":[9.125,9.625,8.125,9.25],"texture":"#main"},"down":{"uv":[10.125,9.25,9.125,9.625],"texture":"#main"}}},{"from":[9.87727,14.89323,6.126],"to":[12.62727,16.89323,8.376],"rotation":{"angle":0,"axis":"y","origin":[11.75227,13.89323,7.001]},"faces":{"north":{"uv":[6.5,5.125,5.75,5.625],"texture":"#main"},"east":{"uv":[10,4.625,9.375,5.125],"texture":"#main"},"south":{"uv":[9.75,3.375,9,3.875],"texture":"#main"},"west":{"uv":[3.875,9.375,3.25,9.875],"texture":"#main"},"up":{"uv":[0.75,9.375,1.5,8.75],"texture":"#main"},"down":{"uv":[7.375,8.75,8.125,9.375],"texture":"#main"}}},{"from":[12.25227,16.01823,6.626],"to":[15.00227,18.01823,7.876],"rotation":{"angle":45,"axis":"z","origin":[13.75227,15.89323,7.251]},"faces":{"north":{"uv":[5.875,9,5.125,9.5],"texture":"#main"},"east":{"uv":[2.125,9.75,1.75,10.25],"texture":"#main"},"south":{"uv":[9.75,8.75,9,9.25],"texture":"#main"},"west":{"uv":[7.375,9.5,7,10],"texture":"#main"},"up":{"uv":[8.25,2.875,9,2.5],"texture":"#main"},"down":{"uv":[9.375,2.125,10.125,2.5],"texture":"#main"}}},{"from":[11.37727,16.89323,7.251],"to":[15.12727,22.89323,7.251],"rotation":{"angle":0,"axis":"y","origin":[11.75227,13.89323,7.001]},"faces":{"north":{"uv":[4.25,5.625,3.25,7.125],"texture":"#main"},"east":{"uv":[0,0,0,1.5],"texture":"#main"},"south":{"uv":[5.25,5.625,4.25,7.125],"texture":"#main"},"west":{"uv":[0,0,0,1.5],"texture":"#main"},"up":{"uv":[0,0,1,0],"texture":"#main"},"down":{"uv":[0,0,1,0],"texture":"#main"}}},{"from":[10.00227,9.64323,6.251],"to":[14.00227,11.76823,8.251],"rotation":{"angle":0,"axis":"y","origin":[12.00227,8.14323,6.251]},"faces":{"north":{"uv":[5.625,3.875,4.625,4.375],"texture":"#main"},"east":{"uv":[7.875,9.375,7.375,9.875],"texture":"#main"},"south":{"uv":[9.375,1.375,8.375,1.875],"texture":"#main"},"west":{"uv":[9.875,7,9.375,7.5],"texture":"#main"},"up":{"uv":[8.375,7.75,9.375,7.25],"texture":"#main"},"down":{"uv":[8.375,7.75,9.375,8.25],"texture":"#main"}}},{"from":[11.50227,11.76823,7.376],"to":[12.50227,12.89323,7.376],"rotation":{"angle":0,"axis":"y","origin":[12.00227,11.70573,7.376]},"faces":{"north":{"uv":[1.375,6.625,1.125,6.875],"texture":"#main"},"east":{"uv":[0,0,0,0.25],"texture":"#main"},"south":{"uv":[3.25,6.625,3,6.875],"texture":"#main"},"west":{"uv":[0,0,0,0.25],"texture":"#main"},"up":{"uv":[0,0,0.25,0],"texture":"#main"},"down":{"uv":[0,0,0.25,0],"texture":"#main"}}},{"from":[14.42354,13.26823,7.36204],"to":[15.42354,14.39323,7.36204],"rotation":{"angle":45,"axis":"z","origin":[14.42354,13.83073,8.23704]},"faces":{"north":{"uv":[7.875,0.75,7.625,1],"texture":"#main"},"east":{"uv":[0,0,0,0.25],"texture":"#main"},"south":{"uv":[8.125,0.75,7.875,1],"texture":"#main"},"west":{"uv":[0,0,0,0.25],"texture":"#main"},"up":{"uv":[0,0,0.25,0],"texture":"#main"},"down":{"uv":[0,0,0.25,0],"texture":"#main"}}},{"from":[14.00227,11.76823,7.376],"to":[18.00227,14.89323,7.376],"rotation":{"angle":0,"axis":"y","origin":[16.00227,10.26823,5.376]},"faces":{"north":{"uv":[5.75,2,4.75,2.75],"texture":"#main"},"east":{"uv":[0,0,0,0.75],"texture":"#main"},"south":{"uv":[8.625,0,7.625,0.75],"texture":"#main"},"west":{"uv":[0,0,0,0.75],"texture":"#main"},"up":{"uv":[0,0,1,0],"texture":"#main"},"down":{"uv":[0,0,1,0],"texture":"#main"}}},{"from":[16.25227,13.26823,7.376],"to":[17.25227,14.39323,7.376],"rotation":{"angle":22.5,"axis":"y","origin":[16.50227,13.33073,7.376]},"faces":{"north":{"uv":[6.5,6.75,6.25,7],"texture":"#main"},"east":{"uv":[0,0,0,0.25],"texture":"#main"},"south":{"uv":[6.5,7,6.25,7.25],"texture":"#main"},"west":{"uv":[0,0,0,0.25],"texture":"#main"},"up":{"uv":[0,0,0.25,0],"texture":"#main"},"down":{"uv":[0,0,0.25,0],"texture":"#main"}}},{"from":[14.00227,9.64323,6.251],"to":[18.00227,11.76823,8.251],"rotation":{"angle":0,"axis":"y","origin":[16.00227,8.14323,6.251]},"faces":{"north":{"uv":[9.375,8.25,8.375,8.75],"texture":"#main"},"east":{"uv":[9.875,8,9.375,8.5],"texture":"#main"},"south":{"uv":[9.625,0,8.625,0.5],"texture":"#main"},"west":{"uv":[9.875,7.5,9.375,8],"texture":"#main"},"up":{"uv":[4.125,9.125,5.125,8.625],"texture":"#main"},"down":{"uv":[6.375,8.625,7.375,9.125],"texture":"#main"}}},{"from":[17.50227,9.14323,4.751],"to":[20.00227,14.26823,9.751],"rotation":{"angle":0,"axis":"y","origin":[19.50227,8.64323,6.251]},"faces":{"north":{"uv":[7.75,7.375,7.125,8.625],"texture":"#main"},"east":{"uv":[5.75,4.375,4.5,5.625],"texture":"#main"},"south":{"uv":[8.25,5,7.625,6.25],"texture":"#main"},"west":{"uv":[4.5,4.375,3.25,5.625],"texture":"#main"},"up":{"uv":[7.75,7.5,8.375,6.25],"texture":"#main"},"down":{"uv":[7.75,7.5,8.375,8.75],"texture":"#main"}}},{"from":[17.66477,9.14323,3.751],"to":[17.66477,15.76823,10.751],"rotation":{"angle":0,"axis":"y","origin":[19.50227,8.64323,6.251]},"faces":{"north":{"uv":[0,0,0,1.625],"texture":"#main"},"east":{"uv":[1.75,1.625,0,3.25],"texture":"#main"},"south":{"uv":[0,0,0,1.625],"texture":"#main"},"west":{"uv":[1.75,0,0,1.625],"texture":"#main"},"up":{"uv":[0,1.75,0,0],"texture":"#main"},"down":{"uv":[0,0,0,1.75],"texture":"#main"}}},{"from":[20.00227,9.89323,3.8135],"to":[21.50227,11.51823,6.3135],"rotation":{"angle":-45,"axis":"x","origin":[20.75227,10.95573,5.751]},"faces":{"north":{"uv":[6.625,9.875,6.25,10.25],"texture":"#main"},"east":{"uv":[10.125,0.875,9.5,1.25],"texture":"#main"},"south":{"uv":[7,9.875,6.625,10.25],"texture":"#main"},"west":{"uv":[10.125,0.5,9.5,0.875],"texture":"#main"},"up":{"uv":[1.375,3.875,1.75,3.25],"texture":"#main"},"down":{"uv":[1.375,3.875,1.75,4.5],"texture":"#main"}}},{"from":[20.75227,7.61214,3.78945],"to":[20.75227,10.11214,5.41445],"rotation":{"angle":0,"axis":"x","origin":[20.75227,8.86214,4.60195]},"faces":{"north":{"uv":[0,0.625,0,0],"rotation":180,"texture":"#main"},"east":{"uv":[10.125,2.875,9.5,3.25],"rotation":90,"texture":"#main"},"south":{"uv":[0,0,0,0.625],"texture":"#main"},"west":{"uv":[10.125,2.5,9.5,2.875],"rotation":270,"texture":"#main"},"up":{"uv":[0,0,0,0.375],"texture":"#main"},"down":{"uv":[0,0,0,0.375],"rotation":180,"texture":"#main"}}},{"from":[21.41518,9.35259,5.626],"to":[23.91518,10.97759,7.126],"rotation":{"angle":-45,"axis":"z","origin":[22.41518,11.26509,6.376]},"faces":{"north":{"uv":[4.5,9.5,3.875,9.875],"texture":"#main"},"east":{"uv":[7.75,9.875,7.375,10.25],"texture":"#main"},"south":{"uv":[5.125,9.5,4.5,9.875],"texture":"#main"},"west":{"uv":[10.25,7,9.875,7.375],"texture":"#main"},"up":{"uv":[5.125,9.875,5.75,9.5],"texture":"#main"},"down":{"uv":[9.5,5.875,10.125,6.25],"texture":"#main"}}},{"from":[22.7669,9.08755,6.376],"to":[25.2669,10.71255,6.376],"rotation":{"angle":45,"axis":"z","origin":[23.8294,8.52505,6.376]},"faces":{"north":{"uv":[10.125,6.25,9.5,6.625],"texture":"#main"},"east":{"uv":[0,0,0,0.375],"texture":"#main"},"south":{"uv":[7,9.5,6.375,9.875],"texture":"#main"},"west":{"uv":[0,0,0,0.375],"texture":"#main"},"up":{"uv":[0,0,0.625,0],"texture":"#main"},"down":{"uv":[0,0,0.625,0],"texture":"#main"}}},{"from":[22.7669,9.08755,8.001],"to":[25.2669,10.71255,8.001],"rotation":{"angle":45,"axis":"z","origin":[23.8294,8.52505,8.001]},"faces":{"north":{"uv":[1.125,9.75,0.5,10.125],"texture":"#main"},"east":{"uv":[0,0,0,0.375],"texture":"#main"},"south":{"uv":[1.75,9.75,1.125,10.125],"texture":"#main"},"west":{"uv":[0,0,0,0.375],"texture":"#main"},"up":{"uv":[0,0,0.625,0],"texture":"#main"},"down":{"uv":[0,0,0.625,0],"texture":"#main"}}},{"from":[21.41518,9.35259,7.251],"to":[23.91518,10.97759,8.751],"rotation":{"angle":-45,"axis":"z","origin":[22.41518,11.26509,8.001]},"faces":{"north":{"uv":[10.25,0,9.625,0.375],"texture":"#main"},"east":{"uv":[10.25,7.75,9.875,8.125],"texture":"#main"},"south":{"uv":[8.5,9.625,7.875,10],"texture":"#main"},"west":{"uv":[10.25,7.375,9.875,7.75],"texture":"#main"},"up":{"uv":[8.5,10,9.125,9.625],"texture":"#main"},"down":{"uv":[9.125,9.625,9.75,10],"texture":"#main"}}},{"from":[19.50227,10.14323,5.751],"to":[21.50227,11.76823,8.751],"rotation":{"angle":0,"axis":"y","origin":[21.50227,9.64323,6.251]},"faces":{"north":{"uv":[10.25,3.25,9.75,3.625],"texture":"#main"},"east":{"uv":[10.125,5.5,9.375,5.875],"texture":"#main"},"south":{"uv":[6.25,9.75,5.75,10.125],"texture":"#main"},"west":{"uv":[10.125,5.125,9.375,5.5],"texture":"#main"},"up":{"uv":[5.875,9.75,6.375,9],"texture":"#main"},"down":{"uv":[0,9.125,0.5,9.875],"texture":"#main"}}},{"from":[10.00227,9.89323,6.501],"to":[14.00227,11.51823,8.001],"rotation":{"angle":0,"axis":"y","origin":[12.00227,8.39323,6.001]},"faces":{"north":{"uv":[6.25,8,5.25,8.375],"texture":"#main"},"east":{"uv":[5.5,9.875,5.125,10.25],"texture":"#main"},"south":{"uv":[10.125,3.875,9.125,4.25],"texture":"#main"},"west":{"uv":[5.125,9.875,4.75,10.25],"texture":"#main"},"up":{"uv":[4.125,9.5,5.125,9.125],"texture":"#main"},"down":{"uv":[9.125,4.25,10.125,4.625],"texture":"#main"}}},{"from":[14.00227,9.89323,6.501],"to":[18.00227,11.51823,8.001],"rotation":{"angle":0,"axis":"y","origin":[16.00227,8.39323,6.001]},"faces":{"north":{"uv":[7.375,9.125,6.375,9.5],"texture":"#main"},"east":{"uv":[2.5,10,2.125,10.375],"texture":"#main"},"south":{"uv":[10.25,6.625,9.25,7],"texture":"#main"},"west":{"uv":[10.25,8.125,9.875,8.5],"texture":"#main"},"up":{"uv":[8.125,9.625,9.125,9.25],"texture":"#main"},"down":{"uv":[9.125,9.25,10.125,9.625],"texture":"#main"}}}],"display":{"head":{"translation":[0,-29.75,0],"scale":[1.6,1.6,1.6]}},"groups":[{"name":"bone","origin":[0.00454,-0.21353,0.002],"color":0,"nbt":"{}","armAnimationEnabled":false,"children":[0,1,2,3,4,5,6,7,8,9,10,11,12,13,14,15,16,17,18,19,20,21,22,23,24,25,26,27,28,29,30,31,32,33,34,35,36,37,38,39,40,41,42,43,44,45,46,47,48,49,50,51,52,53,54,55,56,57,58,59,60,61,62,63,64,65,66,67,68,69,70,71]}]}