{"parent":"physical_parent","texture_size":[128,128],"textures":{"main":"pokemon/tropius"},"elements":[{"from":[3.8,4.3,-2.2],"to":[12.2,12.7,13.2],"rotation":{"angle":0,"axis":"y","origin":[16,13,12]},"faces":{"north":{"uv":[4.25,4.25,5.25,5.25],"texture":"#main"},"east":{"uv":[2.375,4.25,4.25,5.25],"texture":"#main"},"south":{"uv":[7.125,4.25,8.125,5.25],"texture":"#main"},"west":{"uv":[5.25,4.25,7.125,5.25],"texture":"#main"},"up":{"uv":[5.25,4.25,4.25,2.375],"texture":"#main"},"down":{"uv":[6.25,2.375,5.25,4.25],"texture":"#main"}}},{"from":[6.1,9.1,-6.9],"to":[9.9,24.9,-3.1],"rotation":{"angle":-22.5,"axis":"x","origin":[15,20,1]},"faces":{"north":{"uv":[2.25,5.75,2.75,7.75],"texture":"#main"},"east":{"uv":[1.75,5.75,2.25,7.75],"texture":"#main"},"south":{"uv":[3.25,5.75,3.75,7.75],"texture":"#main"},"west":{"uv":[2.75,5.75,3.25,7.75],"texture":"#main"},"up":{"uv":[2.75,5.75,2.25,5.25],"texture":"#main"},"down":{"uv":[3.25,5.25,2.75,5.75],"texture":"#main"}}},{"from":[8.99,2.99,-4.01],"to":[12.01,4.01,-0.99],"rotation":{"angle":-22.5,"axis":"x","origin":[18,10,4]},"faces":{"north":{"uv":[7.75,3.75,8.125,3.875],"texture":"#main"},"east":{"uv":[7.375,3.75,7.75,3.875],"texture":"#main"},"south":{"uv":[8.5,3.75,8.875,3.875],"texture":"#main"},"west":{"uv":[8.125,3.75,8.5,3.875],"texture":"#main"},"up":{"uv":[8.125,3.75,7.75,3.375],"texture":"#main"},"down":{"uv":[8.5,3.375,8.125,3.75],"texture":"#main"}}},{"from":[8.999,-2.27618,1.35657],"to":[12.001,-0.27418,4.35857],"rotation":{"angle":22.5,"axis":"x","origin":[18,5.72482,9.35757]},"faces":{"north":{"uv":[0.375,7.25,0.75,7.5],"texture":"#main"},"east":{"uv":[0,7.25,0.375,7.5],"texture":"#main"},"south":{"uv":[1.125,7.25,1.5,7.5],"texture":"#main"},"west":{"uv":[0.75,7.25,1.125,7.5],"texture":"#main"},"up":{"uv":[0.75,7.25,0.375,6.875],"texture":"#main"},"down":{"uv":[1.125,6.875,0.75,7.25],"texture":"#main"}}},{"from":[9.01,0.5575,-0.31957],"to":[11.99,4.5375,2.66043],"rotation":{"angle":0,"axis":"y","origin":[18,7.5475,7.67043]},"faces":{"north":{"uv":[6.625,2.625,7,3.125],"texture":"#main"},"east":{"uv":[6.25,2.625,6.625,3.125],"texture":"#main"},"south":{"uv":[7.375,2.625,7.75,3.125],"texture":"#main"},"west":{"uv":[7,2.625,7.375,3.125],"texture":"#main"},"up":{"uv":[7,2.625,6.625,2.25],"texture":"#main"},"down":{"uv":[7.375,2.25,7,2.625],"texture":"#main"}}},{"from":[9,0.24721,-0.8],"to":[12,0.84721,2.7],"rotation":{"angle":0,"axis":"y","origin":[17.3,8.04721,6.8767]},"faces":{"north":{"uv":[7.75,3.125,8.125,3.25],"texture":"#main"},"east":{"uv":[7.375,3.125,7.75,3.25],"texture":"#main"},"south":{"uv":[8.5,3.125,8.875,3.25],"texture":"#main"},"west":{"uv":[8.125,3.125,8.5,3.25],"texture":"#main"},"up":{"uv":[8.125,3.125,7.75,2.75],"texture":"#main"},"down":{"uv":[8.5,2.75,8.125,3.125],"texture":"#main"}}},{"from":[8.99,2.99,4.99],"to":[12.01,4.01,8.01],"rotation":{"angle":-22.5,"axis":"x","origin":[18,10,13]},"faces":{"north":{"uv":[6.375,7.75,6.75,7.875],"texture":"#main"},"east":{"uv":[6,7.75,6.375,7.875],"texture":"#main"},"south":{"uv":[7.125,7.75,7.5,7.875],"texture":"#main"},"west":{"uv":[6.75,7.75,7.125,7.875],"texture":"#main"},"up":{"uv":[6.75,7.75,6.375,7.375],"texture":"#main"},"down":{"uv":[7.125,7.375,6.75,7.75],"texture":"#main"}}},{"from":[8.999,-2.27618,10.35657],"to":[12.001,-0.27418,13.35857],"rotation":{"angle":22.5,"axis":"x","origin":[18,5.72482,18.35757]},"faces":{"north":{"uv":[7.125,5.625,7.5,5.875],"texture":"#main"},"east":{"uv":[6.75,5.625,7.125,5.875],"texture":"#main"},"south":{"uv":[7.875,5.625,8.25,5.875],"texture":"#main"},"west":{"uv":[7.5,5.625,7.875,5.875],"texture":"#main"},"up":{"uv":[7.5,5.625,7.125,5.25],"texture":"#main"},"down":{"uv":[7.875,5.25,7.5,5.625],"texture":"#main"}}},{"from":[9.01,0.5575,8.68043],"to":[11.99,4.5375,11.66043],"rotation":{"angle":0,"axis":"y","origin":[18,7.5475,16.67043]},"faces":{"north":{"uv":[5.625,6.625,6,7.125],"texture":"#main"},"east":{"uv":[5.25,6.625,5.625,7.125],"texture":"#main"},"south":{"uv":[6.375,6.625,6.75,7.125],"texture":"#main"},"west":{"uv":[6,6.625,6.375,7.125],"texture":"#main"},"up":{"uv":[6,6.625,5.625,6.25],"texture":"#main"},"down":{"uv":[6.375,6.25,6,6.625],"texture":"#main"}}},{"from":[9,0.24721,8.2],"to":[12,0.84721,11.7],"rotation":{"angle":0,"axis":"y","origin":[17.3,8.04721,15.8767]},"faces":{"north":{"uv":[4.125,7.625,4.5,7.75],"texture":"#main"},"east":{"uv":[3.75,7.625,4.125,7.75],"texture":"#main"},"south":{"uv":[4.875,7.625,5.25,7.75],"texture":"#main"},"west":{"uv":[4.5,7.625,4.875,7.75],"texture":"#main"},"up":{"uv":[4.5,7.625,4.125,7.25],"texture":"#main"},"down":{"uv":[4.875,7.25,4.5,7.625],"texture":"#main"}}},{"from":[3.99,2.99,4.99],"to":[7.01,4.01,8.01],"rotation":{"angle":-22.5,"axis":"x","origin":[13,10,13]},"faces":{"north":{"uv":[5.25,7.5,5.625,7.625],"texture":"#main"},"east":{"uv":[4.875,7.5,5.25,7.625],"texture":"#main"},"south":{"uv":[6,7.5,6.375,7.625],"texture":"#main"},"west":{"uv":[5.625,7.5,6,7.625],"texture":"#main"},"up":{"uv":[5.625,7.5,5.25,7.125],"texture":"#main"},"down":{"uv":[6,7.125,5.625,7.5],"texture":"#main"}}},{"from":[3.999,-2.27618,10.35657],"to":[7.001,-0.27418,13.35857],"rotation":{"angle":22.5,"axis":"x","origin":[13,5.72482,18.35757]},"faces":{"north":{"uv":[6.75,7.125,7.125,7.375],"texture":"#main"},"east":{"uv":[6.375,7.125,6.75,7.375],"texture":"#main"},"south":{"uv":[7.5,7.125,7.875,7.375],"texture":"#main"},"west":{"uv":[7.125,7.125,7.5,7.375],"texture":"#main"},"up":{"uv":[7.125,7.125,6.75,6.75],"texture":"#main"},"down":{"uv":[7.5,6.75,7.125,7.125],"texture":"#main"}}},{"from":[4.01,0.5575,8.68043],"to":[6.99,5.5375,11.66043],"rotation":{"angle":0,"axis":"y","origin":[13,7.5475,16.67043]},"faces":{"north":{"uv":[4.125,6.625,4.5,7.25],"texture":"#main"},"east":{"uv":[3.75,6.625,4.125,7.25],"texture":"#main"},"south":{"uv":[4.875,6.625,5.25,7.25],"texture":"#main"},"west":{"uv":[4.5,6.625,4.875,7.25],"texture":"#main"},"up":{"uv":[4.5,6.625,4.125,6.25],"texture":"#main"},"down":{"uv":[4.875,6.25,4.5,6.625],"texture":"#main"}}},{"from":[4,0.24721,8.2],"to":[7,0.84721,11.7],"rotation":{"angle":0,"axis":"y","origin":[12.3,8.04721,15.8767]},"faces":{"north":{"uv":[7.375,2.125,7.75,2.25],"texture":"#main"},"east":{"uv":[7,2.125,7.375,2.25],"texture":"#main"},"south":{"uv":[8.125,2.125,8.5,2.25],"texture":"#main"},"west":{"uv":[7.75,2.125,8.125,2.25],"texture":"#main"},"up":{"uv":[7.75,2.125,7.375,1.75],"texture":"#main"},"down":{"uv":[8.125,1.75,7.75,2.125],"texture":"#main"}}},{"from":[3.99,2.99,-4.01],"to":[7.01,4.01,-0.99],"rotation":{"angle":-22.5,"axis":"x","origin":[13,10,4]},"faces":{"north":{"uv":[6.625,4.125,7,4.25],"texture":"#main"},"east":{"uv":[6.25,4.125,6.625,4.25],"texture":"#main"},"south":{"uv":[7.375,4.125,7.75,4.25],"texture":"#main"},"west":{"uv":[7,4.125,7.375,4.25],"texture":"#main"},"up":{"uv":[7,4.125,6.625,3.75],"texture":"#main"},"down":{"uv":[7.375,3.75,7,4.125],"texture":"#main"}}},{"from":[3.999,-2.27618,1.35657],"to":[7.001,-0.27418,4.35857],"rotation":{"angle":22.5,"axis":"x","origin":[13,5.72482,9.35757]},"faces":{"north":{"uv":[6.625,3.5,7,3.75],"texture":"#main"},"east":{"uv":[6.25,3.5,6.625,3.75],"texture":"#main"},"south":{"uv":[7.375,3.5,7.75,3.75],"texture":"#main"},"west":{"uv":[7,3.5,7.375,3.75],"texture":"#main"},"up":{"uv":[7,3.5,6.625,3.125],"texture":"#main"},"down":{"uv":[7.375,3.125,7,3.5],"texture":"#main"}}},{"from":[4.01,0.5575,-0.31957],"to":[6.99,4.5375,2.66043],"rotation":{"angle":0,"axis":"y","origin":[13,7.5475,7.67043]},"faces":{"north":{"uv":[6.5,1.25,6.875,1.75],"texture":"#main"},"east":{"uv":[6.125,1.25,6.5,1.75],"texture":"#main"},"south":{"uv":[7.25,1.25,7.625,1.75],"texture":"#main"},"west":{"uv":[6.875,1.25,7.25,1.75],"texture":"#main"},"up":{"uv":[6.875,1.25,6.5,0.875],"texture":"#main"},"down":{"uv":[7.25,0.875,6.875,1.25],"texture":"#main"}}},{"from":[4,0.24721,-0.8],"to":[7,0.84721,2.7],"rotation":{"angle":0,"axis":"y","origin":[12.3,8.04721,6.8767]},"faces":{"north":{"uv":[3.125,4,3.5,4.125],"texture":"#main"},"east":{"uv":[2.75,4,3.125,4.125],"texture":"#main"},"south":{"uv":[3.875,4,4.25,4.125],"texture":"#main"},"west":{"uv":[3.5,4,3.875,4.125],"texture":"#main"},"up":{"uv":[3.5,4,3.125,3.625],"texture":"#main"},"down":{"uv":[3.875,3.625,3.5,4],"texture":"#main"}}},{"from":[5.9,20.85801,-11.76305],"to":[10.1,25.05801,-4.56305],"rotation":{"angle":0,"axis":"y","origin":[16.1,27.95801,-0.66305]},"faces":{"north":{"uv":[5.125,1.75,5.625,2.25],"texture":"#main"},"east":{"uv":[4.25,1.75,5.125,2.25],"texture":"#main"},"south":{"uv":[6.5,1.75,7,2.25],"texture":"#main"},"west":{"uv":[5.625,1.75,6.5,2.25],"texture":"#main"},"up":{"uv":[5.625,1.75,5.125,0.875],"texture":"#main"},"down":{"uv":[6.125,0.875,5.625,1.75],"texture":"#main"}}},{"from":[5.2,21.15801,-8.46305],"to":[7.8,22.75801,-4.86305],"rotation":{"angle":0,"axis":"y","origin":[14.1,27.95801,-0.66305]},"faces":{"north":{"uv":[6,6,6.375,6.25],"texture":"#main"},"east":{"uv":[5.5,6,6,6.25],"texture":"#main"},"south":{"uv":[6.875,6,7.25,6.25],"texture":"#main"},"west":{"uv":[6.375,6,6.875,6.25],"texture":"#main"},"up":{"uv":[6.375,6,6,5.5],"texture":"#main"},"down":{"uv":[6.75,5.5,6.375,6],"texture":"#main"}}},{"from":[8.2,21.15801,-8.46305],"to":[10.8,22.75801,-4.86305],"rotation":{"angle":0,"axis":"y","origin":[17.1,27.95801,-0.66305]},"faces":{"north":{"uv":[0.5,0.5,0.875,0.75],"texture":"#main"},"east":{"uv":[0,0.5,0.5,0.75],"texture":"#main"},"south":{"uv":[1.375,0.5,1.75,0.75],"texture":"#main"},"west":{"uv":[0.875,0.5,1.375,0.75],"texture":"#main"},"up":{"uv":[0.875,0.5,0.5,0],"texture":"#main"},"down":{"uv":[1.25,0,0.875,0.5],"texture":"#main"}}},{"from":[9,11,-12],"to":[9,18,-5],"rotation":{"angle":-22.5,"axis":"z","origin":[16,24,0]},"faces":{"north":{"uv":[0.875,5.875,0.875,6.75],"texture":"#main"},"east":{"uv":[0,5.875,0.875,6.75],"texture":"#main"},"south":{"uv":[1.75,5.875,1.75,6.75],"texture":"#main"},"west":{"uv":[0.875,5.875,1.75,6.75],"texture":"#main"},"up":{"uv":[0.875,5.875,0.875,5],"texture":"#main"},"down":{"uv":[0.875,5,0.875,5.875],"texture":"#main"}}},{"from":[8,14,-12],"to":[8,21,-5],"rotation":{"angle":0,"axis":"y","origin":[15,27,0]},"faces":{"north":{"uv":[4.625,5.25,4.625,6.125],"texture":"#main"},"east":{"uv":[3.75,5.25,4.625,6.125],"texture":"#main"},"south":{"uv":[5.5,5.25,5.5,6.125],"texture":"#main"},"west":{"uv":[4.625,5.25,5.5,6.125],"texture":"#main"},"up":{"uv":[4.625,5.25,4.625,4.375],"texture":"#main"},"down":{"uv":[4.625,4.375,4.625,5.25],"texture":"#main"}}},{"from":[6.17113,16.22168,-12],"to":[6.17113,23.22168,-5],"rotation":{"angle":22.5,"axis":"z","origin":[13.17113,29.22168,0]},"faces":{"north":{"uv":[2.625,2.625,2.625,3.5],"texture":"#main"},"east":{"uv":[1.75,2.625,2.625,3.5],"texture":"#main"},"south":{"uv":[3.5,2.625,3.5,3.5],"texture":"#main"},"west":{"uv":[2.625,2.625,3.5,3.5],"texture":"#main"},"up":{"uv":[2.625,2.625,2.625,1.75],"texture":"#main"},"down":{"uv":[2.625,1.75,2.625,2.625],"texture":"#main"}}},{"from":[1,11,-1],"to":[1,31,6],"rotation":{"angle":22.5,"axis":"z","origin":[9,21,12]},"faces":{"north":{"uv":[0.875,3.375,0.875,5.875],"texture":"#main"},"east":{"uv":[0,3.375,0.875,5.875],"texture":"#main"},"south":{"uv":[1.75,3.375,1.75,5.875],"texture":"#main"},"west":{"uv":[0.875,3.375,1.75,5.875],"texture":"#main"},"up":{"uv":[0.875,3.375,0.875,2.5],"texture":"#main"},"down":{"uv":[0.875,2.5,0.875,3.375],"texture":"#main"}}},{"from":[14,4.87707,-1],"to":[14,24.87707,6],"rotation":{"angle":-22.5,"axis":"z","origin":[23.34633,14.87707,12]},"faces":{"north":{"uv":[0.875,0.875,0.875,3.375],"texture":"#main"},"east":{"uv":[0,0.875,0.875,3.375],"texture":"#main"},"south":{"uv":[1.75,0.875,1.75,3.375],"texture":"#main"},"west":{"uv":[0.875,0.875,1.75,3.375],"texture":"#main"},"up":{"uv":[0.875,0.875,0.875,0],"texture":"#main"},"down":{"uv":[0.875,0,0.875,0.875],"texture":"#main"}}},{"from":[9.94637,12.8,-0.45313],"to":[29.94637,12.8,6.54687],"rotation":{"angle":-45,"axis":"y","origin":[4.82664,2.87707,5.54687]},"faces":{"north":{"uv":[4.25,0.875,6.75,0.875],"texture":"#main"},"east":{"uv":[3.375,0.875,4.25,0.875],"texture":"#main"},"south":{"uv":[7.625,0.875,10.125,0.875],"texture":"#main"},"west":{"uv":[6.75,0.875,7.625,0.875],"texture":"#main"},"up":{"uv":[6.75,0.875,4.25,0],"texture":"#main"},"down":{"uv":[9.25,0,6.75,0.875],"texture":"#main"}}},{"from":[6,12.8,8.65367],"to":[13,12.8,28.65367],"rotation":{"angle":-45,"axis":"y","origin":[9.34633,3.87707,4]},"faces":{"north":{"uv":[2.5,2.5,3.375,2.5],"texture":"#main"},"east":{"uv":[0,2.5,2.5,2.5],"texture":"#main"},"south":{"uv":[5.875,2.5,6.75,2.5],"texture":"#main"},"west":{"uv":[3.375,2.5,5.875,2.5],"texture":"#main"},"up":{"uv":[3.375,2.5,2.5,0],"texture":"#main"},"down":{"uv":[4.25,0,3.375,2.5],"texture":"#main"}}}],"display":{"head":{"translation":[0,-18,5.75],"scale":[3.2,3.2,3.2]}}}