{"credit":"Made with Blockbench","texture_size":[64,64],"textures":{"main":"pokemon/unfezant_f"},"elements":[{"from":[-2.478,7.04319,-1.19376],"to":[2.478,11.29119,3.05424],"rotation":{"angle":-45,"axis":"x","origin":[0,4.09949,-0.83924]},"faces":{"north":{"uv":[0,6.25,1.25,7.25],"texture":"#main"},"east":{"uv":[6.5,7,7.5,8],"texture":"#main"},"south":{"uv":[6.5,0,7.75,1],"texture":"#main"},"west":{"uv":[0,7.25,1,8.25],"texture":"#main"},"up":{"uv":[7.75,7,6.5,6],"texture":"#main"},"down":{"uv":[8.25,3.25,7,4.25],"texture":"#main"}}},{"from":[-2.832,5.934,-3.168],"to":[2.832,10.182,3.912],"rotation":{"angle":0,"axis":"y","origin":[0,4.09949,-0.83924]},"faces":{"north":{"uv":[3.5,6,4.875,7],"texture":"#main"},"east":{"uv":[5.75,1.25,7.5,2.25],"texture":"#main"},"south":{"uv":[5,6,6.375,7],"texture":"#main"},"west":{"uv":[5.75,2.25,7.5,3.25],"texture":"#main"},"up":{"uv":[2.875,5.5,1.5,3.75],"texture":"#main"},"down":{"uv":[4.375,3.75,3,5.5],"texture":"#main"}}},{"from":[-2.8674,6.288,-3.876],"to":[-2.8674,11.536,8.396],"rotation":{"angle":0,"axis":"y","origin":[0,4.09949,-0.83924]},"faces":{"north":{"uv":[0,0,0,1.25],"texture":"#main"},"east":{"uv":[0,0,3.125,1.25],"texture":"#main"},"south":{"uv":[0,0,0,1.25],"texture":"#main"},"west":{"uv":[0,1.25,3.125,2.5],"texture":"#main"},"up":{"uv":[0,3.125,0,0],"texture":"#main"},"down":{"uv":[0,0,0,3.125],"texture":"#main"}}},{"from":[2.8674,6.288,-3.876],"to":[2.8674,11.536,8.396],"rotation":{"angle":0,"axis":"y","origin":[0,4.09949,-0.83924]},"faces":{"north":{"uv":[0,0,0,1.25],"texture":"#main"},"east":{"uv":[0,2.5,3.125,3.75],"texture":"#main"},"south":{"uv":[0,0,0,1.25],"texture":"#main"},"west":{"uv":[3.25,0,6.375,1.25],"texture":"#main"},"up":{"uv":[0,3.125,0,0],"texture":"#main"},"down":{"uv":[0,0,0,3.125],"texture":"#main"}}},{"from":[-2.832,5.24821,6.32075],"to":[2.832,5.24821,16.34475],"rotation":{"angle":-45,"axis":"x","origin":[0,4.80749,-0.83924]},"faces":{"north":{"uv":[0,0,1.375,0],"texture":"#main"},"east":{"uv":[0,0,2.5,0],"texture":"#main"},"south":{"uv":[0,0,1.375,0],"texture":"#main"},"west":{"uv":[0,0,2.5,0],"texture":"#main"},"up":{"uv":[4.625,3.75,3.25,1.25],"texture":"#main"},"down":{"uv":[1.375,3.75,0,6.25],"texture":"#main"}}},{"from":[-1.93874,9.29196,-5.6773],"to":[1.93874,18.17264,-1.73728],"rotation":{"angle":0,"axis":"y","origin":[0,10.0223,-3.70729]},"faces":{"north":{"uv":[4.5,3.75,5.5,6],"texture":"#main"},"east":{"uv":[4.75,1.25,5.75,3.5],"texture":"#main"},"south":{"uv":[1.5,5.5,2.5,7.75],"texture":"#main"},"west":{"uv":[2.5,5.5,3.5,7.75],"texture":"#main"},"up":{"uv":[5.5,8,4.5,7],"texture":"#main"},"down":{"uv":[6.5,7,5.5,8],"texture":"#main"}}},{"from":[0,13.1069,-10.30526],"to":[0,16.48406,-5.6773],"rotation":{"angle":0,"axis":"y","origin":[0,4.34546,-0.51959]},"faces":{"north":{"uv":[0,0,0,0.875],"texture":"#main"},"east":{"uv":[7.5,7,8.625,7.875],"texture":"#main"},"south":{"uv":[0,0,0,0.875],"texture":"#main"},"west":{"uv":[7.75,0,8.875,0.875],"texture":"#main"},"up":{"uv":[0,1.125,0,0],"texture":"#main"},"down":{"uv":[0,0,0,1.125],"texture":"#main"}}},{"from":[0,14.15026,-1.21758],"to":[0,19.02838,4.66118],"rotation":{"angle":-22.5,"axis":"x","origin":[0,15.7992,0.32652]},"faces":{"north":{"uv":[0,0,0,1.25],"texture":"#main"},"east":{"uv":[5.5,3.5,7,4.75],"texture":"#main"},"south":{"uv":[0,0,0,1.25],"texture":"#main"},"west":{"uv":[5.5,4.75,7,6],"texture":"#main"},"up":{"uv":[0,1.5,0,0],"texture":"#main"},"down":{"uv":[0,0,0,1.5],"texture":"#main"}}},{"from":[-2.582,2.934,-0.918],"to":[-0.068,7.182,3.162],"rotation":{"angle":-45,"axis":"x","origin":[0,4.09949,-0.83924]},"faces":{"north":{"uv":[1,7.75,1.625,8.75],"texture":"#main"},"east":{"uv":[3.5,7,4.5,8],"texture":"#main"},"south":{"uv":[1.75,7.75,2.375,8.75],"texture":"#main"},"west":{"uv":[7,4.25,8,5.25],"texture":"#main"},"up":{"uv":[3.125,8.75,2.5,7.75],"texture":"#main"},"down":{"uv":[8.375,5.25,7.75,6.25],"texture":"#main"}}},{"from":[-2.332,3.03486,-0.065],"to":[-0.168,6.28286,2.515],"rotation":{"angle":0,"axis":"y","origin":[-1.25,3.15886,2.875]},"faces":{"north":{"uv":[7,8,7.5,8.75],"texture":"#main"},"east":{"uv":[7,5.25,7.625,6],"texture":"#main"},"south":{"uv":[7.5,8,8,8.75],"texture":"#main"},"west":{"uv":[7.75,6.25,8.375,7],"texture":"#main"},"up":{"uv":[1,8.875,0.5,8.25],"texture":"#main"},"down":{"uv":[8.75,3,8.25,3.625],"texture":"#main"}}},{"from":[-1.7656,0.029,0.72],"to":[-1.093,3.184,1.428],"rotation":{"angle":0,"axis":"y","origin":[-1.4293,1.6065,1.074]},"faces":{"north":{"uv":[1.25,6.25,1.375,7],"texture":"#main"},"east":{"uv":[3,8.75,3.125,9.5],"texture":"#main"},"south":{"uv":[8.75,4,8.875,4.75],"texture":"#main"},"west":{"uv":[5.5,8.75,5.625,9.5],"texture":"#main"},"up":{"uv":[4.875,3.625,4.75,3.5],"texture":"#main"},"down":{"uv":[5.125,3.5,5,3.625],"texture":"#main"}}},{"from":[-1.4156,0.029,1.445],"to":[-1.4156,2.184,3.403],"rotation":{"angle":0,"axis":"y","origin":[-1.4293,1.6065,3.749]},"faces":{"north":{"uv":[0,0,0,0.5],"texture":"#main"},"east":{"uv":[1,7.25,1.5,7.75],"texture":"#main"},"south":{"uv":[0,0,0,0.5],"texture":"#main"},"west":{"uv":[8.25,3.75,8.75,4.25],"texture":"#main"},"up":{"uv":[0,0.5,0,0],"texture":"#main"},"down":{"uv":[0,0,0,0.5],"texture":"#main"}}},{"from":[-1.2656,0.029,-1.23],"to":[-1.2656,2.184,0.728],"rotation":{"angle":-22.5,"axis":"y","origin":[-1.4293,1.6065,1.074]},"faces":{"north":{"uv":[0,0,0,0.5],"texture":"#main"},"east":{"uv":[8.5,5.75,9,6.25],"texture":"#main"},"south":{"uv":[0,0,0,0.5],"texture":"#main"},"west":{"uv":[8.5,6.25,9,6.75],"texture":"#main"},"up":{"uv":[0,0.5,0,0],"texture":"#main"},"down":{"uv":[0,0,0,0.5],"texture":"#main"}}},{"from":[-1.4156,0.029,-1.23],"to":[-1.4156,2.184,0.728],"rotation":{"angle":0,"axis":"y","origin":[-1.4293,1.6065,1.074]},"faces":{"north":{"uv":[0,0,0,0.5],"texture":"#main"},"east":{"uv":[3.5,5.5,4,6],"texture":"#main"},"south":{"uv":[0,0,0,0.5],"texture":"#main"},"west":{"uv":[4,5.5,4.5,6],"texture":"#main"},"up":{"uv":[0,0.5,0,0],"texture":"#main"},"down":{"uv":[0,0,0,0.5],"texture":"#main"}}},{"from":[-1.5906,0.029,-1.23],"to":[-1.5906,2.184,0.728],"rotation":{"angle":22.5,"axis":"y","origin":[-1.6043,1.6065,1.074]},"faces":{"north":{"uv":[0,0,0,0.5],"texture":"#main"},"east":{"uv":[8.5,2.5,9,3],"texture":"#main"},"south":{"uv":[0,0,0,0.5],"texture":"#main"},"west":{"uv":[8.5,5.25,9,5.75],"texture":"#main"},"up":{"uv":[0,0.5,0,0],"texture":"#main"},"down":{"uv":[0,0,0,0.5],"texture":"#main"}}},{"from":[0.068,2.934,-0.918],"to":[2.582,7.182,3.162],"rotation":{"angle":-45,"axis":"x","origin":[0,4.09949,-0.83924]},"faces":{"north":{"uv":[3.25,8,3.875,9],"texture":"#main"},"east":{"uv":[7.5,1,8.5,2],"texture":"#main"},"south":{"uv":[4,8,4.625,9],"texture":"#main"},"west":{"uv":[7.5,2,8.5,3],"texture":"#main"},"up":{"uv":[8.625,5.25,8,4.25],"texture":"#main"},"down":{"uv":[5.375,8,4.75,9],"texture":"#main"}}},{"from":[1.093,0.029,0.72],"to":[1.7656,3.184,1.428],"rotation":{"angle":0,"axis":"y","origin":[1.4293,1.6065,1.074]},"faces":{"north":{"uv":[5.75,8.75,5.875,9.5],"texture":"#main"},"east":{"uv":[6,8.75,6.125,9.5],"texture":"#main"},"south":{"uv":[6.25,8.75,6.375,9.5],"texture":"#main"},"west":{"uv":[6.5,8.75,6.625,9.5],"texture":"#main"},"up":{"uv":[5.375,3.625,5.25,3.5],"texture":"#main"},"down":{"uv":[5.875,3.25,5.75,3.375],"texture":"#main"}}},{"from":[1.2656,0.029,-1.23],"to":[1.2656,2.184,0.728],"rotation":{"angle":22.5,"axis":"y","origin":[1.4293,1.6065,1.074]},"faces":{"north":{"uv":[0,0,0,0.5],"texture":"#main"},"east":{"uv":[8.75,3,9.25,3.5],"texture":"#main"},"south":{"uv":[0,0,0,0.5],"texture":"#main"},"west":{"uv":[8.75,3.5,9.25,4],"texture":"#main"},"up":{"uv":[0,0.5,0,0],"texture":"#main"},"down":{"uv":[0,0,0,0.5],"texture":"#main"}}},{"from":[1.4156,0.029,-1.23],"to":[1.4156,2.184,0.728],"rotation":{"angle":0,"axis":"y","origin":[1.4293,1.6065,1.074]},"faces":{"north":{"uv":[0,0,0,0.5],"texture":"#main"},"east":{"uv":[2,8.75,2.5,9.25],"texture":"#main"},"south":{"uv":[0,0,0,0.5],"texture":"#main"},"west":{"uv":[2.5,8.75,3,9.25],"texture":"#main"},"up":{"uv":[0,0.5,0,0],"texture":"#main"},"down":{"uv":[0,0,0,0.5],"texture":"#main"}}},{"from":[1.5906,0.029,-1.23],"to":[1.5906,2.184,0.728],"rotation":{"angle":-22.5,"axis":"y","origin":[1.6043,1.6065,1.074]},"faces":{"north":{"uv":[0,0,0,0.5],"texture":"#main"},"east":{"uv":[1,8.75,1.5,9.25],"texture":"#main"},"south":{"uv":[0,0,0,0.5],"texture":"#main"},"west":{"uv":[1.5,8.75,2,9.25],"texture":"#main"},"up":{"uv":[0,0.5,0,0],"texture":"#main"},"down":{"uv":[0,0,0,0.5],"texture":"#main"}}},{"from":[1.4156,0.029,1.445],"to":[1.4156,2.184,3.403],"rotation":{"angle":0,"axis":"y","origin":[1.4293,1.6065,3.749]},"faces":{"north":{"uv":[0,0,0,0.5],"texture":"#main"},"east":{"uv":[8.5,8,9,8.5],"texture":"#main"},"south":{"uv":[0,0,0,0.5],"texture":"#main"},"west":{"uv":[8.5,8.5,9,9],"texture":"#main"},"up":{"uv":[0,0.5,0,0],"texture":"#main"},"down":{"uv":[0,0,0,0.5],"texture":"#main"}}},{"from":[0.168,3.03486,-0.065],"to":[2.332,6.28286,2.515],"rotation":{"angle":0,"axis":"y","origin":[1.25,3.15886,2.875]},"faces":{"north":{"uv":[8,8,8.5,8.75],"texture":"#main"},"east":{"uv":[5.5,8,6.125,8.75],"texture":"#main"},"south":{"uv":[0,8.25,0.5,9],"texture":"#main"},"west":{"uv":[6.25,8,6.875,8.75],"texture":"#main"},"up":{"uv":[9,1.625,8.5,1],"texture":"#main"},"down":{"uv":[9,1.75,8.5,2.375],"texture":"#main"}}}],"display":{"head":{"translation":[8.25,-35.25,7]}},"groups":[{"name":"unfezant","origin":[0,-0.03891,0.31769],"color":0,"children":[{"name":"body","origin":[0,7.33006,0.98504],"color":0,"children":[0,1,{"name":"wing_l","origin":[-2.8674,8.912,-3.84],"color":0,"children":[2]},{"name":"wing_r","origin":[2.8674,8.912,-3.89],"color":0,"children":[3]},{"name":"tail","origin":[0,10.22602,3.95602],"color":0,"children":[4]},{"name":"head","origin":[0,10.19697,-3.46178],"color":0,"children":[5,6,7]}]},{"name":"leg_l","origin":[-1.38646,6.15792,-0.91444],"color":0,"children":[8,9,10,11,12,13,14]},{"name":"leg_r","origin":[1.38646,6.15792,-1.16444],"color":0,"children":[15,16,17,18,19,20,21]}]}]}