{"parent":"physical_parent","textures":{"main":"pokemon/wooper"},"elements":[{"rotation":{"origin":[14,3,13],"angle":0,"axis":"y"},"from":[9,-1,7],"to":[11,4,9],"faces":{"east":{"uv":[8.5,3.75,9,5],"texture":"#main"},"south":{"uv":[10,3.75,10.5,5],"texture":"#main"},"north":{"uv":[9,3.75,9.5,5],"texture":"#main"},"west":{"uv":[9.5,3.75,10,5],"texture":"#main"},"up":{"uv":[9.5,3.75,9,3.25],"texture":"#main"},"down":{"uv":[10,3.25,9.5,3.75],"texture":"#main"}}},{"rotation":{"origin":[10,3,13],"angle":0,"axis":"y"},"from":[5,-1,7],"to":[7,4,9],"faces":{"east":{"uv":[0,6,0.5,7.25],"texture":"#main"},"south":{"uv":[1.5,6,2,7.25],"texture":"#main"},"north":{"uv":[0.5,6,1,7.25],"texture":"#main"},"west":{"uv":[1,6,1.5,7.25],"texture":"#main"},"up":{"uv":[1,6,0.5,5.5],"texture":"#main"},"down":{"uv":[1.5,5.5,1,6],"texture":"#main"}}},{"rotation":{"origin":[14,12,13],"angle":0,"axis":"y"},"from":[5,4,5],"to":[11,13,11],"faces":{"east":{"uv":[5.5,7,7,9.25],"texture":"#main"},"south":{"uv":[10,7,11.5,9.25],"texture":"#main"},"north":{"uv":[7,7,8.5,9.25],"texture":"#main"},"west":{"uv":[8.5,7,10,9.25],"texture":"#main"},"up":{"uv":[8.5,7,7,5.5],"texture":"#main"},"down":{"uv":[10,5.5,8.5,7],"texture":"#main"}}},{"rotation":{"origin":[14,12,19],"angle":0,"axis":"y"},"from":[8,4,11],"to":[8,13,21],"faces":{"east":{"uv":[0,8,2.5,10.25],"texture":"#main"},"south":{"uv":[5.25,8,5.5,10.25],"texture":"#main"},"north":{"uv":[2.5,8,2.75,10.25],"texture":"#main"},"west":{"uv":[2.75,8,5.25,10.25],"texture":"#main"},"up":{"uv":[2.75,8,2.5,5.5],"texture":"#main"},"down":{"uv":[3,5.5,2.75,8],"texture":"#main"}}},{"rotation":{"origin":[-1,23,2],"angle":0,"axis":"y"},"from":[-9,13,7.5],"to":[1,25,7.5],"faces":{"south":{"uv":[8.75,0.25,11.25,3.25],"texture":"#main","rotation":180},"north":{"uv":[8.75,0.25,11.25,3.25],"texture":"#main"}}},{"rotation":{"origin":[17,23,2],"angle":0,"axis":"y"},"from":[15,13,7.5],"to":[25,25,7.5],"faces":{"south":{"uv":[11.25,0.25,8.75,3.25],"texture":"#main","rotation":180},"north":{"uv":[11.25,0.25,8.75,3.25],"texture":"#main"}}},{"rotation":{"origin":[14,23,13],"angle":0,"axis":"y"},"from":[2,15,5],"to":[14,23,10],"faces":{"east":{"uv":[0,1.25,1.25,3.25],"texture":"#main"},"south":{"uv":[5.5,1.25,8.5,3.25],"texture":"#main"},"north":{"uv":[1.25,1.25,4.25,3.25],"texture":"#main"},"west":{"uv":[4.25,1.25,5.5,3.25],"texture":"#main"},"up":{"uv":[4.25,1.25,1.25,0],"texture":"#main"},"down":{"uv":[7.25,0,4.25,1.25],"texture":"#main"}}},{"rotation":{"origin":[14,23,13],"angle":0,"axis":"y"},"from":[1,16,6],"to":[15,22,9],"faces":{"east":{"uv":[0,4,0.75,5.5],"texture":"#main"},"south":{"uv":[5,4,8.5,5.5],"texture":"#main"},"north":{"uv":[0.75,4,4.25,5.5],"texture":"#main"},"west":{"uv":[4.25,4,5,5.5],"texture":"#main"},"up":{"uv":[4.25,4,0.75,3.25],"texture":"#main"},"down":{"uv":[7.75,3.25,4.25,4],"texture":"#main"}}},{"rotation":{"origin":[14,12,13],"angle":0,"axis":"y"},"from":[6,12,6],"to":[10,15,9],"faces":{"east":{"uv":[3,6.25,3.75,7],"texture":"#main"},"south":{"uv":[5.5,6.25,6.5,7],"texture":"#main"},"north":{"uv":[3.75,6.25,4.75,7],"texture":"#main"},"west":{"uv":[4.75,6.25,5.5,7],"texture":"#main"},"up":{"uv":[4.75,6.25,3.75,5.5],"texture":"#main"},"down":{"uv":[5.75,5.5,4.75,6.25],"texture":"#main"}}}],"display":{"head":{"translation":[0,-34,0]}},"credit":"Made with Blockbench"}