{
	"credit": "Made with Blockbench",
	"textures": {
		"0": "cosmetics/wild_crate"
	},
	"elements": [
		{
			"from": [1, 0, 1],
			"to": [15, 14, 15],
			"faces": {
				"north": {"uv": [1.75, 1.75, 3.5, 3.5], "texture": "#0"},
				"east": {"uv": [0, 1.75, 1.75, 3.5], "texture": "#0"},
				"south": {"uv": [5.25, 1.75, 7, 3.5], "texture": "#0"},
				"west": {"uv": [3.5, 1.75, 5.25, 3.5], "texture": "#0"},
				"up": {"uv": [3.5, 1.75, 1.75, 0], "texture": "#0"},
				"down": {"uv": [5.25, 0, 3.5, 1.75], "texture": "#0"}
			}
		},
		{
			"from": [6, 3, -1],
			"to": [10, 4, 1],
			"faces": {
				"north": {"uv": [6.75, 7, 7.25, 7.125], "texture": "#0"},
				"east": {"uv": [6.5, 7, 6.75, 7.125], "texture": "#0"},
				"south": {"uv": [7.5, 7, 8, 7.125], "texture": "#0"},
				"west": {"uv": [7.25, 7, 7.5, 7.125], "texture": "#0"},
				"up": {"uv": [7.25, 7, 6.75, 6.75], "texture": "#0"},
				"down": {"uv": [7.75, 6.75, 7.25, 7], "texture": "#0"}
			}
		},
		{
			"from": [6, 9, -1],
			"to": [10, 10, 1],
			"faces": {
				"north": {"uv": [8.75, 6.125, 9.25, 6.25], "texture": "#0"},
				"east": {"uv": [8.5, 6.125, 8.75, 6.25], "texture": "#0"},
				"south": {"uv": [9.5, 6.125, 10, 6.25], "texture": "#0"},
				"west": {"uv": [9.25, 6.125, 9.5, 6.25], "texture": "#0"},
				"up": {"uv": [9.25, 6.125, 8.75, 5.875], "texture": "#0"},
				"down": {"uv": [9.75, 5.875, 9.25, 6.125], "texture": "#0"}
			}
		},
		{
			"from": [5, 4, -1],
			"to": [11, 9, 1],
			"faces": {
				"north": {"uv": [6.75, 6.125, 7.5, 6.75], "texture": "#0"},
				"east": {"uv": [6.5, 6.125, 6.75, 6.75], "texture": "#0"},
				"south": {"uv": [7.75, 6.125, 8.5, 6.75], "texture": "#0"},
				"west": {"uv": [7.5, 6.125, 7.75, 6.75], "texture": "#0"},
				"up": {"uv": [7.5, 6.125, 6.75, 5.875], "texture": "#0"},
				"down": {"uv": [8.25, 5.875, 7.5, 6.125], "texture": "#0"}
			}
		},
		{
			"from": [0, 5.01, 0.1],
			"to": [16, 8.01, 16.1],
			"faces": {
				"north": {"uv": [9, 2, 11, 2.375], "texture": "#0"},
				"east": {"uv": [7, 2, 9, 2.375], "texture": "#0"},
				"south": {"uv": [13, 2, 15, 2.375], "texture": "#0"},
				"west": {"uv": [11, 2, 13, 2.375], "texture": "#0"},
				"up": {"uv": [11, 2, 9, 0], "texture": "#0"},
				"down": {"uv": [13, 0, 11, 2], "texture": "#0"}
			}
		},
		{
			"from": [0, 11, 0],
			"to": [16, 14, 16],
			"faces": {
				"north": {"uv": [2, 5.5, 4, 5.875], "texture": "#0"},
				"east": {"uv": [0, 5.5, 2, 5.875], "texture": "#0"},
				"south": {"uv": [6, 5.5, 8, 5.875], "texture": "#0"},
				"west": {"uv": [4, 5.5, 6, 5.875], "texture": "#0"},
				"up": {"uv": [4, 5.5, 2, 3.5], "texture": "#0"},
				"down": {"uv": [6, 3.5, 4, 5.5], "texture": "#0"}
			}
		},
		{
			"from": [0, 14, 1],
			"to": [16, 15, 15],
			"faces": {
				"north": {"uv": [9.75, 5.25, 11.75, 5.375], "texture": "#0"},
				"east": {"uv": [8, 5.25, 9.75, 5.375], "texture": "#0"},
				"south": {"uv": [13.5, 5.25, 15.5, 5.375], "texture": "#0"},
				"west": {"uv": [11.75, 5.25, 13.5, 5.375], "texture": "#0"},
				"up": {"uv": [11.75, 5.25, 9.75, 3.5], "texture": "#0"},
				"down": {"uv": [13.75, 3.5, 11.75, 5.25], "texture": "#0"}
			}
		},
		{
			"from": [0, 15, 3],
			"to": [16, 16, 13],
			"faces": {
				"north": {"uv": [1.25, 7.125, 3.25, 7.25], "texture": "#0"},
				"east": {"uv": [0, 7.125, 1.25, 7.25], "texture": "#0"},
				"south": {"uv": [4.5, 7.125, 6.5, 7.25], "texture": "#0"},
				"west": {"uv": [3.25, 7.125, 4.5, 7.25], "texture": "#0"},
				"up": {"uv": [3.25, 7.125, 1.25, 5.875], "texture": "#0"},
				"down": {"uv": [5.25, 5.875, 3.25, 7.125], "texture": "#0"}
			}
		}
	],
	"display": {
		"thirdperson_righthand": {
			"rotation": [55, 0, 0],
			"translation": [0, 0.0006, 0.6956],
			"scale": [0.35, 0.35, 0.35]
		},
		"thirdperson_lefthand": {
			"rotation": [55, 0, 0],
			"translation": [0, 0.0006, 0.6956],
			"scale": [0.35, 0.35, 0.35]
		},
		"firstperson_righthand": {
			"rotation": [20, 117, 0],
			"translation": [-0.695, 2.7826, -2.086],
			"scale": [0.5, 0.5, 0.5]
		},
		"firstperson_lefthand": {
			"rotation": [20, 117, 0],
			"translation": [-0.695, 2.7826, -2.086],
			"scale": [0.5, 0.5, 0.5]
		},
		"gui": {
			"rotation": [23, -147, 0],
			"scale": [0.6, 0.6, 0.6]
		},
		"head": {
			"translation": [0, -29, 0],
			"scale": [1.8, 1.8, 1.8]
		}
	}
}