{"credit":"Made with Blockbench","elements":[{"from":[0,0,15.9375],"to":[16,16,16],"faces":{"north":{"uv":[1.5,6.25,14.375,9.875],"texture":"#texture"},"east":{"uv":[0,0,0,0],"texture":"#texture"},"south":{"uv":[1.5,6.25,14.375,9.875],"texture":"#texture"},"west":{"uv":[0,0,0,0],"texture":"#texture"},"up":{"uv":[0,0,0,0],"texture":"#texture"},"down":{"uv":[0,0,0,0],"texture":"#texture"}}}],"gui_light":"front","display":{"firstperson_lefthand":{"scale":[0.0001,0.0001,0.0001]},"gui":{"scale":[3.5,1,1]}}}