{"credit":"Made with Blockbench","elements":[{"from":[0,0,0],"to":[16,16,0.001],"faces":{"north":{"uv":[0,0,16,16],"texture":"#texture"},"south":{"uv":[0,0,16,16],"texture":"#texture"}}}],"gui_light":"front","display":{"thirdperson_righthand":{"scale":[0.0001,0.0001,0.0001]},"thirdperson_lefthand":{"scale":[0.0001,0.0001,0.0001]},"firstperson_righthand":{"scale":[0.0001,0.0001,0.0001]},"firstperson_lefthand":{"scale":[0.0001,0.0001,0.0001]},"gui":{"translation":[0,0,80],"scale":[0.8,0.8,0.8]},"fixed":{"scale":[0.0001,0.0001,0.0001]}}}